mNGS_sample_name,MAG_ID,nPID,nTID,nSID,Study_Group,Cycle,Visit,CollectDate,Source,tool,size,contigs,N50,SCG_completeness,domain,phylum,class,order,family,genus,species,MAG_derep,MAG_derep_num
3279_10,3279_10_S41_concoct_122,D01,D6,D01_D6,Donor,NA,6,NA,stool,concoct,2259014,34,268320,100,Bacteria,Actinomycetota,Actinomycetes,Actinomycetales,Bifidobacteriaceae,Bifidobacterium,Bifidobacterium adolescentis,Bifidobacterium adolescentis_1,121
3279_10,3279_10_S41_concoct_20,D01,D6,D01_D6,Donor,NA,6,NA,stool,concoct,1925804,18,197488,100,Bacteria,Bacillota,Negativicutes,Veillonellales,Dialisteraceae,Dialister,Dialister invisus,Dialister invisus_1,71
3279_10,3279_10_S41_concoct_3,D01,D6,D01_D6,Donor,NA,6,NA,stool,concoct,3434383,49,124601,100,Bacteria,Bacteroidota,Bacteroidia,Bacteroidales,Muribaculaceae,Duncaniella,Duncaniella sp900549445,Duncaniella sp900549445_1,70
3279_10,3279_10_S41_concoct_70,D01,D6,D01_D6,Donor,NA,6,NA,stool,concoct,4620572,95,87043,100,Bacteria,Bacteroidota,Bacteroidia,Bacteroidales,Tannerellaceae,Parabacteroides,Parabacteroides distasonis,Parabacteroides distasonis_1,1
3279_10,3279_10_S41_concoct_48,D01,D6,D01_D6,Donor,NA,6,NA,stool,concoct,2675964,119,37109,100,Bacteria,Pseudomonadota,Gammaproteobacteria,Burkholderiales,Burkholderiaceae,Sutterella,Sutterella wadsworthensis_A,Sutterella wadsworthensis_A_1,10
3279_10,3279_10_S41_metabat2_79,D01,D6,D01_D6,Donor,NA,6,NA,stool,metabat2,3138502,37,132277,98,Bacteria,Bacteroidota,Bacteroidia,Bacteroidales,Barnesiellaceae,Barnesiella,Barnesiella intestinihominis,Barnesiella intestinihominis_1,9
3279_10,3279_10_S41_concoct_125,D01,D6,D01_D6,Donor,NA,6,NA,stool,concoct,1867407,347,7195,98,Bacteria,Actinomycetota,Coriobacteriia,Coriobacteriales,Eggerthellaceae,Anaerotardibacter,Anaerotardibacter sp000436075,Anaerotardibacter sp000436075_1,50
3279_10,3279_10_S41_metabat2_96,D01,D6,D01_D6,Donor,NA,6,NA,stool,metabat2,2029988,57,51475,100,Bacteria,Actinomycetota,Coriobacteriia,Coriobacteriales,Coriobacteriaceae,Collinsella,Collinsella sp.,Collinsella sp._1,31
3279_10,3279_10_S41_metabat2_2,D01,D6,D01_D6,Donor,NA,6,NA,stool,metabat2,2225360,180,17353,100,Bacteria,Bacillota,Clostridia,Christensenellales,QALW01,UMGS1322,UMGS1322 sp900550765,UMGS1322 sp900550765_1,163
3279_10,3279_10_S41_concoct_0,D01,D6,D01_D6,Donor,NA,6,NA,stool,concoct,1862866,618,3625,96,Bacteria,Bacillota,Clostridia,Lachnospirales,Anaerotignaceae,Anaerotignum_A,Anaerotignum_A faecicola,Anaerotignum_A faecicola_1,97
3279_10,3279_10_S41_concoct_74,D01,D6,D01_D6,Donor,NA,6,NA,stool,concoct,2694900,20,223833,98,Bacteria,Bacillota,Clostridia,Lachnospirales,Lachnospiraceae,Wujia,Wujia hominis,Wujia hominis_1,43
3279_10,3279_10_S41_metabat2_75,D01,D6,D01_D6,Donor,NA,6,NA,stool,metabat2,2634049,135,33398,98,Bacteria,Bacillota,Clostridia,Lachnospirales,Lachnospiraceae,Gallintestinimicrobium,Gallintestinimicrobium propionicum,Gallintestinimicrobium propionicum_1,39
3279_10,3279_10_S41_concoct_79,D01,D6,D01_D6,Donor,NA,6,NA,stool,concoct,3010574,118,41573,100,Bacteria,Bacillota,Clostridia,Christensenellales,Aristaeellaceae,UBA11524,UBA11524 sp000437595,UBA11524 sp000437595_1,30
3279_10,3279_10_S41_metabat2_15,D01,D6,D01_D6,Donor,NA,6,NA,stool,metabat2,2502707,214,18671,96,Bacteria,Bacillota,Clostridia,Oscillospirales,Ruminococcaceae,Gemmiger,Gemmiger qucibialis,Gemmiger qucibialis_1,12
3279_10,3279_10_S41_concoct_108,D01,D6,D01_D6,Donor,NA,6,NA,stool,concoct,3084019,193,32126,100,Bacteria,Bacillota,Clostridia,Lachnospirales,Lachnospiraceae,Anaerostipes,Anaerostipes hadrus,Anaerostipes hadrus_1,15
3279_10,3279_10_S41_concoct_47,D01,D6,D01_D6,Donor,NA,6,NA,stool,concoct,2712264,47,116755,100,Bacteria,Bacillota,Clostridia,UBA1381,UBA1381,Hominilimicola,Hominilimicola fabiformis,Hominilimicola fabiformis_1,24
3279_10,3279_10_S41_metabat2_44,D01,D6,D01_D6,Donor,NA,6,NA,stool,metabat2,2058969,525,4648,92,Bacteria,Actinomycetota,Coriobacteriia,Coriobacteriales,Eggerthellaceae,Adlercreutzia,Adlercreutzia rubneri,Adlercreutzia rubneri_1,67
3279_10,3279_10_S41_concoct_17,D01,D6,D01_D6,Donor,NA,6,NA,stool,concoct,2413299,28,119415,94,Bacteria,Bacillota,Clostridia,Oscillospirales,Ruminococcaceae,Ruminococcus_C,Ruminococcus_C sp000980705,Ruminococcus_C sp000980705_1,52
3279_10,3279_10_S41_metabat2_60,D01,D6,D01_D6,Donor,NA,6,NA,stool,metabat2,2618273,85,45890,94,Bacteria,Bacillota,Clostridia,Oscillospirales,Ruminococcaceae,Hominimerdicola,Hominimerdicola aceti,Hominimerdicola aceti_1,22
3279_10,3279_10_S41_metabat2_52,D01,D6,D01_D6,Donor,NA,6,NA,stool,metabat2,2480399,105,44830,94,Bacteria,Bacillota,Clostridia,Lachnospirales,Lachnospiraceae,Eubacterium_F,Eubacterium_F sp003491505,Eubacterium_F sp003491505_1,25
3279_10,3279_10_S41_concoct_135,D01,D6,D01_D6,Donor,NA,6,NA,stool,concoct,1783682,356,6648,94,Bacteria,Bacillota,Clostridia,Oscillospirales,Ruminococcaceae,Angelakisella,Angelakisella sp900547385,Angelakisella sp900547385_1,90
3279_10,3279_10_S41_metabat2_58,D01,D6,D01_D6,Donor,NA,6,NA,stool,metabat2,2024183,17,266719,96,Bacteria,Bacillota,Clostridia,Oscillospirales,Acutalibacteraceae,CAG-217,CAG-217 sp000436335,CAG-217 sp000436335_1,46
3279_10,3279_10_S41_concoct_123,D01,D6,D01_D6,Donor,NA,6,NA,stool,concoct,2278022,27,195478,96,Bacteria,Bacillota,Clostridia,Oscillospirales,Acutalibacteraceae,Ruminococcoides,Ruminococcoides intestinale,Ruminococcoides intestinale_1,8
3279_10,3279_10_S41_metabat2_20,D01,D6,D01_D6,Donor,NA,6,NA,stool,metabat2,2185018,49,81664,96,Bacteria,Bacillota,Clostridia,Lachnospirales,Lachnospiraceae,Eubacterium_F,Eubacterium_F sp000433735,Eubacterium_F sp000433735_1,108
3279_10,3279_10_S41_concoct_80,D01,D6,D01_D6,Donor,NA,6,NA,stool,concoct,2979366,45,90942,100,Bacteria,Bacillota,Clostridia,Lachnospirales,Lachnospiraceae,Fusicatenibacter,Fusicatenibacter saccharivorans,Fusicatenibacter saccharivorans_1,33
3279_10,3279_10_S41_concoct_49,D01,D6,D01_D6,Donor,NA,6,NA,stool,concoct,2240655,44,98958,94,Bacteria,Bacillota,Clostridia,Oscillospirales,Acutalibacteraceae,Pseudoruminococcus,Pseudoruminococcus massiliensis,Pseudoruminococcus massiliensis_1,86
3279_10,3279_10_S41_metabat2_86,D01,D6,D01_D6,Donor,NA,6,NA,stool,metabat2,3829458,93,65467,88,Bacteria,Bacteroidota,Bacteroidia,Bacteroidales,Bacteroidaceae,Phocaeicola,Phocaeicola dorei,Phocaeicola dorei_1,85
3279_10,3279_10_S41_metabat2_81,D01,D6,D01_D6,Donor,NA,6,NA,stool,metabat2,2346403,290,12359,92,Bacteria,Bacillota,Clostridia,Lachnospirales,Lachnospiraceae,Lachnospira,Lachnospira eligens_A,Lachnospira eligens_A_1,127
3279_10,3279_10_S41_concoct_85,D01,D6,D01_D6,Donor,NA,6,NA,stool,concoct,2713941,548,7150,94,Bacteria,Bacillota,Bacilli,Lactobacillales,Streptococcaceae,Streptococcus,Streptococcus thermophilus,NA,NA
3279_10,3279_10_S41_metabat2_103,D01,D6,D01_D6,Donor,NA,6,NA,stool,metabat2,4195756,271,32442,84,Bacteria,Bacteroidota,Bacteroidia,Bacteroidales,Tannerellaceae,Parabacteroides,Parabacteroides merdae,NA,NA
3279_10,3279_10_S41_concoct_83,D01,D6,D01_D6,Donor,NA,6,NA,stool,concoct,3742363,113,65893,100,Bacteria,Bacillota,Clostridia,Lachnospirales,Lachnospiraceae,Anthropogastromicrobium,Anthropogastromicrobium aceti,Anthropogastromicrobium aceti_1,35
3279_10,3279_10_S41_metabat2_97,D01,D6,D01_D6,Donor,NA,6,NA,stool,metabat2,2624620,69,101332,82,Bacteria,Bacillota,Clostridia,Lachnospirales,Lachnospiraceae,Roseburia_C,Roseburia_C amylophila,Roseburia_C amylophila_1,40
3279_10,3279_10_S41_metabat2_57,D01,D6,D01_D6,Donor,NA,6,NA,stool,metabat2,1116466,16,103863,78,Bacteria,Bacteroidota,Bacteroidia,Bacteroidales,Rikenellaceae,Alistipes,Alistipes putredinis,Alistipes putredinis_1,4
3279_10,3279_10_S41_metabat2_24,D01,D6,D01_D6,Donor,NA,6,NA,stool,metabat2,1779928,60,45030,78,Bacteria,Pseudomonadota,Alphaproteobacteria,RF32,CAG-239,CAZU01,CAZU01 sp000432275,CAZU01 sp000432275_1,172
3279_10,3279_10_S41_concoct_40,D01,D6,D01_D6,Donor,NA,6,NA,stool,concoct,3022979,671,5339,78,Bacteria,Bacteroidota,Bacteroidia,Bacteroidales,Marinifilaceae,Odoribacter,Odoribacter splanchnicus,Odoribacter splanchnicus_1,21
3279_10,3279_10_S41_metabat2_92,D01,D6,D01_D6,Donor,NA,6,NA,stool,metabat2,1707089,80,42570,80,Bacteria,Bacillota,Clostridia,Lachnospirales,Lachnospiraceae,Blautia_A,Blautia_A wexlerae,Blautia_A wexlerae_1,51
3279_10,3279_10_S41_metabat2_64,D01,D6,D01_D6,Donor,NA,6,NA,stool,metabat2,2468792,50,85053,82,Bacteria,Bacillota,Clostridia,Lachnospirales,Lachnospiraceae,Lachnospira,Lachnospira hominis,Lachnospira hominis_1,167
3279_10,3279_10_S41_concoct_38,D01,D6,D01_D6,Donor,NA,6,NA,stool,concoct,3151393,59,75185,98,Bacteria,Bacillota,Clostridia,Lachnospirales,Lachnospiraceae,Butyribacter,Butyribacter sp000436755,NA,NA
3279_10,3279_10_S41_metabat2_19,D01,D6,D01_D6,Donor,NA,6,NA,stool,metabat2,1349988,227,7081,84,Bacteria,Bacillota,Clostridia,TANB77,CAG-508,CAG-269,CAG-269 sp905213875,CAG-269 sp905213875_1,628
3279_10,3279_10_S41_concoct_71,D01,D6,D01_D6,Donor,NA,6,NA,stool,concoct,6806261,399,27098,86,Unclassified Bacteria,NA,NA,NA,NA,NA,Unclassified Bacteria sp.,NA,NA
3279_10,3279_10_S41_concoct_42,D01,D6,D01_D6,Donor,NA,6,NA,stool,concoct,1848646,946,2068,71,Bacteria,Verrucomicrobiota,Verrucomicrobiia,Verrucomicrobiales,Akkermansiaceae,Akkermansia,Akkermansia muciniphila,Akkermansia muciniphila_1,6
3279_10,3279_10_S41_metabat2_54,D01,D6,D01_D6,Donor,NA,6,NA,stool,metabat2,1632707,55,45502,84,Bacteria,Bacillota,Clostridia,Lachnospirales,Lachnospiraceae,Hominisplanchenecus,Hominisplanchenecus faecis,Hominisplanchenecus faecis_1,32
3279_10,3279_10_S41_concoct_68,D01,D6,D01_D6,Donor,NA,6,NA,stool,concoct,1700300,392,4490,75,Bacteria,Pseudomonadota,Alphaproteobacteria,RF32,CAG-239,CAZU01,CAZU01 sp000432275,NA,NA
3279_10,3279_10_S41_metabat2_120,D01,D6,D01_D6,Donor,NA,6,NA,stool,metabat2,1810539,246,8972,67,Bacteria,Bacillota,Clostridia,Lachnospirales,Lachnospiraceae,Agathobacter,Agathobacter rectalis,Agathobacter rectalis_1,47
3279_10,3279_10_S41_concoct_109,D01,D6,D01_D6,Donor,NA,6,NA,stool,concoct,7833722,763,13906,69,Bacteria,Bacillota,Clostridia,Oscillospirales,Oscillospiraceae,Oscillibacter,Oscillibacter segnis,NA,NA
3279_10,3279_10_S41_concoct_37,D01,D6,D01_D6,Donor,NA,6,NA,stool,concoct,3457240,579,7550,73,Bacteria,Bacillota,Bacilli,Erysipelotrichales,Coprobacillaceae,Faecalibacillus,Faecalibacillus faecis,NA,NA
3279_10,3279_10_S41_metabat2_26,D01,D6,D01_D6,Donor,NA,6,NA,stool,metabat2,2017558,314,8129,61,Bacteria,Bacillota,Clostridia,Oscillospirales,Oscillospiraceae,Limivicinus,Limivicinus sp003150355,Limivicinus sp003150355_1,94
3279_10,3279_10_S41_concoct_145,D01,D6,D01_D6,Donor,NA,6,NA,stool,concoct,1599133,492,4128,61,Bacteria,Bacillota,Clostridia,Lachnospirales,Lachnospiraceae,Eubacterium_G,Eubacterium_G ventriosum,Eubacterium_G ventriosum_1,81
3279_10,3279_10_S41_concoct_103,D01,D6,D01_D6,Donor,NA,6,NA,stool,concoct,785916,354,2485,59,Bacteria,Bacillota,Bacilli,RF39,UBA660,CAG-302,CAG-302 sp000431795,CAG-302 sp000431795_1,153
3279_10,3279_10_S41_concoct_111,D01,D6,D01_D6,Donor,NA,6,NA,stool,concoct,1540438,410,4399,55,Bacteria,Bacillota,Clostridia,Oscillospirales,Oscillospiraceae,Vescimonas,Vescimonas coprocola,Vescimonas coprocola_1,7
3279_10,3279_10_S41_metabat2_47,D01,D6,D01_D6,Donor,NA,6,NA,stool,metabat2,2553781,227,15709,53,Bacteria,Bacteroidota,Bacteroidia,Bacteroidales,Rikenellaceae,Alistipes,Alistipes shahii,Alistipes shahii_1,123
3279_10,3279_10_S41_metabat2_115,D01,D6,D01_D6,Donor,NA,6,NA,stool,metabat2,1408919,409,3681,59,Bacteria,Bacillota,Clostridia,Oscillospirales,Oscillospiraceae,Onthomonas,Onthomonas sp900545815,Onthomonas sp900545815_1,137
3279_10,3279_10_S41_concoct_104,D01,D6,D01_D6,Donor,NA,6,NA,stool,concoct,2226965,259,14364,69,Bacteria,Bacillota,Clostridia,Oscillospirales,Butyricicoccaceae,Agathobaculum,Agathobaculum hominis,NA,NA
3279_11,3279_11_S42_concoct_135,D01,D8,D01_D8,Donor,NA,8,NA,stool,concoct,2168350,30,144268,100,Bacteria,Actinomycetota,Actinomycetes,Actinomycetales,Bifidobacteriaceae,Bifidobacterium,Bifidobacterium adolescentis,Bifidobacterium adolescentis_1,121
3279_11,3279_11_S42_concoct_91,D01,D8,D01_D8,Donor,NA,8,NA,stool,concoct,2662012,118,43497,100,Bacteria,Pseudomonadota,Gammaproteobacteria,Burkholderiales,Burkholderiaceae,Sutterella,Sutterella wadsworthensis_A,Sutterella wadsworthensis_A_1,10
3279_11,3279_11_S42_concoct_71,D01,D8,D01_D8,Donor,NA,8,NA,stool,concoct,1914202,106,32777,100,Bacteria,Actinomycetota,Coriobacteriia,Coriobacteriales,Eggerthellaceae,Anaerotardibacter,Anaerotardibacter sp000436075,Anaerotardibacter sp000436075_1,50
3279_11,3279_11_S42_concoct_104,D01,D8,D01_D8,Donor,NA,8,NA,stool,concoct,2033970,141,25755,100,Bacteria,Cyanobacteriota,Vampirovibrionia,Gastranaerophilales,Gastranaerophilaceae,Stercorousia,Stercorousia sp001917115,Stercorousia sp001917115_1,262
3279_11,3279_11_S42_metabat2_18,D01,D8,D01_D8,Donor,NA,8,NA,stool,metabat2,2621152,210,19154,100,Bacteria,Bacteroidota,Bacteroidia,Bacteroidales,Rikenellaceae,Alistipes,Alistipes shahii,NA,NA
3279_11,3279_11_S42_concoct_73,D01,D8,D01_D8,Donor,NA,8,NA,stool,concoct,3255893,182,92725,100,Unclassified Bacteria,NA,NA,NA,NA,NA,Unclassified Bacteria sp.,NA,NA
3279_11,3279_11_S42_metabat2_1,D01,D8,D01_D8,Donor,NA,8,NA,stool,metabat2,1831376,19,196505,98,Bacteria,Bacillota,Negativicutes,Veillonellales,Dialisteraceae,Dialister,Dialister invisus,Dialister invisus_1,71
3279_11,3279_11_S42_concoct_94,D01,D8,D01_D8,Donor,NA,8,NA,stool,concoct,3188359,47,120191,98,Bacteria,Bacteroidota,Bacteroidia,Bacteroidales,Barnesiellaceae,Barnesiella,Barnesiella intestinihominis,Barnesiella intestinihominis_1,9
3279_11,3279_11_S42_concoct_112,D01,D8,D01_D8,Donor,NA,8,NA,stool,concoct,2996143,46,92994,98,Bacteria,Bacteroidota,Bacteroidia,Bacteroidales,Muribaculaceae,Duncaniella,Duncaniella sp900549445,Duncaniella sp900549445_1,70
3279_11,3279_11_S42_concoct_103,D01,D8,D01_D8,Donor,NA,8,NA,stool,concoct,4591990,136,55522,98,Bacteria,Bacteroidota,Bacteroidia,Bacteroidales,Tannerellaceae,Parabacteroides,Parabacteroides distasonis,Parabacteroides distasonis_1,1
3279_11,3279_11_S42_concoct_148,D01,D8,D01_D8,Donor,NA,8,NA,stool,concoct,2437600,38,158899,100,Bacteria,Bacillota,Clostridia,Christensenellales,QALW01,UMGS1322,UMGS1322 sp900550765,UMGS1322 sp900550765_1,163
3279_11,3279_11_S42_concoct_50,D01,D8,D01_D8,Donor,NA,8,NA,stool,concoct,2236150,57,69335,100,Bacteria,Actinomycetota,Coriobacteriia,Coriobacteriales,Coriobacteriaceae,Collinsella,Collinsella sp.,Collinsella sp._1,31
3279_11,3279_11_S42_concoct_11,D01,D8,D01_D8,Donor,NA,8,NA,stool,concoct,6753393,216,58249,100,Unclassified Bacteria,NA,NA,NA,NA,NA,Unclassified Bacteria sp.,NA,NA
3279_11,3279_11_S42_metabat2_5,D01,D8,D01_D8,Donor,NA,8,NA,stool,metabat2,1762429,49,51727,96,Bacteria,Pseudomonadota,Alphaproteobacteria,RF32,CAG-239,CAZU01,CAZU01 sp000432275,CAZU01 sp000432275_1,172
3279_11,3279_11_S42_concoct_84,D01,D8,D01_D8,Donor,NA,8,NA,stool,concoct,4080783,213,30638,96,Bacteria,Bacteroidota,Bacteroidia,Bacteroidales,Tannerellaceae,Parabacteroides,Parabacteroides merdae,Parabacteroides merdae_1,28
3279_11,3279_11_S42_concoct_46,D01,D8,D01_D8,Donor,NA,8,NA,stool,concoct,2730782,20,224405,98,Bacteria,Bacillota,Clostridia,Lachnospirales,Lachnospiraceae,Wujia,Wujia hominis,Wujia hominis_1,43
3279_11,3279_11_S42_concoct_45,D01,D8,D01_D8,Donor,NA,8,NA,stool,concoct,2980515,85,64567,100,Bacteria,Bacillota,Clostridia,Christensenellales,Aristaeellaceae,UBA11524,UBA11524 sp000437595,UBA11524 sp000437595_1,30
3279_11,3279_11_S42_metabat2_16,D01,D8,D01_D8,Donor,NA,8,NA,stool,metabat2,2736605,42,101758,94,Bacteria,Verrucomicrobiota,Verrucomicrobiia,Verrucomicrobiales,Akkermansiaceae,Akkermansia,Akkermansia muciniphila,Akkermansia muciniphila_1,6
3279_11,3279_11_S42_metabat2_69,D01,D8,D01_D8,Donor,NA,8,NA,stool,metabat2,2468416,88,47568,96,Bacteria,Bacillota,Clostridia,Lachnospirales,Lachnospiraceae,Eubacterium_F,Eubacterium_F sp003491505,Eubacterium_F sp003491505_1,25
3279_11,3279_11_S42_concoct_0,D01,D8,D01_D8,Donor,NA,8,NA,stool,concoct,2420716,224,16476,96,Bacteria,Bacillota,Clostridia,Oscillospirales,Ruminococcaceae,Gemmiger,Gemmiger qucibialis,Gemmiger qucibialis_1,12
3279_11,3279_11_S42_concoct_63,D01,D8,D01_D8,Donor,NA,8,NA,stool,concoct,2702559,106,65579,98,Bacteria,Bacillota,Clostridia,Oscillospirales,Acutalibacteraceae,Pseudoruminococcus,Pseudoruminococcus massiliensis,Pseudoruminococcus massiliensis_1,86
3279_11,3279_11_S42_concoct_10,D01,D8,D01_D8,Donor,NA,8,NA,stool,concoct,3230127,195,29827,100,Bacteria,Bacillota,Clostridia,Lachnospirales,Lachnospiraceae,Anaerostipes,Anaerostipes hadrus,Anaerostipes hadrus_1,15
3279_11,3279_11_S42_concoct_54,D01,D8,D01_D8,Donor,NA,8,NA,stool,concoct,3003286,48,91074,100,Bacteria,Bacillota,Clostridia,Lachnospirales,Lachnospiraceae,Fusicatenibacter,Fusicatenibacter saccharivorans,Fusicatenibacter saccharivorans_1,33
3279_11,3279_11_S42_concoct_23,D01,D8,D01_D8,Donor,NA,8,NA,stool,concoct,2741195,50,82401,100,Bacteria,Bacillota,Clostridia,UBA1381,UBA1381,Hominilimicola,Hominilimicola fabiformis,Hominilimicola fabiformis_1,24
3279_11,3279_11_S42_concoct_40,D01,D8,D01_D8,Donor,NA,8,NA,stool,concoct,4241120,240,31851,92,Bacteria,Bacteroidota,Bacteroidia,Bacteroidales,Bacteroidaceae,Bacteroides,Bacteroides uniformis,Bacteroides uniformis_1,37
3279_11,3279_11_S42_concoct_62,D01,D8,D01_D8,Donor,NA,8,NA,stool,concoct,2473131,602,5321,92,Bacteria,Actinomycetota,Coriobacteriia,Coriobacteriales,Eggerthellaceae,Adlercreutzia,Adlercreutzia rubneri,Adlercreutzia rubneri_1,67
3279_11,3279_11_S42_concoct_111,D01,D8,D01_D8,Donor,NA,8,NA,stool,concoct,2421995,36,116616,94,Bacteria,Bacillota,Clostridia,Oscillospirales,Ruminococcaceae,Ruminococcus_C,Ruminococcus_C sp000980705,Ruminococcus_C sp000980705_1,52
3279_11,3279_11_S42_concoct_116,D01,D8,D01_D8,Donor,NA,8,NA,stool,concoct,2141044,22,195465,96,Bacteria,Bacillota,Clostridia,Oscillospirales,Acutalibacteraceae,Ruminococcoides,Ruminococcoides intestinale,Ruminococcoides intestinale_1,8
3279_11,3279_11_S42_metabat2_53,D01,D8,D01_D8,Donor,NA,8,NA,stool,metabat2,2777004,51,95860,96,Bacteria,Bacillota,Clostridia,Lachnospirales,Lachnospiraceae,Butyribacter,Butyribacter sp000436755,Butyribacter sp000436755_1,193
3279_11,3279_11_S42_metabat2_58,D01,D8,D01_D8,Donor,NA,8,NA,stool,metabat2,2179670,50,86094,96,Bacteria,Bacillota,Clostridia,Lachnospirales,Lachnospiraceae,Eubacterium_F,Eubacterium_F sp000433735,Eubacterium_F sp000433735_1,108
3279_11,3279_11_S42_concoct_79,D01,D8,D01_D8,Donor,NA,8,NA,stool,concoct,2597418,170,21896,96,Bacteria,Bacillota,Clostridia,Lachnospirales,Lachnospiraceae,Frisingicoccus,Frisingicoccus sp902471845,Frisingicoccus sp902471845_1,109
3279_11,3279_11_S42_concoct_106,D01,D8,D01_D8,Donor,NA,8,NA,stool,concoct,1773742,395,5450,90,Bacteria,Cyanobacteriota,Vampirovibrionia,Gastranaerophilales,Gastranaerophilaceae,CAG-196,CAG-196 sp002102975,CAG-196 sp002102975_1,218
3279_11,3279_11_S42_metabat2_97,D01,D8,D01_D8,Donor,NA,8,NA,stool,metabat2,2579329,83,45890,92,Bacteria,Bacillota,Clostridia,Oscillospirales,Ruminococcaceae,Hominimerdicola,Hominimerdicola aceti,Hominimerdicola aceti_1,22
3279_11,3279_11_S42_metabat2_14,D01,D8,D01_D8,Donor,NA,8,NA,stool,metabat2,1928552,117,26842,92,Bacteria,Bacillota,Clostridia,Oscillospirales,Ruminococcaceae,Angelakisella,Angelakisella sp900547385,Angelakisella sp900547385_1,90
3279_11,3279_11_S42_maxbin2_002,D01,D8,D01_D8,Donor,NA,8,NA,stool,maxbin2,2019162,85,249929,94,Bacteria,Bacillota,Clostridia,Oscillospirales,Acutalibacteraceae,CAG-217,CAG-217 sp000436335,NA,NA
3279_11,3279_11_S42_concoct_141,D01,D8,D01_D8,Donor,NA,8,NA,stool,concoct,2245949,183,20547,96,Bacteria,Bacillota,Clostridia,Lachnospirales,Lachnospiraceae,Eubacterium_G,Eubacterium_G ventriosum,Eubacterium_G ventriosum_1,81
3279_11,3279_11_S42_metabat2_128,D01,D8,D01_D8,Donor,NA,8,NA,stool,metabat2,2431786,410,7413,94,Bacteria,Bacillota,Clostridia,Christensenellales,Aristaeellaceae,Ventricola,Ventricola sp900542445,Ventricola sp900542445_1,57
3279_11,3279_11_S42_concoct_138,D01,D8,D01_D8,Donor,NA,8,NA,stool,concoct,2772724,57,83025,96,Unclassified Bacteria,NA,NA,NA,NA,NA,Unclassified Bacteria sp.,NA,NA
3279_11,3279_11_S42_metabat2_52,D01,D8,D01_D8,Donor,NA,8,NA,stool,metabat2,2326412,166,22183,88,Bacteria,Bacillota,Clostridia,Lachnospirales,Lachnospiraceae,Eubacterium_F,Eubacterium_F sp900539115,Eubacterium_F sp900539115_1,124
3279_11,3279_11_S42_metabat2_8,D01,D8,D01_D8,Donor,NA,8,NA,stool,metabat2,987589,104,12145,84,Bacteria,Bacillota,Bacilli,RF39,UBA660,CAG-302,CAG-302 sp000431795,CAG-302 sp000431795_1,153
3279_11,3279_11_S42_concoct_67,D01,D8,D01_D8,Donor,NA,8,NA,stool,concoct,1993061,255,10581,86,Bacteria,Bacillota,Clostridia,Oscillospirales,Oscillospiraceae,Onthomonas,Onthomonas sp900545815,Onthomonas sp900545815_1,137
3279_11,3279_11_S42_concoct_15,D01,D8,D01_D8,Donor,NA,8,NA,stool,concoct,2012164,340,7227,84,Bacteria,Bacillota,Clostridia,Oscillospirales,Acutalibacteraceae,Hominenteromicrobium,Hominenteromicrobium mulieris,Hominenteromicrobium mulieris_1,18
3279_11,3279_11_S42_concoct_107,D01,D8,D01_D8,Donor,NA,8,NA,stool,concoct,1684123,159,13747,76,Bacteria,Bacillota,Clostridia,Oscillospirales,Oscillospiraceae,Vescimonas,Vescimonas coprocola,Vescimonas coprocola_1,7
3279_11,3279_11_S42_metabat2_3,D01,D8,D01_D8,Donor,NA,8,NA,stool,metabat2,1384859,49,39063,78,Bacteria,Bacillota,Clostridia,Lachnospirales,Lachnospiraceae,Hominisplanchenecus,Hominisplanchenecus faecis,Hominisplanchenecus faecis_1,32
3279_11,3279_11_S42_concoct_132,D01,D8,D01_D8,Donor,NA,8,NA,stool,concoct,3589813,96,75017,100,Bacteria,Bacillota,Clostridia,Lachnospirales,Lachnospiraceae,Anthropogastromicrobium,Anthropogastromicrobium aceti,Anthropogastromicrobium aceti_1,35
3279_11,3279_11_S42_concoct_30,D01,D8,D01_D8,Donor,NA,8,NA,stool,concoct,1835051,767,2654,76,Bacteria,Bacillota,Clostridia,UBA1381,UMGS1253,Aphodoplasma,Aphodoplasma sp900550065,Aphodoplasma sp900550065_1,362
3279_11,3279_11_S42_concoct_129,D01,D8,D01_D8,Donor,NA,8,NA,stool,concoct,2378262,57,70420,71,Bacteria,Bacillota,Clostridia,Oscillospirales,Oscillospiraceae,Limivicinus,Limivicinus sp003150355,Limivicinus sp003150355_1,94
3279_11,3279_11_S42_metabat2_17,D01,D8,D01_D8,Donor,NA,8,NA,stool,metabat2,2168737,110,37526,71,Bacteria,Bacillota,Clostridia,Oscillospirales,Ruminococcaceae,Gemmiger,Gemmiger formicilis,Gemmiger formicilis_1,72
3279_11,3279_11_S42_concoct_35,D01,D8,D01_D8,Donor,NA,8,NA,stool,concoct,1620578,655,2787,73,Bacteria,Bacillota,Clostridia,Lachnospirales,Anaerotignaceae,Anaerotignum_A,Anaerotignum_A faecicola,Anaerotignum_A faecicola_1,97
3279_11,3279_11_S42_metabat2_102,D01,D8,D01_D8,Donor,NA,8,NA,stool,metabat2,1903305,156,20688,73,Bacteria,Bacillota,Clostridia,Lachnospirales,Lachnospiraceae,Dorea_A,Dorea_A longicatena,Dorea_A longicatena_1,319
3279_11,3279_11_S42_maxbin2_113,D01,D8,D01_D8,Donor,NA,8,NA,stool,maxbin2,2158068,212,10193,65,Bacteria,Bacillota,Clostridia,Lachnospirales,Lachnospiraceae,Acetatifactor,Acetatifactor sp.,NA,NA
3279_11,3279_11_S42_concoct_136,D01,D8,D01_D8,Donor,NA,8,NA,stool,concoct,2515438,695,4239,65,Bacteria,Bacteroidota,Bacteroidia,Bacteroidales,Marinifilaceae,Odoribacter,Odoribacter splanchnicus,Odoribacter splanchnicus_1,21
3279_11,3279_11_S42_metabat2_19,D01,D8,D01_D8,Donor,NA,8,NA,stool,metabat2,2690678,57,105232,63,Bacteria,Bacillota,Clostridia,Lachnospirales,Lachnospiraceae,Roseburia_C,Roseburia_C amylophila,Roseburia_C amylophila_1,40
3279_11,3279_11_S42_metabat2_13,D01,D8,D01_D8,Donor,NA,8,NA,stool,metabat2,1607680,56,45727,59,Bacteria,Bacillota,Clostridia,Lachnospirales,Lachnospiraceae,Blautia_A,Blautia_A wexlerae,Blautia_A wexlerae_1,51
3279_11,3279_11_S42_metabat2_87,D01,D8,D01_D8,Donor,NA,8,NA,stool,metabat2,332217,61,6065,57,Bacteria,Bacillota,Clostridia,Lachnospirales,Lachnospiraceae,Lachnospira,Lachnospira eligens_A,NA,NA
3279_11,3279_11_S42_maxbin2_109,D01,D8,D01_D8,Donor,NA,8,NA,stool,maxbin2,1915734,175,10966,59,Bacteria,Bacillota,Clostridia,Lachnospirales,Lachnospiraceae,Blautia_A,Blautia_A sp.,NA,NA
3279_11,3279_11_S42_metabat2_51,D01,D8,D01_D8,Donor,NA,8,NA,stool,metabat2,1780055,77,37695,57,Bacteria,Bacillota,Clostridia,Oscillospirales,Oscillospiraceae,Hominicoprocola,Hominicoprocola sp900317525,Hominicoprocola sp900317525_1,38
3279_11,3279_11_S42_maxbin2_088,D01,D8,D01_D8,Donor,NA,8,NA,stool,maxbin2,1364466,468,4043,65,Bacteria,Pseudomonadota,Alphaproteobacteria,RF32,CAG-239,Scatocola,Scatocola faecipullorum,NA,NA
3279_11,3279_11_S42_maxbin2_117,D01,D8,D01_D8,Donor,NA,8,NA,stool,maxbin2,3320402,540,6148,71,Bacteria,Bacillota,Clostridia,Lachnospirales,Lachnospiraceae,,Lachnospiraceae sp.,NA,NA
3279_11,3279_11_S42_metabat2_66,D01,D8,D01_D8,Donor,NA,8,NA,stool,metabat2,1867344,58,44792,57,Bacteria,Bacillota,Clostridia,Oscillospirales,Ruminococcaceae,Faecalibacterium,Faecalibacterium longum,Faecalibacterium longum_1,184
3279_11,3279_11_S42_concoct_47,D01,D8,D01_D8,Donor,NA,8,NA,stool,concoct,11564948,1144,13240,84,Bacteria,Bacillota,Clostridia,Lachnospirales,Lachnospiraceae,Anaerobutyricum,Anaerobutyricum hallii,NA,NA
3279_18,3279_18_S49_concoct_86,D02,D1,D02_D1,Donor,NA,1,NA,stool,concoct,1728583,12,228497,100,Bacteria,Actinomycetota,Coriobacteriia,Coriobacteriales,Eggerthellaceae,Anaerotardibacter,Anaerotardibacter sp000435675,Anaerotardibacter sp000435675_1,76
3279_18,3279_18_S49_metabat2_128,D02,D1,D02_D1,Donor,NA,1,NA,stool,metabat2,1687371,28,134931,100,Bacteria,Bacillota,Bacilli,ML615J-28,CAG-313,CAG-313,CAG-313 sp000433035,CAG-313 sp000433035_1,212
3279_18,3279_18_S49_metabat2_54,D02,D1,D02_D1,Donor,NA,1,NA,stool,metabat2,2095151,40,78930,100,Bacteria,Bacteroidota,Bacteroidia,Bacteroidales,Rikenellaceae,Alistipes,Alistipes putredinis,Alistipes putredinis_1,4
3279_18,3279_18_S49_metabat2_38,D02,D1,D02_D1,Donor,NA,1,NA,stool,metabat2,2523858,82,47236,100,Bacteria,Bacteroidota,Bacteroidia,Bacteroidales,Rikenellaceae,Alistipes,Alistipes communis,Alistipes communis_1,141
3279_18,3279_18_S49_concoct_78,D02,D1,D02_D1,Donor,NA,1,NA,stool,concoct,2342512,175,24411,100,Bacteria,Bacillota,Bacilli,Erysipelotrichales,Coprobacillaceae,Catenibacterium,Catenibacterium mitsuokai,Catenibacterium mitsuokai_1,84
3279_18,3279_18_S49_metabat2_71,D02,D1,D02_D1,Donor,NA,1,NA,stool,metabat2,1507345,23,118568,98,Bacteria,Actinomycetota,Actinomycetes,Actinomycetales,Bifidobacteriaceae,Bifidobacterium,Bifidobacterium pseudocatenulatum,Bifidobacterium pseudocatenulatum_1,77
3279_18,3279_18_S49_metabat2_11,D02,D1,D02_D1,Donor,NA,1,NA,stool,metabat2,1858209,64,47136,98,Bacteria,Pseudomonadota,Alphaproteobacteria,RF32,CAG-239,51-20,51-20 sp001917175,51-20 sp001917175_1,89
3279_18,3279_18_S49_metabat2_45,D02,D1,D02_D1,Donor,NA,1,NA,stool,metabat2,1971438,72,38749,98,Bacteria,Bacillota,Clostridia,Oscillospirales,Oscillospiraceae,CAG-103,CAG-103 sp900543625,CAG-103 sp900543625_1,54
3279_18,3279_18_S49_concoct_69,D02,D1,D02_D1,Donor,NA,1,NA,stool,concoct,4192742,276,24750,98,Bacteria,Desulfobacterota_I,Desulfovibrionia,Desulfovibrionales,Desulfovibrionaceae,Bilophila,Bilophila wadsworthia,Bilophila wadsworthia_1,41
3279_18,3279_18_S49_concoct_112,D02,D1,D02_D1,Donor,NA,1,NA,stool,concoct,2439984,18,281115,100,Bacteria,Bacillota,Negativicutes,Acidaminococcales,Acidaminococcaceae,Phascolarctobacterium,Phascolarctobacterium faecium,Phascolarctobacterium faecium_1,17
3279_18,3279_18_S49_metabat2_66,D02,D1,D02_D1,Donor,NA,1,NA,stool,metabat2,1542579,49,98443,100,Bacteria,Bacillota,Clostridia,Christensenellales,CAG-314,CAG-314,CAG-314 sp000437915,CAG-314 sp000437915_1,103
3279_18,3279_18_S49_concoct_88,D02,D1,D02_D1,Donor,NA,1,NA,stool,concoct,3084480,79,69354,100,Unclassified Bacteria,NA,NA,NA,NA,NA,Unclassified Bacteria sp.,NA,NA
3279_18,3279_18_S49_concoct_52,D02,D1,D02_D1,Donor,NA,1,NA,stool,concoct,2267874,88,52004,100,Bacteria,Actinomycetota,Coriobacteriia,Coriobacteriales,Coriobacteriaceae,Collinsella,Collinsella sp.,Collinsella sp._2,75
3279_18,3279_18_S49_concoct_79,D02,D1,D02_D1,Donor,NA,1,NA,stool,concoct,3723117,103,118861,96,Unclassified,NA,NA,NA,NA,NA,Unclassified sp.,NA,NA
3279_18,3279_18_S49_concoct_2,D02,D1,D02_D1,Donor,NA,1,NA,stool,concoct,3029334,315,14271,96,Bacteria,Bacteroidota,Bacteroidia,Bacteroidales,Barnesiellaceae,Barnesiella,Barnesiella intestinihominis,Barnesiella intestinihominis_1,9
3279_18,3279_18_S49_concoct_40,D02,D1,D02_D1,Donor,NA,1,NA,stool,concoct,2258914,23,129413,98,Bacteria,Bacillota,Clostridia,Oscillospirales,Acutalibacteraceae,CAG-177,CAG-177 sp003514385,CAG-177 sp003514385_1,59
3279_18,3279_18_S49_concoct_115,D02,D1,D02_D1,Donor,NA,1,NA,stool,concoct,2707994,42,116884,98,Bacteria,Bacillota,Clostridia,Lachnospirales,Lachnospiraceae,Wujia,Wujia hominis,Wujia hominis_1,43
3279_18,3279_18_S49_concoct_77,D02,D1,D02_D1,Donor,NA,1,NA,stool,concoct,3098310,65,106653,98,Bacteria,Bacillota,Clostridia,Oscillospirales,Ruminococcaceae,Faeciplasma,Faeciplasma sp900553675,Faeciplasma sp900553675_1,157
3279_18,3279_18_S49_concoct_130,D02,D1,D02_D1,Donor,NA,1,NA,stool,concoct,2032707,36,78867,98,Bacteria,Bacillota,Clostridia,Christensenellales,CAG-138,PeH17,PeH17 sp000435055,PeH17 sp000435055_1,26
3279_18,3279_18_S49_metabat2_90,D02,D1,D02_D1,Donor,NA,1,NA,stool,metabat2,2773634,93,55390,98,Bacteria,Bacillota,Clostridia,Oscillospirales,Oscillospiraceae,CAG-170,CAG-170 sp000432135,CAG-170 sp000432135_1,55
3279_18,3279_18_S49_concoct_137,D02,D1,D02_D1,Donor,NA,1,NA,stool,concoct,2977265,112,44117,100,Bacteria,Bacillota,Clostridia,Christensenellales,Aristaeellaceae,UBA11524,UBA11524 sp000437595,UBA11524 sp000437595_1,30
3279_18,3279_18_S49_concoct_125,D02,D1,D02_D1,Donor,NA,1,NA,stool,concoct,2675809,130,32308,100,Bacteria,Bacillota,Clostridia,Lachnospirales,Lachnospiraceae,Anaerostipes,Anaerostipes hadrus,Anaerostipes hadrus_1,15
3279_18,3279_18_S49_concoct_123,D02,D1,D02_D1,Donor,NA,1,NA,stool,concoct,2784219,49,88443,94,Bacteria,Verrucomicrobiota,Verrucomicrobiia,Verrucomicrobiales,Akkermansiaceae,Akkermansia,Akkermansia muciniphila,Akkermansia muciniphila_1,6
3279_18,3279_18_S49_concoct_82,D02,D1,D02_D1,Donor,NA,1,NA,stool,concoct,1887385,261,8771,94,Bacteria,Bacillota,Negativicutes,Veillonellales,Dialisteraceae,Dialister,Dialister hominis,Dialister hominis_1,88
3279_18,3279_18_S49_concoct_73,D02,D1,D02_D1,Donor,NA,1,NA,stool,concoct,1991156,38,91471,96,Bacteria,Bacillota,Clostridia,Oscillospirales,Oscillospiraceae,Vescimonas,Vescimonas cirricatena,Vescimonas cirricatena_1,58
3279_18,3279_18_S49_metabat2_117,D02,D1,D02_D1,Donor,NA,1,NA,stool,metabat2,1748713,51,53319,96,Bacteria,Bacillota,Clostridia,Christensenellales,CAG-138,SFEL01,SFEL01 sp004557245,SFEL01 sp004557245_1,60
3279_18,3279_18_S49_metabat2_70,D02,D1,D02_D1,Donor,NA,1,NA,stool,metabat2,2068460,68,43040,96,Bacteria,Bacillota,Clostridia,Christensenellales,CAG-138,Phil1,Phil1 sp001940855,Phil1 sp001940855_1,154
3279_18,3279_18_S49_concoct_81,D02,D1,D02_D1,Donor,NA,1,NA,stool,concoct,2852181,224,16969,98,Bacteria,Bacillota,Clostridia,Christensenellales,Aristaeellaceae,Ventricola,Ventricola sp900542445,Ventricola sp900542445_1,57
3279_18,3279_18_S49_concoct_46,D02,D1,D02_D1,Donor,NA,1,NA,stool,concoct,2257361,29,239235,96,Bacteria,Bacillota,Clostridia,Oscillospirales,Acutalibacteraceae,Ruminococcoides,Ruminococcoides intestinale,Ruminococcoides intestinale_1,8
3279_18,3279_18_S49_metabat2_34,D02,D1,D02_D1,Donor,NA,1,NA,stool,metabat2,2010903,311,8201,96,Bacteria,Bacillota,Clostridia,Oscillospirales,CAG-382,Woodwardiibium,Woodwardiibium sp900760275,Woodwardiibium sp900760275_1,292
3279_18,3279_18_S49_concoct_162,D02,D1,D02_D1,Donor,NA,1,NA,stool,concoct,1879646,439,5444,96,Bacteria,Bacillota,Clostridia,Oscillospirales,Acutalibacteraceae,RGIG7067,RGIG7067 sp944384895,RGIG7067 sp944384895_1,339
3279_18,3279_18_S49_metabat2_65,D02,D1,D02_D1,Donor,NA,1,NA,stool,metabat2,1217349,30,89723,92,Bacteria,Bacillota,Clostridia,TANB77,CAG-508,CAG-273,CAG-273 sp003507395,CAG-273 sp003507395_1,111
3279_18,3279_18_S49_metabat2_58,D02,D1,D02_D1,Donor,NA,1,NA,stool,metabat2,2238037,233,14372,92,Bacteria,Bacillota,Clostridia,Oscillospirales,Ruminococcaceae,Gemmiger,Gemmiger qucibialis,Gemmiger qucibialis_1,12
3279_18,3279_18_S49_metabat2_40,D02,D1,D02_D1,Donor,NA,1,NA,stool,metabat2,2113298,60,69882,94,Bacteria,Bacillota,Clostridia,Oscillospirales,Oscillospiraceae,Evtepia,Evtepia gabavorous,Evtepia gabavorous_1,19
3279_18,3279_18_S49_concoct_19,D02,D1,D02_D1,Donor,NA,1,NA,stool,concoct,2106239,484,5543,94,Bacteria,Bacillota,Clostridia,Oscillospirales,Ruminococcaceae,Ruminococcus_C,Ruminococcus_C sp000433635,Ruminococcus_C sp000433635_1,82
3279_18,3279_18_S49_metabat2_14,D02,D1,D02_D1,Donor,NA,1,NA,stool,metabat2,1278317,14,169377,88,Bacteria,Actinomycetota,Coriobacteriia,Coriobacteriales,QAMH01,QAMH01,QAMH01 sp900544245,QAMH01 sp900544245_1,96
3279_18,3279_18_S49_metabat2_41,D02,D1,D02_D1,Donor,NA,1,NA,stool,metabat2,1892991,66,42224,92,Bacteria,Bacillota,Clostridia,Lachnospirales,Lachnospiraceae,Dorea_A,Dorea_A amylophila,Dorea_A amylophila_1,168
3279_18,3279_18_S49_concoct_106,D02,D1,D02_D1,Donor,NA,1,NA,stool,concoct,2416685,363,8358,92,Bacteria,Bacillota,Clostridia,Lachnospirales,Lachnospiraceae,Eubacterium_F,Eubacterium_F sp003491505,Eubacterium_F sp003491505_1,25
3279_18,3279_18_S49_metabat2_91,D02,D1,D02_D1,Donor,NA,1,NA,stool,metabat2,1241422,390,3498,88,Bacteria,Bacillota,Clostridia,UBA1381,UBA1381,Hominilimicola,Hominilimicola fabiformis,Hominilimicola fabiformis_1,24
3279_18,3279_18_S49_concoct_155,D02,D1,D02_D1,Donor,NA,1,NA,stool,concoct,2234931,70,47506,90,Bacteria,Bacillota,Clostridia,Lachnospirales,Lachnospiraceae,Agathobacter,Agathobacter rectalis,Agathobacter rectalis_1,47
3279_18,3279_18_S49_concoct_42,D02,D1,D02_D1,Donor,NA,1,NA,stool,concoct,2258633,386,6377,92,Bacteria,Bacillota,Clostridia,Peptostreptococcales,Peptostreptococcaceae,Romboutsia,Romboutsia timonensis,Romboutsia timonensis_1,351
3279_18,3279_18_S49_concoct_35,D02,D1,D02_D1,Donor,NA,1,NA,stool,concoct,3467967,233,32724,96,Bacteria,Bacillota,Clostridia,Lachnospirales,Lachnospiraceae,Anthropogastromicrobium,Anthropogastromicrobium aceti,Anthropogastromicrobium aceti_1,35
3279_18,3279_18_S49_metabat2_110,D02,D1,D02_D1,Donor,NA,1,NA,stool,metabat2,2514395,548,5881,84,Bacteria,Desulfobacterota_I,Desulfovibrionia,Desulfovibrionales,Desulfovibrionaceae,Desulfovibrio,Desulfovibrio sp900243745,Desulfovibrio sp900243745_1,87
3279_18,3279_18_S49_concoct_154,D02,D1,D02_D1,Donor,NA,1,NA,stool,concoct,2168566,610,4301,86,Bacteria,Bacillota,Clostridia,Oscillospirales,Acutalibacteraceae,Acutalibacter,Acutalibacter ornithocaccae,Acutalibacter ornithocaccae_1,161
3279_18,3279_18_S49_metabat2_86,D02,D1,D02_D1,Donor,NA,1,NA,stool,metabat2,1888441,670,2865,86,Bacteria,Bacteroidota,Bacteroidia,Bacteroidales,Marinifilaceae,Butyricimonas,Butyricimonas sp019423345,Butyricimonas sp019423345_1,128
3279_18,3279_18_S49_concoct_9,D02,D1,D02_D1,Donor,NA,1,NA,stool,concoct,1600403,411,5039,90,Bacteria,Bacillota,Bacilli,Erysipelotrichales,Erysipelotrichaceae,Holdemanella,Holdemanella hominis,Holdemanella hominis_1,61
3279_18,3279_18_S49_concoct_71,D02,D1,D02_D1,Donor,NA,1,NA,stool,concoct,4492339,117,68037,80,Bacteria,Bacteroidota,Bacteroidia,Bacteroidales,Tannerellaceae,Parabacteroides,Parabacteroides distasonis,Parabacteroides distasonis_1,1
3279_18,3279_18_S49_metabat2_9,D02,D1,D02_D1,Donor,NA,1,NA,stool,metabat2,2793569,295,14268,88,Bacteria,Bacillota,Clostridia,Lachnospirales,Lachnospiraceae,Anaerobutyricum,Anaerobutyricum hallii,Anaerobutyricum hallii_1,129
3279_18,3279_18_S49_concoct_20,D02,D1,D02_D1,Donor,NA,1,NA,stool,concoct,2786382,403,9025,98,Bacteria,Bacillota,Clostridia,Christensenellales,Aristaeellaceae,Limiplasma,Limiplasma sp900548145,Limiplasma sp900548145_1,290
3279_18,3279_18_S49_metabat2_129,D02,D1,D02_D1,Donor,NA,1,NA,stool,metabat2,2546008,69,68711,80,Bacteria,Bacillota,Clostridia,Lachnospirales,Lachnospiraceae,Coprococcus,Coprococcus sp000154245,Coprococcus sp000154245_1,98
3279_18,3279_18_S49_metabat2_104,D02,D1,D02_D1,Donor,NA,1,NA,stool,metabat2,4186148,274,24617,88,Bacteria,Bacteroidota,Bacteroidia,Bacteroidales,Bacteroidaceae,Phocaeicola,Phocaeicola vulgatus,Phocaeicola vulgatus_1,44
3279_18,3279_18_S49_metabat2_56,D02,D1,D02_D1,Donor,NA,1,NA,stool,metabat2,1516587,65,46312,69,Bacteria,Bacillota,Clostridia,Oscillospirales,Ruminococcaceae,Faecalibacterium,Faecalibacterium prausnitzii,Faecalibacterium prausnitzii_1,185
3279_18,3279_18_S49_maxbin2_064,D02,D1,D02_D1,Donor,NA,1,NA,stool,maxbin2,1478207,64,23049,69,Bacteria,Bacillota,Clostridia,Lachnospirales,Lachnospiraceae,,Lachnospiraceae sp.,NA,NA
3279_18,3279_18_S49_metabat2_94,D02,D1,D02_D1,Donor,NA,1,NA,stool,metabat2,2134203,205,15922,71,Bacteria,Bacillota,Clostridia,Lachnospirales,Lachnospiraceae,Mediterraneibacter,Mediterraneibacter torques,Mediterraneibacter torques_1,5
3279_18,3279_18_S49_concoct_5,D02,D1,D02_D1,Donor,NA,1,NA,stool,concoct,859779,531,1622,73,Bacteria,Bacillota,Bacilli,Lactobacillales,Streptococcaceae,Streptococcus,Streptococcus salivarius_D,NA,NA
3279_18,3279_18_S49_concoct_120,D02,D1,D02_D1,Donor,NA,1,NA,stool,concoct,1549344,768,2181,65,Bacteria,Bacillota,Clostridia,Oscillospirales,CAG-272,UMGS911,UMGS911 sp948467545,UMGS911 sp948467545_1,166
3279_18,3279_18_S49_metabat2_44,D02,D1,D02_D1,Donor,NA,1,NA,stool,metabat2,1929445,141,19914,67,Bacteria,Bacillota,Clostridia,Lachnospirales,Lachnospiraceae,Maccoya,Maccoya intestinihominis,Maccoya intestinihominis_1,143
3279_18,3279_18_S49_metabat2_81,D02,D1,D02_D1,Donor,NA,1,NA,stool,metabat2,1934034,86,38994,71,Bacteria,Bacillota,Clostridia,Oscillospirales,Oscillospiraceae,Hominicoprocola,Hominicoprocola sp900317525,Hominicoprocola sp900317525_1,38
3279_18,3279_18_S49_concoct_160,D02,D1,D02_D1,Donor,NA,1,NA,stool,concoct,2553341,400,8368,71,Bacteria,Bacillota,Clostridia,Oscillospirales,Ruminococcaceae,Metaruminococcus_A,Metaruminococcus_A sp900762715,Metaruminococcus_A sp900762715_1,181
3279_18,3279_18_S49_metabat2_27,D02,D1,D02_D1,Donor,NA,1,NA,stool,metabat2,2922319,107,39555,67,Bacteria,Bacillota,Clostridia,Lachnospirales,Lachnospiraceae,Acetatifactor,Acetatifactor acetigignens,Acetatifactor acetigignens_1,146
3279_18,3279_18_S49_maxbin2_011,D02,D1,D02_D1,Donor,NA,1,NA,stool,maxbin2,510735,8,101727,61,Bacteria,Bacillota,Clostridia,Lachnospirales,Lachnospiraceae,Agathobacter,Agathobacter sp.,NA,NA
3279_18,3279_18_S49_metabat2_80,D02,D1,D02_D1,Donor,NA,1,NA,stool,metabat2,1090613,134,14334,61,Bacteria,Actinomycetota,Coriobacteriia,Coriobacteriales,Eggerthellaceae,Adlercreutzia,Adlercreutzia rubneri,NA,NA
3279_18,3279_18_S49_maxbin2_089,D02,D1,D02_D1,Donor,NA,1,NA,stool,maxbin2,1738680,132,13180,59,Bacteria,Bacillota,Clostridia,Lachnospirales,Lachnospiraceae,,Lachnospiraceae sp.,NA,NA
3279_18,3279_18_S49_metabat2_121,D02,D1,D02_D1,Donor,NA,1,NA,stool,metabat2,6159801,272,60040,57,Bacteria,Bacteroidota,Bacteroidia,Bacteroidales,Bacteroidaceae,Bacteroides,Bacteroides xylanisolvens,Bacteroides xylanisolvens_1,340
3279_18,3279_18_S49_maxbin2_082,D02,D1,D02_D1,Donor,NA,1,NA,stool,maxbin2,433520,147,5144,51,Bacteria,Bacillota,Clostridia,Oscillospirales,Ruminococcaceae,Gemmiger,Gemmiger sp.,NA,NA
3279_18,3279_18_S49_maxbin2_100,D02,D1,D02_D1,Donor,NA,1,NA,stool,maxbin2,1217007,103,12502,57,Bacteria,Bacillota,Clostridia,HGM11327,,,HGM11327 sp.,NA,NA
3279_18,3279_18_S49_metabat2_29,D02,D1,D02_D1,Donor,NA,1,NA,stool,metabat2,2587866,122,33864,63,Bacteria,Bacillota,Clostridia,Lachnospirales,Lachnospiraceae,Blautia_A,Blautia_A obeum,NA,NA
3279_19,3279_19_S50_concoct_33,D02,D2,D02_D2,Donor,NA,2,NA,stool,concoct,1782945,11,237782,100,Bacteria,Actinomycetota,Coriobacteriia,Coriobacteriales,Eggerthellaceae,Anaerotardibacter,Anaerotardibacter sp000435675,Anaerotardibacter sp000435675_1,76
3279_19,3279_19_S50_metabat2_124,D02,D2,D02_D2,Donor,NA,2,NA,stool,metabat2,2915508,49,115332,100,Bacteria,Bacteroidota,Bacteroidia,Bacteroidales,Rikenellaceae,Alistipes,Alistipes onderdonkii,Alistipes onderdonkii_1,14
3279_19,3279_19_S50_metabat2_54,D02,D2,D02_D2,Donor,NA,2,NA,stool,metabat2,2126372,38,86062,100,Bacteria,Bacteroidota,Bacteroidia,Bacteroidales,Rikenellaceae,Alistipes,Alistipes putredinis,Alistipes putredinis_1,4
3279_19,3279_19_S50_metabat2_151,D02,D2,D02_D2,Donor,NA,2,NA,stool,metabat2,2331518,116,31840,100,Bacteria,Pseudomonadota,Gammaproteobacteria,Burkholderiales,Burkholderiaceae,Sutterella,Sutterella wadsworthensis_A,Sutterella wadsworthensis_A_1,10
3279_19,3279_19_S50_metabat2_60,D02,D2,D02_D2,Donor,NA,2,NA,stool,metabat2,2542034,153,29474,100,Bacteria,Actinomycetota,Coriobacteriia,Coriobacteriales,Eggerthellaceae,Adlercreutzia,Adlercreutzia equolifaciens,Adlercreutzia equolifaciens_1,122
3279_19,3279_19_S50_metabat2_85,D02,D2,D02_D2,Donor,NA,2,NA,stool,metabat2,3011631,46,108982,98,Bacteria,Bacteroidota,Bacteroidia,Bacteroidales,Barnesiellaceae,Barnesiella,Barnesiella intestinihominis,Barnesiella intestinihominis_1,9
3279_19,3279_19_S50_concoct_60,D02,D2,D02_D2,Donor,NA,2,NA,stool,concoct,1959629,87,35303,98,Bacteria,Pseudomonadota,Alphaproteobacteria,RF32,CAG-239,51-20,51-20 sp001917175,51-20 sp001917175_1,89
3279_19,3279_19_S50_concoct_82,D02,D2,D02_D2,Donor,NA,2,NA,stool,concoct,2014428,110,27613,98,Bacteria,Bacillota,Negativicutes,Veillonellales,Dialisteraceae,Dialister,Dialister hominis,Dialister hominis_1,88
3279_19,3279_19_S50_concoct_56,D02,D2,D02_D2,Donor,NA,2,NA,stool,concoct,2376455,195,19801,98,Bacteria,Bacillota,Bacilli,Erysipelotrichales,Coprobacillaceae,Catenibacterium,Catenibacterium mitsuokai,Catenibacterium mitsuokai_1,84
3279_19,3279_19_S50_metabat2_146,D02,D2,D02_D2,Donor,NA,2,NA,stool,metabat2,2759002,361,11407,98,Bacteria,Actinomycetota,Coriobacteriia,Coriobacteriales,Eggerthellaceae,Eggerthella,Eggerthella lenta,Eggerthella lenta_1,3
3279_19,3279_19_S50_metabat2_82,D02,D2,D02_D2,Donor,NA,2,NA,stool,metabat2,1838215,21,162012,100,Bacteria,Actinomycetota,Coriobacteriia,Coriobacteriales,QAMH01,QAMH01,QAMH01 sp900544245,QAMH01 sp900544245_1,96
3279_19,3279_19_S50_concoct_20,D02,D2,D02_D2,Donor,NA,2,NA,stool,concoct,2414303,44,90376,100,Bacteria,Bacillota,Negativicutes,Acidaminococcales,Acidaminococcaceae,Phascolarctobacterium,Phascolarctobacterium faecium,Phascolarctobacterium faecium_1,17
3279_19,3279_19_S50_metabat2_141,D02,D2,D02_D2,Donor,NA,2,NA,stool,metabat2,1889603,36,83969,96,Bacteria,Bacillota,Clostridia,Oscillospirales,Oscillospiraceae,CAG-103,CAG-103 sp900543625,CAG-103 sp900543625_1,54
3279_19,3279_19_S50_metabat2_150,D02,D2,D02_D2,Donor,NA,2,NA,stool,metabat2,1735009,50,52855,96,Bacteria,Actinomycetota,Coriobacteriia,Coriobacteriales,Coriobacteriaceae,Collinsella,Collinsella sp.,Collinsella sp._2,75
3279_19,3279_19_S50_concoct_161,D02,D2,D02_D2,Donor,NA,2,NA,stool,concoct,2246000,283,12176,96,Bacteria,Bacillota,Clostridia,Oscillospirales,Ruminococcaceae,Gemmiger,Gemmiger qucibialis,Gemmiger qucibialis_1,12
3279_19,3279_19_S50_concoct_126,D02,D2,D02_D2,Donor,NA,2,NA,stool,concoct,2281057,26,124866,98,Bacteria,Bacillota,Clostridia,Oscillospirales,Acutalibacteraceae,CAG-177,CAG-177 sp003514385,CAG-177 sp003514385_1,59
3279_19,3279_19_S50_concoct_94,D02,D2,D02_D2,Donor,NA,2,NA,stool,concoct,2892658,56,80767,98,Bacteria,Bacillota,Clostridia,Lachnospirales,Lachnospiraceae,Agathobacter,Agathobacter faecis,Agathobacter faecis_1,80
3279_19,3279_19_S50_concoct_84,D02,D2,D02_D2,Donor,NA,2,NA,stool,concoct,2332750,57,78769,98,Bacteria,Bacillota,Clostridia,Oscillospirales,Acutalibacteraceae,Hominenteromicrobium,Hominenteromicrobium mulieris,Hominenteromicrobium mulieris_1,18
3279_19,3279_19_S50_concoct_137,D02,D2,D02_D2,Donor,NA,2,NA,stool,concoct,2034267,48,66534,98,Bacteria,Bacillota,Clostridia,Christensenellales,CAG-138,PeH17,PeH17 sp000435055,PeH17 sp000435055_1,26
3279_19,3279_19_S50_concoct_132,D02,D2,D02_D2,Donor,NA,2,NA,stool,concoct,2798074,81,63666,98,Bacteria,Bacillota,Clostridia,Lachnospirales,Lachnospiraceae,Gallintestinimicrobium,Gallintestinimicrobium propionicum,Gallintestinimicrobium propionicum_1,39
3279_19,3279_19_S50_concoct_117,D02,D2,D02_D2,Donor,NA,2,NA,stool,concoct,2282091,76,57890,98,Bacteria,Bacillota,Clostridia,Oscillospirales,Oscillospiraceae,Evtepia,Evtepia gabavorous,Evtepia gabavorous_1,19
3279_19,3279_19_S50_concoct_109,D02,D2,D02_D2,Donor,NA,2,NA,stool,concoct,2969039,128,37492,100,Bacteria,Bacillota,Clostridia,Christensenellales,Aristaeellaceae,UBA11524,UBA11524 sp000437595,UBA11524 sp000437595_1,30
3279_19,3279_19_S50_metabat2_67,D02,D2,D02_D2,Donor,NA,2,NA,stool,metabat2,2627885,180,23168,100,Bacteria,Bacillota,Clostridia,Lachnospirales,Lachnospiraceae,Eubacterium_F,Eubacterium_F sp003491505,Eubacterium_F sp003491505_1,25
3279_19,3279_19_S50_metabat2_9,D02,D2,D02_D2,Donor,NA,2,NA,stool,metabat2,1990333,89,44975,94,Bacteria,Bacillota,Clostridia,Lachnospirales,Lachnospiraceae,Anaerostipes,Anaerostipes hadrus,Anaerostipes hadrus_1,15
3279_19,3279_19_S50_metabat2_129,D02,D2,D02_D2,Donor,NA,2,NA,stool,metabat2,2218525,25,174211,96,Bacteria,Bacillota,Clostridia,Lachnospirales,Lachnospiraceae,Maccoya,Maccoya intestinihominis,Maccoya intestinihominis_1,143
3279_19,3279_19_S50_metabat2_86,D02,D2,D02_D2,Donor,NA,2,NA,stool,metabat2,2472181,74,49376,100,Bacteria,Bacillota,Clostridia,UBA1381,UBA1381,Hominilimicola,Hominilimicola fabiformis,Hominilimicola fabiformis_1,24
3279_19,3279_19_S50_concoct_129,D02,D2,D02_D2,Donor,NA,2,NA,stool,concoct,2900270,227,26087,100,Bacteria,Bacillota,Clostridia,Lachnospirales,Lachnospiraceae,Fusicatenibacter,Fusicatenibacter saccharivorans,Fusicatenibacter saccharivorans_1,33
3279_19,3279_19_S50_metabat2_14,D02,D2,D02_D2,Donor,NA,2,NA,stool,metabat2,2103534,109,29931,92,Bacteria,Bacillota,Clostridia,Oscillospirales,Oscillospiraceae,Oscillibacter,Oscillibacter segnis,Oscillibacter segnis_1,64
3279_19,3279_19_S50_concoct_26,D02,D2,D02_D2,Donor,NA,2,NA,stool,concoct,2627642,42,115634,94,Bacteria,Bacillota,Clostridia,Lachnospirales,Lachnospiraceae,Wujia,Wujia hominis,Wujia hominis_1,43
3279_19,3279_19_S50_metabat2_12,D02,D2,D02_D2,Donor,NA,2,NA,stool,metabat2,1911015,228,12678,94,Bacteria,Bacillota,Clostridia,Oscillospirales,Ruminococcaceae,Negativibacillus,Negativibacillus sp000435195,Negativibacillus sp000435195_1,155
3279_19,3279_19_S50_concoct_107,D02,D2,D02_D2,Donor,NA,2,NA,stool,concoct,2165764,21,312181,96,Bacteria,Bacillota,Clostridia,Oscillospirales,Acutalibacteraceae,Ruminococcoides,Ruminococcoides intestinale,Ruminococcoides intestinale_1,8
3279_19,3279_19_S50_concoct_119,D02,D2,D02_D2,Donor,NA,2,NA,stool,concoct,2991925,147,28414,96,Bacteria,Bacillota,Clostridia,Lachnospirales,Lachnospiraceae,Hominisplanchenecus,Hominisplanchenecus faecis,Hominisplanchenecus faecis_1,32
3279_19,3279_19_S50_concoct_100,D02,D2,D02_D2,Donor,NA,2,NA,stool,concoct,2547497,91,55782,94,Bacteria,Bacillota,Clostridia,Oscillospirales,Ruminococcaceae,Ruminococcus_C,Ruminococcus_C sp000433635,Ruminococcus_C sp000433635_1,82
3279_19,3279_19_S50_metabat2_41,D02,D2,D02_D2,Donor,NA,2,NA,stool,metabat2,2681185,317,11722,96,Bacteria,Bacillota,Clostridia,Christensenellales,Aristaeellaceae,Ventricola,Ventricola sp900542445,Ventricola sp900542445_1,57
3279_19,3279_19_S50_concoct_127,D02,D2,D02_D2,Donor,NA,2,NA,stool,concoct,2411036,61,57192,100,Bacteria,Bacillota,Clostridia,Lachnospirales,Lachnospiraceae,Agathobacter,Agathobacter rectalis,Agathobacter rectalis_1,47
3279_19,3279_19_S50_concoct_65,D02,D2,D02_D2,Donor,NA,2,NA,stool,concoct,1714032,300,7663,90,Bacteria,Bacillota,Bacilli,Erysipelotrichales,Erysipelotrichaceae,Holdemanella,Holdemanella hominis,Holdemanella hominis_1,61
3279_19,3279_19_S50_metabat2_40,D02,D2,D02_D2,Donor,NA,2,NA,stool,metabat2,2586145,55,79382,92,Bacteria,Bacillota,Clostridia,Lachnospirales,Lachnospiraceae,Coprococcus,Coprococcus sp000154245,Coprococcus sp000154245_1,98
3279_19,3279_19_S50_concoct_39,D02,D2,D02_D2,Donor,NA,2,NA,stool,concoct,2276436,309,10194,92,Bacteria,Bacillota,Clostridia,Oscillospirales,Butyricicoccaceae,Agathobaculum,Agathobaculum butyriciproducens,Agathobaculum butyriciproducens_1,104
3279_19,3279_19_S50_metabat2_5,D02,D2,D02_D2,Donor,NA,2,NA,stool,metabat2,2865253,51,99971,96,Bacteria,Bacillota,Clostridia,Oscillospirales,Ruminococcaceae,CAG-115,CAG-115 sp003531585,CAG-115 sp003531585_1,101
3279_19,3279_19_S50_concoct_27,D02,D2,D02_D2,Donor,NA,2,NA,stool,concoct,3442126,522,8086,86,Bacteria,Bacteroidota,Bacteroidia,Bacteroidales,Marinifilaceae,Butyricimonas,Butyricimonas sp019423345,Butyricimonas sp019423345_1,128
3279_19,3279_19_S50_metabat2_135,D02,D2,D02_D2,Donor,NA,2,NA,stool,metabat2,2776327,152,46479,88,Bacteria,Bacillota,Clostridia,Lachnospirales,Lachnospiraceae,Anaerobutyricum,Anaerobutyricum hallii,Anaerobutyricum hallii_1,129
3279_19,3279_19_S50_metabat2_145,D02,D2,D02_D2,Donor,NA,2,NA,stool,metabat2,2671844,97,39385,92,Bacteria,Bacillota,Clostridia,Lachnospirales,Lachnospiraceae,Lachnospira,Lachnospira sp000436475,Lachnospira sp000436475_1,530
3279_19,3279_19_S50_concoct_156,D02,D2,D02_D2,Donor,NA,2,NA,stool,concoct,3185982,357,14036,92,Bacteria,Bacillota,Clostridia,Lachnospirales,Lachnospiraceae,Anthropogastromicrobium,Anthropogastromicrobium aceti,Anthropogastromicrobium aceti_1,35
3279_19,3279_19_S50_concoct_80,D02,D2,D02_D2,Donor,NA,2,NA,stool,concoct,1527266,443,4030,80,Bacteria,Cyanobacteriota,Vampirovibrionia,Gastranaerophilales,Gastranaerophilaceae,Scatenecus,Scatenecus sp003150395,Scatenecus sp003150395_1,360
3279_19,3279_19_S50_metabat2_8,D02,D2,D02_D2,Donor,NA,2,NA,stool,metabat2,1590825,39,62709,82,Bacteria,Bacillota,Clostridia,Oscillospirales,Oscillospiraceae,Vescimonas,Vescimonas cirricatena,Vescimonas cirricatena_1,58
3279_19,3279_19_S50_metabat2_108,D02,D2,D02_D2,Donor,NA,2,NA,stool,metabat2,1964003,83,38892,82,Bacteria,Bacillota,Clostridia,Oscillospirales,Oscillospiraceae,Hominicoprocola,Hominicoprocola fusiformis,Hominicoprocola fusiformis_1,227
3279_19,3279_19_S50_concoct_103,D02,D2,D02_D2,Donor,NA,2,NA,stool,concoct,2081488,886,2589,82,Bacteria,Bacillota,Bacilli,Erysipelotrichales,Coprobacillaceae,Faecalibacillus,Faecalibacillus intestinalis,Faecalibacillus intestinalis_1,69
3279_19,3279_19_S50_metabat2_25,D02,D2,D02_D2,Donor,NA,2,NA,stool,metabat2,2932681,154,35112,84,Bacteria,Bacillota,Clostridia,Clostridiales,Clostridiaceae,Clostridium,Clostridium sp000435835,Clostridium sp000435835_1,644
3279_19,3279_19_S50_metabat2_107,D02,D2,D02_D2,Donor,NA,2,NA,stool,metabat2,1651981,167,16796,80,Bacteria,Bacillota,Clostridia,Lachnospirales,Lachnospiraceae,Blautia_A,Blautia_A wexlerae,Blautia_A wexlerae_1,51
3279_19,3279_19_S50_metabat2_96,D02,D2,D02_D2,Donor,NA,2,NA,stool,metabat2,1391375,15,159033,76,Bacteria,Actinomycetota,Actinomycetes,Actinomycetales,Bifidobacteriaceae,Bifidobacterium,Bifidobacterium pseudocatenulatum,Bifidobacterium pseudocatenulatum_1,77
3279_19,3279_19_S50_concoct_142,D02,D2,D02_D2,Donor,NA,2,NA,stool,concoct,1566908,607,2792,76,Bacteria,Bacillota,Clostridia,Monoglobales,Monoglobaceae,Monoglobus,Monoglobus pectinilyticus,Monoglobus pectinilyticus_2,476
3279_19,3279_19_S50_metabat2_105,D02,D2,D02_D2,Donor,NA,2,NA,stool,metabat2,2642416,48,75106,80,Bacteria,Bacillota,Clostridia,Lachnospirales,Lachnospiraceae,Lachnospira,Lachnospira eligens_A,Lachnospira eligens_A_1,127
3279_19,3279_19_S50_metabat2_92,D02,D2,D02_D2,Donor,NA,2,NA,stool,metabat2,1894724,67,44556,73,Bacteria,Bacillota,Clostridia,Lachnospirales,Lachnospiraceae,Acetatifactor,Acetatifactor acetigignens,NA,NA
3279_19,3279_19_S50_concoct_16,D02,D2,D02_D2,Donor,NA,2,NA,stool,concoct,2087543,280,9939,78,Bacteria,Bacillota,Clostridia,Lachnospirales,Lachnospiraceae,Eubacterium_G,Eubacterium_G sp000435815,Eubacterium_G sp000435815_1,170
3279_19,3279_19_S50_metabat2_132,D02,D2,D02_D2,Donor,NA,2,NA,stool,metabat2,1392899,55,40246,69,Bacteria,Bacillota,Clostridia,Lachnospirales,Lachnospiraceae,Dorea_A,Dorea_A amylophila,NA,NA
3279_19,3279_19_S50_maxbin2_094,D02,D2,D02_D2,Donor,NA,2,NA,stool,maxbin2,709469,31,22931,69,Bacteria,,,,,,Bacteria sp.,NA,NA
3279_19,3279_19_S50_metabat2_45,D02,D2,D02_D2,Donor,NA,2,NA,stool,metabat2,1391717,24,79900,67,Bacteria,Actinomycetota,Actinomycetes,Actinomycetales,Bifidobacteriaceae,Bifidobacterium,Bifidobacterium longum,Bifidobacterium longum_1,13
3279_19,3279_19_S50_metabat2_97,D02,D2,D02_D2,Donor,NA,2,NA,stool,metabat2,2449583,85,46517,69,Bacteria,Bacillota,Clostridia,Lachnospirales,Lachnospiraceae,Roseburia_C,Roseburia_C amylophila,Roseburia_C amylophila_1,40
3279_19,3279_19_S50_concoct_5,D02,D2,D02_D2,Donor,NA,2,NA,stool,concoct,2209450,676,4079,69,Bacteria,Bacillota,Clostridia,Oscillospirales,Ruminococcaceae,Hominimerdicola,Hominimerdicola aceti,Hominimerdicola aceti_1,22
3279_19,3279_19_S50_concoct_157,D02,D2,D02_D2,Donor,NA,2,NA,stool,concoct,1750199,217,11473,67,Bacteria,Bacillota,Clostridia,Christensenellales,CAG-138,SFEL01,SFEL01 sp004557245,SFEL01 sp004557245_1,60
3279_19,3279_19_S50_concoct_147,D02,D2,D02_D2,Donor,NA,2,NA,stool,concoct,2373755,615,4803,61,Bacteria,Verrucomicrobiota,Verrucomicrobiia,Verrucomicrobiales,Akkermansiaceae,Akkermansia,Akkermansia muciniphila,Akkermansia muciniphila_1,6
3279_19,3279_19_S50_metabat2_36,D02,D2,D02_D2,Donor,NA,2,NA,stool,metabat2,3735864,491,10245,59,Bacteria,Desulfobacterota_I,Desulfovibrionia,Desulfovibrionales,Desulfovibrionaceae,Bilophila,Bilophila wadsworthia,Bilophila wadsworthia_1,41
3279_19,3279_19_S50_maxbin2_109,D02,D2,D02_D2,Donor,NA,2,NA,stool,maxbin2,1803970,540,4447,59,Bacteria,Bacillota,Clostridia,Oscillospirales,Butyricicoccaceae,,Butyricicoccaceae sp.,NA,NA
3279_19,3279_19_S50_metabat2_81,D02,D2,D02_D2,Donor,NA,2,NA,stool,metabat2,2368392,223,18126,98,Bacteria,Bacillota,Clostridia,Lachnospirales,Lachnospiraceae,Mediterraneibacter,Mediterraneibacter faecis,NA,NA
3279_19,3279_19_S50_concoct_120,D02,D2,D02_D2,Donor,NA,2,NA,stool,concoct,2050582,740,3148,61,Bacteria,Bacillota,Clostridia,Oscillospirales,Acutalibacteraceae,Clostridium_A,Clostridium_A leptum,Clostridium_A leptum_1,186
3279_19,3279_19_S50_metabat2_53,D02,D2,D02_D2,Donor,NA,2,NA,stool,metabat2,1407328,38,43929,59,Bacteria,Bacillota,Clostridia,Lachnospirales,Lachnospiraceae,Blautia_A,Blautia_A obeum,Blautia_A obeum_1,202
3279_19,3279_19_S50_maxbin2_084,D02,D2,D02_D2,Donor,NA,2,NA,stool,maxbin2,2525930,125,20209,67,Bacteria,Bacillota,Clostridia,Lachnospirales,Lachnospiraceae,,Lachnospiraceae sp.,NA,NA
3279_19,3279_19_S50_metabat2_90,D02,D2,D02_D2,Donor,NA,2,NA,stool,metabat2,2248383,117,31078,57,Bacteria,Bacillota,Clostridia,Oscillospirales,Oscillospiraceae,CAG-170,CAG-170 sp000432135,CAG-170 sp000432135_1,55
3279_19,3279_19_S50_concoct_50,D02,D2,D02_D2,Donor,NA,2,NA,stool,concoct,2522721,272,13595,61,Bacteria,Bacillota,Clostridia,Lachnospirales,Lachnospiraceae,Butyribacter,Butyribacter sp000436755,Butyribacter sp000436755_1,193
3279_19,3279_19_S50_concoct_150,D02,D2,D02_D2,Donor,NA,2,NA,stool,concoct,4775187,353,32126,67,Bacteria,Bacillota,Clostridia,Lachnospirales,Lachnospiraceae,Roseburia,Roseburia intestinalis,NA,NA
3279_19,3279_19_S50_maxbin2_128,D02,D2,D02_D2,Donor,NA,2,NA,stool,maxbin2,1919554,225,8526,55,Bacteria,Bacillota,Clostridia,Lachnospirales,Lachnospiraceae,,Lachnospiraceae sp.,NA,NA
3279_6,3279_6_S37_concoct_123,D01,D1,D01_D1,Donor,NA,1,NA,stool,concoct,3193889,41,211143,100,Bacteria,Bacteroidota,Bacteroidia,Bacteroidales,Barnesiellaceae,Barnesiella,Barnesiella intestinihominis,Barnesiella intestinihominis_1,9
3279_6,3279_6_S37_concoct_74,D01,D1,D01_D1,Donor,NA,1,NA,stool,concoct,3185978,56,81423,100,Bacteria,Bacteroidota,Bacteroidia,Bacteroidales,Muribaculaceae,Duncaniella,Duncaniella sp900549445,Duncaniella sp900549445_1,70
3279_6,3279_6_S37_metabat2_22,D01,D1,D01_D1,Donor,NA,1,NA,stool,metabat2,3324838,138,42477,100,Bacteria,Bacillota,Clostridia,Lachnospirales,Lachnospiraceae,Roseburia,Roseburia inulinivorans,Roseburia inulinivorans_1,239
3279_6,3279_6_S37_concoct_87,D01,D1,D01_D1,Donor,NA,1,NA,stool,concoct,2583331,193,23288,100,Bacteria,Pseudomonadota,Gammaproteobacteria,Burkholderiales,Burkholderiaceae,Sutterella,Sutterella wadsworthensis_A,Sutterella wadsworthensis_A_1,10
3279_6,3279_6_S37_concoct_59,D01,D1,D01_D1,Donor,NA,1,NA,stool,concoct,2020023,142,22669,100,Bacteria,Cyanobacteriota,Vampirovibrionia,Gastranaerophilales,Gastranaerophilaceae,Stercorousia,Stercorousia sp001917115,Stercorousia sp001917115_1,262
3279_6,3279_6_S37_metabat2_4,D01,D1,D01_D1,Donor,NA,1,NA,stool,metabat2,2070977,108,30749,98,Bacteria,Actinomycetota,Actinomycetes,Actinomycetales,Bifidobacteriaceae,Bifidobacterium,Bifidobacterium longum,Bifidobacterium longum_1,13
3279_6,3279_6_S37_metabat2_100,D01,D1,D01_D1,Donor,NA,1,NA,stool,metabat2,2503199,40,143580,100,Bacteria,Bacillota,Clostridia,Christensenellales,QALW01,UMGS1322,UMGS1322 sp900550765,UMGS1322 sp900550765_1,163
3279_6,3279_6_S37_metabat2_16,D01,D1,D01_D1,Donor,NA,1,NA,stool,metabat2,2665798,56,81416,100,Bacteria,Bacillota,Clostridia,Lachnospirales,Lachnospiraceae,Roseburia_C,Roseburia_C amylophila,Roseburia_C amylophila_1,40
3279_6,3279_6_S37_metabat2_109,D01,D1,D01_D1,Donor,NA,1,NA,stool,metabat2,1985960,51,60436,100,Bacteria,Actinomycetota,Coriobacteriia,Coriobacteriales,Coriobacteriaceae,Collinsella,Collinsella sp.,Collinsella sp._1,31
3279_6,3279_6_S37_concoct_22,D01,D1,D01_D1,Donor,NA,1,NA,stool,concoct,2259875,239,15025,98,Bacteria,Bacillota,Clostridia,Christensenellales,Pumilibacteraceae,UBA10677,UBA10677 sp900762945,UBA10677 sp900762945_1,223
3279_6,3279_6_S37_metabat2_86,D01,D1,D01_D1,Donor,NA,1,NA,stool,metabat2,2419012,59,57916,100,Bacteria,Bacillota,Clostridia,UBA1381,UMGS1253,Aphodoplasma,Aphodoplasma sp900550065,Aphodoplasma sp900550065_1,362
3279_6,3279_6_S37_concoct_18,D01,D1,D01_D1,Donor,NA,1,NA,stool,concoct,2967981,160,28097,100,Bacteria,Bacillota,Clostridia,Christensenellales,Aristaeellaceae,UBA11524,UBA11524 sp000437595,UBA11524 sp000437595_1,30
3279_6,3279_6_S37_concoct_145,D01,D1,D01_D1,Donor,NA,1,NA,stool,concoct,2767193,42,154556,94,Bacteria,Verrucomicrobiota,Verrucomicrobiia,Verrucomicrobiales,Akkermansiaceae,Akkermansia,Akkermansia muciniphila,Akkermansia muciniphila_1,6
3279_6,3279_6_S37_concoct_147,D01,D1,D01_D1,Donor,NA,1,NA,stool,concoct,3169033,49,118983,94,Bacteria,Verrucomicrobiota,Verrucomicrobiia,Verrucomicrobiales,Akkermansiaceae,Akkermansia,Akkermansia sp900545155,Akkermansia sp900545155_1,132
3279_6,3279_6_S37_metabat2_15,D01,D1,D01_D1,Donor,NA,1,NA,stool,metabat2,2099036,33,93512,94,Bacteria,Bacteroidota,Bacteroidia,Bacteroidales,Rikenellaceae,Alistipes,Alistipes putredinis,Alistipes putredinis_1,4
3279_6,3279_6_S37_metabat2_119,D01,D1,D01_D1,Donor,NA,1,NA,stool,metabat2,4327628,195,33420,94,Bacteria,Bacteroidota,Bacteroidia,Bacteroidales,Tannerellaceae,Parabacteroides,Parabacteroides distasonis,Parabacteroides distasonis_1,1
3279_6,3279_6_S37_metabat2_111,D01,D1,D01_D1,Donor,NA,1,NA,stool,metabat2,3521941,347,14978,94,Bacteria,Bacteroidota,Bacteroidia,Bacteroidales,Marinifilaceae,Odoribacter,Odoribacter splanchnicus,Odoribacter splanchnicus_1,21
3279_6,3279_6_S37_concoct_110,D01,D1,D01_D1,Donor,NA,1,NA,stool,concoct,1832242,285,9459,94,Bacteria,Cyanobacteriota,Vampirovibrionia,Gastranaerophilales,Gastranaerophilaceae,CAG-196,CAG-196 sp002102975,CAG-196 sp002102975_1,218
3279_6,3279_6_S37_metabat2_68,D01,D1,D01_D1,Donor,NA,1,NA,stool,metabat2,2691116,29,150064,96,Bacteria,Bacillota,Clostridia,Lachnospirales,Lachnospiraceae,Wujia,Wujia hominis,Wujia hominis_1,43
3279_6,3279_6_S37_concoct_104,D01,D1,D01_D1,Donor,NA,1,NA,stool,concoct,2528817,88,142936,96,Bacteria,Actinomycetota,Actinomycetes,Actinomycetales,Bifidobacteriaceae,Bifidobacterium,Bifidobacterium sp959020155,NA,NA
3279_6,3279_6_S37_concoct_75,D01,D1,D01_D1,Donor,NA,1,NA,stool,concoct,2666518,64,79223,98,Bacteria,Bacillota,Clostridia,Lachnospirales,Lachnospiraceae,Frisingicoccus,Frisingicoccus sp902471845,Frisingicoccus sp902471845_1,109
3279_6,3279_6_S37_concoct_142,D01,D1,D01_D1,Donor,NA,1,NA,stool,concoct,2745098,49,82085,100,Bacteria,Bacillota,Clostridia,UBA1381,UBA1381,Hominilimicola,Hominilimicola fabiformis,Hominilimicola fabiformis_1,24
3279_6,3279_6_S37_concoct_66,D01,D1,D01_D1,Donor,NA,1,NA,stool,concoct,3139675,157,34627,100,Bacteria,Bacillota,Clostridia,Lachnospirales,Lachnospiraceae,Anaerostipes,Anaerostipes hadrus,Anaerostipes hadrus_1,15
3279_6,3279_6_S37_concoct_81,D01,D1,D01_D1,Donor,NA,1,NA,stool,concoct,3027776,52,90842,100,Bacteria,Bacillota,Clostridia,Lachnospirales,Lachnospiraceae,Fusicatenibacter,Fusicatenibacter saccharivorans,Fusicatenibacter saccharivorans_1,33
3279_6,3279_6_S37_concoct_92,D01,D1,D01_D1,Donor,NA,1,NA,stool,concoct,2398953,34,144377,94,Bacteria,Bacillota,Clostridia,Oscillospirales,Ruminococcaceae,Ruminococcus_C,Ruminococcus_C sp000980705,Ruminococcus_C sp000980705_1,52
3279_6,3279_6_S37_concoct_36,D01,D1,D01_D1,Donor,NA,1,NA,stool,concoct,1636563,171,16082,95,NA,NA,NA,NA,NA,NA,NA,NA_1,23
3279_6,3279_6_S37_concoct_79,D01,D1,D01_D1,Donor,NA,1,NA,stool,concoct,2391790,40,182257,96,Bacteria,Bacillota,Clostridia,Oscillospirales,Acutalibacteraceae,Ruminococcoides,Ruminococcoides intestinale,Ruminococcoides intestinale_1,8
3279_6,3279_6_S37_concoct_26,D01,D1,D01_D1,Donor,NA,1,NA,stool,concoct,2250033,38,94813,96,Bacteria,Bacillota,Clostridia,Lachnospirales,Lachnospiraceae,Eubacterium_F,Eubacterium_F sp000433735,Eubacterium_F sp000433735_1,108
3279_6,3279_6_S37_concoct_105,D01,D1,D01_D1,Donor,NA,1,NA,stool,concoct,2635187,62,73919,100,Bacteria,Bacillota,Clostridia,Lachnospirales,Lachnospiraceae,Eubacterium_F,Eubacterium_F sp003491505,Eubacterium_F sp003491505_1,25
3279_6,3279_6_S37_metabat2_123,D01,D1,D01_D1,Donor,NA,1,NA,stool,metabat2,1936244,60,47925,92,Bacteria,Bacillota,Clostridia,Oscillospirales,Oscillospiraceae,Hominicoprocola,Hominicoprocola sp900317525,Hominicoprocola sp900317525_1,38
3279_6,3279_6_S37_metabat2_92,D01,D1,D01_D1,Donor,NA,1,NA,stool,metabat2,2575589,84,45890,92,Bacteria,Bacillota,Clostridia,Oscillospirales,Ruminococcaceae,Hominimerdicola,Hominimerdicola aceti,Hominimerdicola aceti_1,22
3279_6,3279_6_S37_concoct_7,D01,D1,D01_D1,Donor,NA,1,NA,stool,concoct,2190267,48,86233,94,Bacteria,Bacillota,Clostridia,Oscillospirales,Acutalibacteraceae,Pseudoruminococcus,Pseudoruminococcus massiliensis,Pseudoruminococcus massiliensis_1,86
3279_6,3279_6_S37_concoct_103,D01,D1,D01_D1,Donor,NA,1,NA,stool,concoct,1925788,16,219656,96,Bacteria,Bacillota,Clostridia,Oscillospirales,Acutalibacteraceae,CAG-217,CAG-217 sp000436335,CAG-217 sp000436335_1,46
3279_6,3279_6_S37_concoct_134,D01,D1,D01_D1,Donor,NA,1,NA,stool,concoct,1656095,611,3204,88,Bacteria,Actinomycetota,Coriobacteriia,Coriobacteriales,Eggerthellaceae,Anaerotardibacter,Anaerotardibacter sp000436075,Anaerotardibacter sp000436075_1,50
3279_6,3279_6_S37_metabat2_26,D01,D1,D01_D1,Donor,NA,1,NA,stool,metabat2,2531581,121,37074,90,Bacteria,Bacillota,Clostridia,Lachnospirales,Lachnospiraceae,Gallintestinimicrobium,Gallintestinimicrobium propionicum,Gallintestinimicrobium propionicum_1,39
3279_6,3279_6_S37_concoct_54,D01,D1,D01_D1,Donor,NA,1,NA,stool,concoct,1925564,95,35170,90,Bacteria,Bacillota,Clostridia,Oscillospirales,Ruminococcaceae,Angelakisella,Angelakisella sp900547385,Angelakisella sp900547385_1,90
3279_6,3279_6_S37_metabat2_66,D01,D1,D01_D1,Donor,NA,1,NA,stool,metabat2,2137617,62,53962,92,Bacteria,Bacillota,Clostridia,Lachnospirales,Lachnospiraceae,Eubacterium_F,Eubacterium_F sp900539115,Eubacterium_F sp900539115_1,124
3279_6,3279_6_S37_metabat2_48,D01,D1,D01_D1,Donor,NA,1,NA,stool,metabat2,2625156,212,18212,88,Bacteria,Bacillota,Clostridia,Oscillospirales,Ruminococcaceae,Gemmiger,Gemmiger qucibialis,Gemmiger qucibialis_1,12
3279_6,3279_6_S37_metabat2_84,D01,D1,D01_D1,Donor,NA,1,NA,stool,metabat2,2743174,127,42073,90,Bacteria,Bacillota,Clostridia,Lachnospirales,Lachnospiraceae,Blautia_A,Blautia_A wexlerae,Blautia_A wexlerae_1,51
3279_6,3279_6_S37_metabat2_62,D01,D1,D01_D1,Donor,NA,1,NA,stool,metabat2,2172937,34,96163,84,Bacteria,Bacillota,Clostridia,Oscillospirales,Oscillospiraceae,Limivicinus,Limivicinus sp003150355,Limivicinus sp003150355_1,94
3279_6,3279_6_S37_concoct_71,D01,D1,D01_D1,Donor,NA,1,NA,stool,concoct,6375154,378,31843,84,Bacteria,Bacteroidota,Bacteroidia,Bacteroidales,Bacteroidaceae,Bacteroides,Bacteroides uniformis,Bacteroides uniformis_1,37
3279_6,3279_6_S37_concoct_148,D01,D1,D01_D1,Donor,NA,1,NA,stool,concoct,1567556,442,4636,88,Bacteria,Bacillota,Bacilli,Lactobacillales,Streptococcaceae,Streptococcus,Streptococcus thermophilus,Streptococcus thermophilus_1,174
3279_6,3279_6_S37_metabat2_7,D01,D1,D01_D1,Donor,NA,1,NA,stool,metabat2,899701,7,234824,80,Bacteria,Bacillota,Negativicutes,Veillonellales,Dialisteraceae,Dialister,Dialister invisus,Dialister invisus_1,71
3279_6,3279_6_S37_concoct_96,D01,D1,D01_D1,Donor,NA,1,NA,stool,concoct,1386401,674,2178,80,Bacteria,Pseudomonadota,Gammaproteobacteria,Burkholderiales,Burkholderiaceae,Oxalobacter,Oxalobacter sp023449275,Oxalobacter sp023449275_2,488
3279_6,3279_6_S37_concoct_47,D01,D1,D01_D1,Donor,NA,1,NA,stool,concoct,1992736,335,7523,82,Bacteria,Bacillota,Clostridia,Oscillospirales,Acutalibacteraceae,Hominenteromicrobium,Hominenteromicrobium mulieris,Hominenteromicrobium mulieris_1,18
3279_6,3279_6_S37_metabat2_44,D01,D1,D01_D1,Donor,NA,1,NA,stool,metabat2,2630592,220,16904,80,Bacteria,Bacillota,Clostridia,Oscillospirales,Oscillospiraceae,Scatomorpha,Scatomorpha sp.,Scatomorpha sp._1,106
3279_6,3279_6_S37_concoct_143,D01,D1,D01_D1,Donor,NA,1,NA,stool,concoct,1773751,568,3675,82,Bacteria,Bacillota,Clostridia,Lachnospirales,Lachnospiraceae,Eubacterium_G,Eubacterium_G ventriosum,Eubacterium_G ventriosum_1,81
3279_6,3279_6_S37_metabat2_102,D01,D1,D01_D1,Donor,NA,1,NA,stool,metabat2,3028533,214,25943,76,Bacteria,Bacillota,Bacilli,Erysipelotrichales,Coprobacillaceae,Faecalibacillus,Faecalibacillus intestinalis,Faecalibacillus intestinalis_1,69
3279_6,3279_6_S37_metabat2_2,D01,D1,D01_D1,Donor,NA,1,NA,stool,metabat2,4305107,534,11120,78,Bacteria,Bacillota,Clostridia,Lachnospirales,Lachnospiraceae,Blautia_A,Blautia_A faecis,NA,NA
3279_6,3279_6_S37_concoct_118,D01,D1,D01_D1,Donor,NA,1,NA,stool,concoct,1412351,669,2308,69,Bacteria,Bacillota,Clostridia,Christensenellales,CAG-138,PeH17,PeH17 sp000435055,PeH17 sp000435055_1,26
3279_6,3279_6_S37_concoct_113,D01,D1,D01_D1,Donor,NA,1,NA,stool,concoct,3117985,119,47885,73,Bacteria,Bacillota,Clostridia,Lachnospirales,Lachnospiraceae,Hominisplanchenecus,Hominisplanchenecus faecis,Hominisplanchenecus faecis_1,32
3279_6,3279_6_S37_concoct_27,D01,D1,D01_D1,Donor,NA,1,NA,stool,concoct,1570111,657,2714,67,Bacteria,Bacillota,Clostridia,Lachnospirales,Anaerotignaceae,Anaerotignum_A,Anaerotignum_A faecicola,Anaerotignum_A faecicola_1,97
3279_6,3279_6_S37_metabat2_133,D01,D1,D01_D1,Donor,NA,1,NA,stool,metabat2,1996810,505,4923,67,Bacteria,Actinomycetota,Coriobacteriia,Coriobacteriales,Eggerthellaceae,Adlercreutzia,Adlercreutzia rubneri,Adlercreutzia rubneri_1,67
3279_6,3279_6_S37_concoct_100,D01,D1,D01_D1,Donor,NA,1,NA,stool,concoct,4018064,515,11434,84,Bacteria,Bacillota,Clostridia,Lachnospirales,Lachnospiraceae,Lachnospira,Lachnospira sp003451515,NA,NA
3279_6,3279_6_S37_metabat2_107,D01,D1,D01_D1,Donor,NA,1,NA,stool,metabat2,1713277,54,65015,63,Bacteria,Bacillota,Clostridia,Lachnospirales,Lachnospiraceae,Anthropogastromicrobium,Anthropogastromicrobium aceti,NA,NA
3279_6,3279_6_S37_metabat2_80,D01,D1,D01_D1,Donor,NA,1,NA,stool,metabat2,2239622,264,11741,82,Bacteria,Bacillota,Clostridia,Oscillospirales,Oscillospiraceae,Oscillibacter,Oscillibacter segnis,Oscillibacter segnis_1,64
3279_6,3279_6_S37_concoct_53,D01,D1,D01_D1,Donor,NA,1,NA,stool,concoct,9481451,417,47504,96,Unclassified Bacteria,NA,NA,NA,NA,NA,Unclassified Bacteria sp.,NA,NA
3279_6,3279_6_S37_concoct_14,D01,D1,D01_D1,Donor,NA,1,NA,stool,concoct,2117824,425,6126,65,Bacteria,Bacillota,Clostridia,Christensenellales,Aristaeellaceae,Ventricola,Ventricola sp900542445,Ventricola sp900542445_1,57
3279_6,3279_6_S37_metabat2_91,D01,D1,D01_D1,Donor,NA,1,NA,stool,metabat2,2157768,117,28997,67,Bacteria,Bacillota,Clostridia,Oscillospirales,Ruminococcaceae,Gemmiger,Gemmiger formicilis,Gemmiger formicilis_1,72
3279_6,3279_6_S37_concoct_125,D01,D1,D01_D1,Donor,NA,1,NA,stool,concoct,1943693,1129,1755,59,Bacteria,Desulfobacterota_I,Desulfovibrionia,Desulfovibrionales,Desulfovibrionaceae,Bilophila,Bilophila wadsworthia,Bilophila wadsworthia_4,703
3279_6,3279_6_S37_concoct_68,D01,D1,D01_D1,Donor,NA,1,NA,stool,concoct,3407278,813,4608,86,Bacteria,Bacillota,Clostridia,Oscillospirales,Oscillospiraceae,Oscillibacter,Oscillibacter sp.,NA,NA
3279_6,3279_6_S37_metabat2_30,D01,D1,D01_D1,Donor,NA,1,NA,stool,metabat2,1244278,41,60738,59,Bacteria,Bacillota,Clostridia,Lachnospirales,Lachnospiraceae,Blautia_A,Blautia_A intestinihominis,Blautia_A intestinihominis_1,201
3279_6,3279_6_S37_metabat2_56,D01,D1,D01_D1,Donor,NA,1,NA,stool,metabat2,1177883,72,29012,59,Bacteria,Bacillota,Bacilli,RF39,UBA660,CAG-302,CAG-302 sp000431795,CAG-302 sp000431795_1,153
3279_6,3279_6_S37_concoct_73,D01,D1,D01_D1,Donor,NA,1,NA,stool,concoct,1362501,885,1526,65,Bacteria,Pseudomonadota,Alphaproteobacteria,RF32,CAG-239,MGBC133411,MGBC133411 sp.,NA,NA
3279_6,3279_6_S37_concoct_78,D01,D1,D01_D1,Donor,NA,1,NA,stool,concoct,1499392,769,2060,55,Bacteria,Bacillota,Clostridia,Oscillospirales,Ruminococcaceae,Ruminiclostridium_E,Ruminiclostridium_E siraeum,Ruminiclostridium_E siraeum_1,182
3279_7,3279_7_S38_concoct_30,D01,D2,D01_D2,Donor,NA,2,NA,stool,concoct,3835893,190,28505,100,Bacteria,Bacteroidota,Bacteroidia,Bacteroidales,Marinifilaceae,Odoribacter,Odoribacter splanchnicus,Odoribacter splanchnicus_1,21
3279_7,3279_7_S38_metabat2_111,D01,D2,D01_D2,Donor,NA,2,NA,stool,metabat2,2973814,35,159660,98,Bacteria,Bacteroidota,Bacteroidia,Bacteroidales,Barnesiellaceae,Barnesiella,Barnesiella intestinihominis,Barnesiella intestinihominis_1,9
3279_7,3279_7_S38_metabat2_115,D01,D2,D01_D2,Donor,NA,2,NA,stool,metabat2,2098687,35,115829,98,Bacteria,Bacteroidota,Bacteroidia,Bacteroidales,Rikenellaceae,Alistipes,Alistipes putredinis,Alistipes putredinis_1,4
3279_7,3279_7_S38_concoct_69,D01,D2,D01_D2,Donor,NA,2,NA,stool,concoct,4622144,66,115286,98,Bacteria,Bacteroidota,Bacteroidia,Bacteroidales,Tannerellaceae,Parabacteroides,Parabacteroides distasonis,Parabacteroides distasonis_1,1
3279_7,3279_7_S38_concoct_18,D01,D2,D01_D2,Donor,NA,2,NA,stool,concoct,3130042,49,92994,98,Bacteria,Bacteroidota,Bacteroidia,Bacteroidales,Muribaculaceae,Duncaniella,Duncaniella sp900549445,Duncaniella sp900549445_1,70
3279_7,3279_7_S38_metabat2_106,D01,D2,D01_D2,Donor,NA,2,NA,stool,metabat2,2560792,459,7629,98,Bacteria,Actinomycetota,Coriobacteriia,Coriobacteriales,Eggerthellaceae,Adlercreutzia,Adlercreutzia rubneri,Adlercreutzia rubneri_1,67
3279_7,3279_7_S38_concoct_17,D01,D2,D01_D2,Donor,NA,2,NA,stool,concoct,1939933,245,12902,100,Bacteria,Actinomycetota,Coriobacteriia,Coriobacteriales,Eggerthellaceae,Anaerotardibacter,Anaerotardibacter sp000436075,Anaerotardibacter sp000436075_1,50
3279_7,3279_7_S38_metabat2_45,D01,D2,D01_D2,Donor,NA,2,NA,stool,metabat2,2605896,49,121939,100,Bacteria,Bacillota,Clostridia,Lachnospirales,Lachnospiraceae,Roseburia_C,Roseburia_C amylophila,Roseburia_C amylophila_1,40
3279_7,3279_7_S38_metabat2_112,D01,D2,D01_D2,Donor,NA,2,NA,stool,metabat2,2660993,21,162296,96,Bacteria,Bacillota,Clostridia,Lachnospirales,Lachnospiraceae,Wujia,Wujia hominis,Wujia hominis_1,43
3279_7,3279_7_S38_concoct_115,D01,D2,D01_D2,Donor,NA,2,NA,stool,concoct,2814309,396,10304,96,Bacteria,Bacillota,Bacilli,MOL361,Turicibacteraceae,Turicibacter,Turicibacter sanguinis,Turicibacter sanguinis_1,197
3279_7,3279_7_S38_metabat2_47,D01,D2,D01_D2,Donor,NA,2,NA,stool,metabat2,1996348,44,60436,98,Bacteria,Actinomycetota,Coriobacteriia,Coriobacteriales,Coriobacteriaceae,Collinsella,Collinsella sp.,Collinsella sp._1,31
3279_7,3279_7_S38_metabat2_37,D01,D2,D01_D2,Donor,NA,2,NA,stool,metabat2,2945176,102,41394,100,Bacteria,Bacillota,Clostridia,Christensenellales,Aristaeellaceae,UBA11524,UBA11524 sp000437595,UBA11524 sp000437595_1,30
3279_7,3279_7_S38_metabat2_88,D01,D2,D01_D2,Donor,NA,2,NA,stool,metabat2,2291473,145,24109,100,Bacteria,Bacillota,Clostridia,Lachnospirales,Lachnospiraceae,Eubacterium_G,Eubacterium_G ventriosum,Eubacterium_G ventriosum_1,81
3279_7,3279_7_S38_concoct_132,D01,D2,D01_D2,Donor,NA,2,NA,stool,concoct,2780502,44,106766,94,Bacteria,Verrucomicrobiota,Verrucomicrobiia,Verrucomicrobiales,Akkermansiaceae,Akkermansia,Akkermansia muciniphila,Akkermansia muciniphila_1,6
3279_7,3279_7_S38_metabat2_49,D01,D2,D01_D2,Donor,NA,2,NA,stool,metabat2,2994939,41,103868,94,Bacteria,Verrucomicrobiota,Verrucomicrobiia,Verrucomicrobiales,Akkermansiaceae,Akkermansia,Akkermansia sp900545155,Akkermansia sp900545155_1,132
3279_7,3279_7_S38_concoct_134,D01,D2,D01_D2,Donor,NA,2,NA,stool,concoct,2584852,153,31221,96,Bacteria,Bacillota,Clostridia,Lachnospirales,Lachnospiraceae,Gallintestinimicrobium,Gallintestinimicrobium propionicum,Gallintestinimicrobium propionicum_1,39
3279_7,3279_7_S38_concoct_93,D01,D2,D01_D2,Donor,NA,2,NA,stool,concoct,2676168,48,100106,100,Bacteria,Bacillota,Clostridia,UBA1381,UBA1381,Hominilimicola,Hominilimicola fabiformis,Hominilimicola fabiformis_1,24
3279_7,3279_7_S38_concoct_15,D01,D2,D01_D2,Donor,NA,2,NA,stool,concoct,3134603,62,95724,100,Bacteria,Bacillota,Clostridia,Lachnospirales,Lachnospiraceae,Fusicatenibacter,Fusicatenibacter saccharivorans,Fusicatenibacter saccharivorans_1,33
3279_7,3279_7_S38_concoct_137,D01,D2,D01_D2,Donor,NA,2,NA,stool,concoct,2383555,31,111856,94,Bacteria,Bacillota,Clostridia,Oscillospirales,Ruminococcaceae,Ruminococcus_C,Ruminococcus_C sp000980705,Ruminococcus_C sp000980705_1,52
3279_7,3279_7_S38_metabat2_73,D01,D2,D01_D2,Donor,NA,2,NA,stool,metabat2,2628683,85,45116,94,Bacteria,Bacillota,Clostridia,Oscillospirales,Ruminococcaceae,Hominimerdicola,Hominimerdicola aceti,Hominimerdicola aceti_1,22
3279_7,3279_7_S38_concoct_66,D01,D2,D01_D2,Donor,NA,2,NA,stool,concoct,2235949,19,375371,96,Bacteria,Bacillota,Clostridia,Oscillospirales,Acutalibacteraceae,Ruminococcoides,Ruminococcoides intestinale,Ruminococcoides intestinale_1,8
3279_7,3279_7_S38_metabat2_43,D01,D2,D01_D2,Donor,NA,2,NA,stool,metabat2,1923358,14,266719,96,Bacteria,Bacillota,Clostridia,Oscillospirales,Acutalibacteraceae,CAG-217,CAG-217 sp000436335,CAG-217 sp000436335_1,46
3279_7,3279_7_S38_concoct_13,D01,D2,D01_D2,Donor,NA,2,NA,stool,concoct,2638972,82,47998,100,Bacteria,Bacillota,Clostridia,Lachnospirales,Lachnospiraceae,Hominisplanchenecus,Hominisplanchenecus faecis,Hominisplanchenecus faecis_1,32
3279_7,3279_7_S38_concoct_50,D01,D2,D01_D2,Donor,NA,2,NA,stool,concoct,6887584,255,59073,100,Bacteria,Bacteroidota,Bacteroidia,Bacteroidales,Bacteroidaceae,Phocaeicola,Phocaeicola dorei,Phocaeicola dorei_1,85
3279_7,3279_7_S38_concoct_5,D01,D2,D01_D2,Donor,NA,2,NA,stool,concoct,1916339,169,19790,92,Bacteria,Bacillota,Clostridia,Oscillospirales,Ruminococcaceae,Angelakisella,Angelakisella sp900547385,Angelakisella sp900547385_1,90
3279_7,3279_7_S38_concoct_125,D01,D2,D01_D2,Donor,NA,2,NA,stool,concoct,1108663,262,5268,92,Bacteria,Bacillota,Bacilli,RF39,UBA660,CAG-302,CAG-302 sp000431795,CAG-302 sp000431795_1,153
3279_7,3279_7_S38_concoct_116,D01,D2,D01_D2,Donor,NA,2,NA,stool,concoct,2294159,53,87069,94,Bacteria,Bacillota,Clostridia,Oscillospirales,Acutalibacteraceae,Pseudoruminococcus,Pseudoruminococcus massiliensis,Pseudoruminococcus massiliensis_1,86
3279_7,3279_7_S38_concoct_72,D01,D2,D01_D2,Donor,NA,2,NA,stool,concoct,2553621,86,48350,94,Bacteria,Bacillota,Clostridia,Lachnospirales,Lachnospiraceae,Eubacterium_F,Eubacterium_F sp003491505,Eubacterium_F sp003491505_1,25
3279_7,3279_7_S38_metabat2_132,D01,D2,D01_D2,Donor,NA,2,NA,stool,metabat2,2547728,277,14529,92,Bacteria,Bacillota,Clostridia,Lachnospirales,Lachnospiraceae,Lachnospira,Lachnospira eligens_A,Lachnospira eligens_A_1,127
3279_7,3279_7_S38_metabat2_61,D01,D2,D01_D2,Donor,NA,2,NA,stool,metabat2,4154148,244,37967,94,Bacteria,Bacillota,Clostridia,Lachnospirales,Lachnospiraceae,Roseburia,Roseburia inulinivorans,Roseburia inulinivorans_1,239
3279_7,3279_7_S38_concoct_48,D01,D2,D01_D2,Donor,NA,2,NA,stool,concoct,3200056,186,28801,96,Bacteria,Bacillota,Clostridia,Lachnospirales,Lachnospiraceae,Anaerostipes,Anaerostipes hadrus,Anaerostipes hadrus_1,15
3279_7,3279_7_S38_concoct_126,D01,D2,D01_D2,Donor,NA,2,NA,stool,concoct,2672367,1265,2300,86,Bacteria,Desulfobacterota_I,Desulfovibrionia,Desulfovibrionales,Desulfovibrionaceae,Bilophila,Bilophila wadsworthia,Bilophila wadsworthia_2,45
3279_7,3279_7_S38_metabat2_48,D01,D2,D01_D2,Donor,NA,2,NA,stool,metabat2,2731151,270,15753,92,Bacteria,Bacillota,Clostridia,Lachnospirales,Lachnospiraceae,Butyribacter,Butyribacter sp000436755,Butyribacter sp000436755_1,193
3279_7,3279_7_S38_concoct_12,D01,D2,D01_D2,Donor,NA,2,NA,stool,concoct,2580086,65,64290,90,Unclassified Bacteria,NA,NA,NA,NA,NA,Unclassified Bacteria sp.,NA,NA
3279_7,3279_7_S38_concoct_63,D01,D2,D01_D2,Donor,NA,2,NA,stool,concoct,1421103,312,5741,84,NA,NA,NA,NA,NA,NA,NA,NA_1,23
3279_7,3279_7_S38_concoct_6,D01,D2,D01_D2,Donor,NA,2,NA,stool,concoct,2644450,320,11745,92,Bacteria,Bacillota,Bacilli,Erysipelotrichales,Coprobacillaceae,Faecalibacillus,Faecalibacillus intestinalis,Faecalibacillus intestinalis_1,69
3279_7,3279_7_S38_metabat2_28,D01,D2,D01_D2,Donor,NA,2,NA,stool,metabat2,928968,11,233775,82,Bacteria,Bacillota,Negativicutes,Veillonellales,Dialisteraceae,Dialister,Dialister invisus,Dialister invisus_1,71
3279_7,3279_7_S38_concoct_121,D01,D2,D01_D2,Donor,NA,2,NA,stool,concoct,1798822,124,21453,80,Bacteria,Bacillota,Clostridia,Oscillospirales,Oscillospiraceae,Vescimonas,Vescimonas coprocola,Vescimonas coprocola_1,7
3279_7,3279_7_S38_metabat2_35,D01,D2,D01_D2,Donor,NA,2,NA,stool,metabat2,1191175,101,16252,80,Bacteria,Bacillota,Clostridia,Oscillospirales,Ruminococcaceae,Gemmiger,Gemmiger qucibialis,Gemmiger qucibialis_1,12
3279_7,3279_7_S38_concoct_41,D01,D2,D01_D2,Donor,NA,2,NA,stool,concoct,3408966,48,155600,100,Unclassified Bacteria,NA,NA,NA,NA,NA,Unclassified Bacteria sp.,NA,NA
3279_7,3279_7_S38_concoct_67,D01,D2,D01_D2,Donor,NA,2,NA,stool,concoct,2043655,327,7857,80,Bacteria,Bacillota,Clostridia,Lachnospirales,Anaerotignaceae,Anaerotignum_A,Anaerotignum_A faecicola,Anaerotignum_A faecicola_1,97
3279_7,3279_7_S38_concoct_22,D01,D2,D01_D2,Donor,NA,2,NA,stool,concoct,2702201,170,21851,82,Bacteria,Bacillota,Clostridia,Lachnospirales,Lachnospiraceae,Frisingicoccus,Frisingicoccus sp902471845,Frisingicoccus sp902471845_1,109
3279_7,3279_7_S38_concoct_4,D01,D2,D01_D2,Donor,NA,2,NA,stool,concoct,1564681,561,3399,76,Bacteria,Pseudomonadota,Alphaproteobacteria,RF32,CAG-239,CAZU01,CAZU01 sp000432275,CAZU01 sp000432275_1,172
3279_7,3279_7_S38_maxbin2_007,D01,D2,D01_D2,Donor,NA,2,NA,stool,maxbin2,2301452,94,142936,92,Bacteria,Actinomycetota,Actinomycetes,Actinomycetales,Bifidobacteriaceae,Bifidobacterium,Bifidobacterium sp959020155,NA,NA
3279_7,3279_7_S38_concoct_32,D01,D2,D01_D2,Donor,NA,2,NA,stool,concoct,2402947,153,26137,86,Unclassified Bacteria,NA,NA,NA,NA,NA,Unclassified Bacteria sp.,NA,NA
3279_7,3279_7_S38_metabat2_128,D01,D2,D01_D2,Donor,NA,2,NA,stool,metabat2,2044400,53,52755,96,Bacteria,Bacillota,Clostridia,Oscillospirales,Oscillospiraceae,Onthomonas,Onthomonas sp900545815,Onthomonas sp900545815_1,137
3279_7,3279_7_S38_metabat2_36,D01,D2,D01_D2,Donor,NA,2,NA,stool,metabat2,3237652,448,9700,86,Bacteria,Bacillota,Clostridia,Lachnospirales,Lachnospiraceae,Blautia_A,Blautia_A faecis,Blautia_A faecis_1,147
3279_7,3279_7_S38_concoct_131,D01,D2,D01_D2,Donor,NA,2,NA,stool,concoct,5431454,703,10615,96,Unclassified Bacteria,NA,NA,NA,NA,NA,Unclassified Bacteria sp.,NA,NA
3279_7,3279_7_S38_concoct_78,D01,D2,D01_D2,Donor,NA,2,NA,stool,concoct,2110301,1030,2190,86,Bacteria,Bacillota,Bacilli,Lactobacillales,Streptococcaceae,Streptococcus,Streptococcus salivarius_D,NA,NA
3279_7,3279_7_S38_metabat2_72,D01,D2,D01_D2,Donor,NA,2,NA,stool,metabat2,3183490,315,15183,71,Bacteria,Bacteroidota,Bacteroidia,Bacteroidales,Bacteroidaceae,Bacteroides,Bacteroides uniformis,Bacteroides uniformis_1,37
3279_7,3279_7_S38_metabat2_122,D01,D2,D01_D2,Donor,NA,2,NA,stool,metabat2,2839857,238,23638,80,Bacteria,Bacillota,Clostridia,Lachnospirales,Lachnospiraceae,Anaerobutyricum,Anaerobutyricum soehngenii,Anaerobutyricum soehngenii_1,245
3279_7,3279_7_S38_metabat2_117,D01,D2,D01_D2,Donor,NA,2,NA,stool,metabat2,3767712,90,63885,69,Bacteria,Bacteroidota,Bacteroidia,Bacteroidales,Tannerellaceae,Parabacteroides,Parabacteroides merdae,Parabacteroides merdae_1,28
3279_7,3279_7_S38_metabat2_121,D01,D2,D01_D2,Donor,NA,2,NA,stool,metabat2,2255254,61,61167,67,Bacteria,Bacillota,Clostridia,Oscillospirales,Oscillospiraceae,Limivicinus,Limivicinus sp003150355,Limivicinus sp003150355_1,94
3279_7,3279_7_S38_concoct_111,D01,D2,D01_D2,Donor,NA,2,NA,stool,concoct,2633517,134,37109,100,Bacteria,Pseudomonadota,Gammaproteobacteria,Burkholderiales,Burkholderiaceae,Sutterella,Sutterella wadsworthensis_A,Sutterella wadsworthensis_A_1,10
3279_7,3279_7_S38_metabat2_68,D01,D2,D01_D2,Donor,NA,2,NA,stool,metabat2,1624692,43,68180,65,Bacteria,Bacillota,Clostridia,Lachnospirales,Lachnospiraceae,Anthropogastromicrobium,Anthropogastromicrobium aceti,NA,NA
3279_7,3279_7_S38_metabat2_135,D01,D2,D01_D2,Donor,NA,2,NA,stool,metabat2,1616914,229,9353,65,Bacteria,Bacillota,Clostridia,Oscillospirales,Oscillospiraceae,Evtepia,Evtepia gabavorous,Evtepia gabavorous_1,19
3279_7,3279_7_S38_metabat2_102,D01,D2,D01_D2,Donor,NA,2,NA,stool,metabat2,1720214,69,35182,65,Bacteria,Bacillota,Clostridia,Oscillospirales,Oscillospiraceae,Hominicoprocola,Hominicoprocola sp900317525,Hominicoprocola sp900317525_1,38
3279_7,3279_7_S38_concoct_47,D01,D2,D01_D2,Donor,NA,2,NA,stool,concoct,2489227,354,9474,67,Bacteria,Bacillota,Clostridia,Oscillospirales,Oscillospiraceae,Scatomorpha,Scatomorpha sp900545405,Scatomorpha sp900545405_1,106
3279_7,3279_7_S38_concoct_100,D01,D2,D01_D2,Donor,NA,2,NA,stool,concoct,1528931,764,2187,61,Bacteria,Bacillota,Clostridia,Christensenellales,Pumilibacteraceae,UBA10677,UBA10677 sp900762945,UBA10677 sp900762945_1,223
3279_7,3279_7_S38_maxbin2_094,D01,D2,D01_D2,Donor,NA,2,NA,stool,maxbin2,1156948,71,16294,57,Bacteria,Bacillota,Clostridia,Lachnospirales,Lachnospiraceae,Mediterraneibacter,Mediterraneibacter sp.,NA,NA
3279_7,3279_7_S38_metabat2_107,D01,D2,D01_D2,Donor,NA,2,NA,stool,metabat2,1713928,483,3732,55,Bacteria,Bacillota,Clostridia,Christensenellales,Aristaeellaceae,Ventricola,Ventricola sp900542445,Ventricola sp900542445_1,57
3279_7,3279_7_S38_concoct_142,D01,D2,D01_D2,Donor,NA,2,NA,stool,concoct,1855481,57,85146,65,Bacteria,Bacillota,Clostridia,Lachnospirales,Lachnospiraceae,Anthropogastromicrobium,Anthropogastromicrobium aceti,Anthropogastromicrobium aceti_1,35
3279_8,3279_8_S39_concoct_110,D01,D3,D01_D3,Donor,NA,3,NA,stool,concoct,3187765,41,157016,100,Bacteria,Bacteroidota,Bacteroidia,Bacteroidales,Barnesiellaceae,Barnesiella,Barnesiella intestinihominis,Barnesiella intestinihominis_1,9
3279_8,3279_8_S39_concoct_102,D01,D3,D01_D3,Donor,NA,3,NA,stool,concoct,3282975,48,117255,100,Bacteria,Bacteroidota,Bacteroidia,Bacteroidales,Muribaculaceae,Duncaniella,Duncaniella sp900549445,Duncaniella sp900549445_1,70
3279_8,3279_8_S39_metabat2_26,D01,D3,D01_D3,Donor,NA,3,NA,stool,metabat2,4536863,65,116039,100,Bacteria,Bacteroidota,Bacteroidia,Bacteroidales,Tannerellaceae,Parabacteroides,Parabacteroides distasonis,Parabacteroides distasonis_1,1
3279_8,3279_8_S39_metabat2_63,D01,D3,D01_D3,Donor,NA,3,NA,stool,metabat2,2115319,39,91659,100,Bacteria,Bacteroidota,Bacteroidia,Bacteroidales,Rikenellaceae,Alistipes,Alistipes putredinis,Alistipes putredinis_1,4
3279_8,3279_8_S39_concoct_28,D01,D3,D01_D3,Donor,NA,3,NA,stool,concoct,4173553,104,69675,100,Bacteria,Bacteroidota,Bacteroidia,Bacteroidales,Tannerellaceae,Parabacteroides,Parabacteroides merdae,Parabacteroides merdae_1,28
3279_8,3279_8_S39_concoct_66,D01,D3,D01_D3,Donor,NA,3,NA,stool,concoct,2642047,134,35459,100,Bacteria,Pseudomonadota,Gammaproteobacteria,Burkholderiales,Burkholderiaceae,Sutterella,Sutterella wadsworthensis_A,Sutterella wadsworthensis_A_1,10
3279_8,3279_8_S39_metabat2_36,D01,D3,D01_D3,Donor,NA,3,NA,stool,metabat2,1701606,108,23637,100,Bacteria,Actinomycetota,Coriobacteriia,Coriobacteriales,Eggerthellaceae,Anaerotardibacter,Anaerotardibacter sp000436075,Anaerotardibacter sp000436075_1,50
3279_8,3279_8_S39_concoct_15,D01,D3,D01_D3,Donor,NA,3,NA,stool,concoct,3434076,343,13063,98,Bacteria,Bacteroidota,Bacteroidia,Bacteroidales,Marinifilaceae,Odoribacter,Odoribacter splanchnicus,Odoribacter splanchnicus_1,21
3279_8,3279_8_S39_metabat2_4,D01,D3,D01_D3,Donor,NA,3,NA,stool,metabat2,2608510,65,109663,100,Bacteria,Bacillota,Clostridia,Lachnospirales,Lachnospiraceae,Roseburia_C,Roseburia_C amylophila,Roseburia_C amylophila_1,40
3279_8,3279_8_S39_metabat2_98,D01,D3,D01_D3,Donor,NA,3,NA,stool,metabat2,2391065,42,107784,100,Bacteria,Bacillota,Clostridia,Christensenellales,QALW01,UMGS1322,UMGS1322 sp900550765,UMGS1322 sp900550765_1,163
3279_8,3279_8_S39_concoct_44,D01,D3,D01_D3,Donor,NA,3,NA,stool,concoct,1847613,24,179809,98,Unclassified Bacteria,NA,NA,NA,NA,NA,Unclassified Bacteria sp.,NA,NA
3279_8,3279_8_S39_concoct_91,D01,D3,D01_D3,Donor,NA,3,NA,stool,concoct,2250373,71,60370,100,Bacteria,Actinomycetota,Coriobacteriia,Coriobacteriales,Coriobacteriaceae,Collinsella,Collinsella sp.,Collinsella sp._1,31
3279_8,3279_8_S39_metabat2_51,D01,D3,D01_D3,Donor,NA,3,NA,stool,metabat2,2074115,110,32813,98,Bacteria,Actinomycetota,Actinomycetes,Actinomycetales,Bifidobacteriaceae,Bifidobacterium,Bifidobacterium longum,Bifidobacterium longum_1,13
3279_8,3279_8_S39_concoct_133,D01,D3,D01_D3,Donor,NA,3,NA,stool,concoct,2569981,110,142936,98,Unclassified Bacteria,NA,NA,NA,NA,NA,Unclassified Bacteria sp.,NA,NA
3279_8,3279_8_S39_concoct_121,D01,D3,D01_D3,Donor,NA,3,NA,stool,concoct,3121129,108,43659,100,Bacteria,Bacillota,Clostridia,Christensenellales,Aristaeellaceae,UBA11524,UBA11524 sp000437595,UBA11524 sp000437595_1,30
3279_8,3279_8_S39_metabat2_73,D01,D3,D01_D3,Donor,NA,3,NA,stool,metabat2,2589452,127,43606,100,Bacteria,Bacillota,Clostridia,Lachnospirales,Lachnospiraceae,Lachnospira,Lachnospira eligens_A,Lachnospira eligens_A_1,127
3279_8,3279_8_S39_metabat2_104,D01,D3,D01_D3,Donor,NA,3,NA,stool,metabat2,2535729,142,35493,100,Bacteria,Bacillota,Clostridia,Lachnospirales,Lachnospiraceae,Anaerostipes,Anaerostipes hadrus,Anaerostipes hadrus_1,15
3279_8,3279_8_S39_concoct_58,D01,D3,D01_D3,Donor,NA,3,NA,stool,concoct,2822751,47,103682,94,Bacteria,Verrucomicrobiota,Verrucomicrobiia,Verrucomicrobiales,Akkermansiaceae,Akkermansia,Akkermansia muciniphila,Akkermansia muciniphila_1,6
3279_8,3279_8_S39_concoct_34,D01,D3,D01_D3,Donor,NA,3,NA,stool,concoct,2705332,20,224606,96,Bacteria,Bacillota,Clostridia,Lachnospirales,Lachnospiraceae,Wujia,Wujia hominis,Wujia hominis_1,43
3279_8,3279_8_S39_concoct_145,D01,D3,D01_D3,Donor,NA,3,NA,stool,concoct,2738060,50,82583,100,Bacteria,Bacillota,Clostridia,UBA1381,UBA1381,Hominilimicola,Hominilimicola fabiformis,Hominilimicola fabiformis_1,24
3279_8,3279_8_S39_concoct_32,D01,D3,D01_D3,Donor,NA,3,NA,stool,concoct,3011740,42,124844,100,Bacteria,Bacillota,Clostridia,Lachnospirales,Lachnospiraceae,Fusicatenibacter,Fusicatenibacter saccharivorans,Fusicatenibacter saccharivorans_1,33
3279_8,3279_8_S39_metabat2_22,D01,D3,D01_D3,Donor,NA,3,NA,stool,metabat2,2610969,213,18535,92,Bacteria,Verrucomicrobiota,Verrucomicrobiia,Verrucomicrobiales,Akkermansiaceae,Akkermansia,Akkermansia sp900545155,Akkermansia sp900545155_1,132
3279_8,3279_8_S39_concoct_140,D01,D3,D01_D3,Donor,NA,3,NA,stool,concoct,4056020,413,14774,92,Unclassified Bacteria,NA,NA,NA,NA,NA,Unclassified Bacteria sp.,NA,NA
3279_8,3279_8_S39_concoct_78,D01,D3,D01_D3,Donor,NA,3,NA,stool,concoct,2402620,34,112031,94,Bacteria,Bacillota,Clostridia,Oscillospirales,Ruminococcaceae,Ruminococcus_C,Ruminococcus_C sp000980705,Ruminococcus_C sp000980705_1,52
3279_8,3279_8_S39_metabat2_37,D01,D3,D01_D3,Donor,NA,3,NA,stool,metabat2,2640794,84,50046,94,Bacteria,Bacillota,Clostridia,Oscillospirales,Ruminococcaceae,Hominimerdicola,Hominimerdicola aceti,Hominimerdicola aceti_1,22
3279_8,3279_8_S39_concoct_122,D01,D3,D01_D3,Donor,NA,3,NA,stool,concoct,2185270,326,8699,94,Bacteria,Bacillota,Clostridia,Christensenellales,Pumilibacteraceae,UBA10677,UBA10677 sp900762945,UBA10677 sp900762945_1,223
3279_8,3279_8_S39_concoct_3,D01,D3,D01_D3,Donor,NA,3,NA,stool,concoct,1949102,16,266719,96,Bacteria,Bacillota,Clostridia,Oscillospirales,Acutalibacteraceae,CAG-217,CAG-217 sp000436335,CAG-217 sp000436335_1,46
3279_8,3279_8_S39_concoct_39,D01,D3,D01_D3,Donor,NA,3,NA,stool,concoct,2456347,37,182257,96,Bacteria,Bacillota,Clostridia,Oscillospirales,Acutalibacteraceae,Ruminococcoides,Ruminococcoides intestinale,Ruminococcoides intestinale_1,8
3279_8,3279_8_S39_metabat2_32,D01,D3,D01_D3,Donor,NA,3,NA,stool,metabat2,2030549,281,10370,96,Bacteria,Bacillota,Clostridia,Lachnospirales,Lachnospiraceae,Eubacterium_G,Eubacterium_G ventriosum,Eubacterium_G ventriosum_1,81
3279_8,3279_8_S39_concoct_98,D01,D3,D01_D3,Donor,NA,3,NA,stool,concoct,1870311,113,33927,92,Bacteria,Bacillota,Clostridia,Oscillospirales,Ruminococcaceae,Angelakisella,Angelakisella sp900547385,Angelakisella sp900547385_1,90
3279_8,3279_8_S39_metabat2_65,D01,D3,D01_D3,Donor,NA,3,NA,stool,metabat2,2596870,146,31783,92,Bacteria,Bacillota,Clostridia,Lachnospirales,Lachnospiraceae,Gallintestinimicrobium,Gallintestinimicrobium propionicum,Gallintestinimicrobium propionicum_1,39
3279_8,3279_8_S39_concoct_13,D01,D3,D01_D3,Donor,NA,3,NA,stool,concoct,2197158,44,87071,94,Bacteria,Bacillota,Clostridia,Oscillospirales,Acutalibacteraceae,Pseudoruminococcus,Pseudoruminococcus massiliensis,Pseudoruminococcus massiliensis_1,86
3279_8,3279_8_S39_metabat2_84,D01,D3,D01_D3,Donor,NA,3,NA,stool,metabat2,1389470,236,7422,89,NA,NA,NA,NA,NA,NA,NA,NA_1,23
3279_8,3279_8_S39_metabat2_80,D01,D3,D01_D3,Donor,NA,3,NA,stool,metabat2,2218980,64,57947,96,Bacteria,Bacillota,Clostridia,Oscillospirales,Oscillospiraceae,Limivicinus,Limivicinus sp003150355,Limivicinus sp003150355_1,94
3279_8,3279_8_S39_metabat2_115,D01,D3,D01_D3,Donor,NA,3,NA,stool,metabat2,1666360,79,33223,88,Bacteria,Bacillota,Clostridia,Oscillospirales,Oscillospiraceae,Hominicoprocola,Hominicoprocola sp900317525,Hominicoprocola sp900317525_1,38
3279_8,3279_8_S39_concoct_107,D01,D3,D01_D3,Donor,NA,3,NA,stool,concoct,1935934,518,4800,88,Bacteria,Bacillota,Clostridia,Lachnospirales,Anaerotignaceae,Anaerotignum_A,Anaerotignum_A faecicola,Anaerotignum_A faecicola_1,97
3279_8,3279_8_S39_concoct_30,D01,D3,D01_D3,Donor,NA,3,NA,stool,concoct,2643957,288,13729,90,Bacteria,Bacillota,Clostridia,Lachnospirales,Lachnospiraceae,Butyribacter,Butyribacter sp000436755,Butyribacter sp000436755_1,193
3279_8,3279_8_S39_concoct_82,D01,D3,D01_D3,Donor,NA,3,NA,stool,concoct,1630014,466,4635,84,Bacteria,Pseudomonadota,Alphaproteobacteria,RF32,CAG-239,CAZU01,CAZU01 sp000432275,CAZU01 sp000432275_1,172
3279_8,3279_8_S39_concoct_95,D01,D3,D01_D3,Donor,NA,3,NA,stool,concoct,1963664,263,9555,90,Bacteria,Bacillota,Clostridia,Oscillospirales,Oscillospiraceae,Onthomonas,Onthomonas sp900545815,Onthomonas sp900545815_1,137
3279_8,3279_8_S39_concoct_100,D01,D3,D01_D3,Donor,NA,3,NA,stool,concoct,1166125,374,3882,80,Bacteria,Bacillota,Bacilli,RF39,UBA660,CAG-302,CAG-302 sp000431795,CAG-302 sp000431795_1,153
3279_8,3279_8_S39_concoct_85,D01,D3,D01_D3,Donor,NA,3,NA,stool,concoct,2366845,755,3844,80,Bacteria,Bacillota,Bacilli,MOL361,Turicibacteraceae,Turicibacter,Turicibacter sanguinis,Turicibacter sanguinis_1,197
3279_8,3279_8_S39_concoct_134,D01,D3,D01_D3,Donor,NA,3,NA,stool,concoct,2464861,698,4936,82,Bacteria,Actinomycetota,Coriobacteriia,Coriobacteriales,Eggerthellaceae,Adlercreutzia,Adlercreutzia rubneri,Adlercreutzia rubneri_1,67
3279_8,3279_8_S39_metabat2_83,D01,D3,D01_D3,Donor,NA,3,NA,stool,metabat2,2648073,148,28264,84,Bacteria,Bacillota,Clostridia,Lachnospirales,Lachnospiraceae,Eubacterium_F,Eubacterium_F sp900539115,Eubacterium_F sp900539115_1,124
3279_8,3279_8_S39_metabat2_121,D01,D3,D01_D3,Donor,NA,3,NA,stool,metabat2,2433701,454,7165,84,Bacteria,Bacillota,Bacilli,Erysipelotrichales,Coprobacillaceae,Faecalibacillus,Faecalibacillus intestinalis,Faecalibacillus intestinalis_1,69
3279_8,3279_8_S39_concoct_14,D01,D3,D01_D3,Donor,NA,3,NA,stool,concoct,1769912,173,14649,75,Bacteria,Bacillota,Clostridia,Oscillospirales,Oscillospiraceae,Vescimonas,Vescimonas coprocola,Vescimonas coprocola_1,7
3279_8,3279_8_S39_concoct_123,D01,D3,D01_D3,Donor,NA,3,NA,stool,concoct,2533816,85,46502,76,Bacteria,Bacillota,Clostridia,Lachnospirales,Lachnospiraceae,Eubacterium_F,Eubacterium_F sp003491505,Eubacterium_F sp003491505_1,25
3279_8,3279_8_S39_metabat2_12,D01,D3,D01_D3,Donor,NA,3,NA,stool,metabat2,1218903,96,18671,65,Bacteria,Bacillota,Clostridia,Oscillospirales,Ruminococcaceae,Gemmiger,Gemmiger qucibialis,Gemmiger qucibialis_1,12
3279_8,3279_8_S39_concoct_127,D01,D3,D01_D3,Donor,NA,3,NA,stool,concoct,2298803,213,16070,65,Bacteria,Bacillota,Clostridia,Oscillospirales,Ruminococcaceae,Gemmiger,Gemmiger formicilis,Gemmiger formicilis_1,72
3279_8,3279_8_S39_concoct_93,D01,D3,D01_D3,Donor,NA,3,NA,stool,concoct,1365797,823,1641,84,Bacteria,Bacillota,Bacilli,Lactobacillales,Streptococcaceae,Streptococcus,Streptococcus salivarius_D,NA,NA
3279_8,3279_8_S39_metabat2_74,D01,D3,D01_D3,Donor,NA,3,NA,stool,metabat2,2300118,61,63021,65,Bacteria,Bacillota,Clostridia,Oscillospirales,Ruminococcaceae,Faecalibacterium,Faecalibacterium longum,Faecalibacterium longum_1,184
3279_8,3279_8_S39_concoct_137,D01,D3,D01_D3,Donor,NA,3,NA,stool,concoct,2348408,1279,1864,65,Bacteria,Desulfobacterota_I,Desulfovibrionia,Desulfovibrionales,Desulfovibrionaceae,Bilophila,Bilophila wadsworthia,Bilophila wadsworthia_3,62
3279_8,3279_8_S39_metabat2_88,D01,D3,D01_D3,Donor,NA,3,NA,stool,metabat2,2009495,154,23533,65,Bacteria,Bacillota,Clostridia,Lachnospirales,Lachnospiraceae,Anaerobutyricum,Anaerobutyricum soehngenii,Anaerobutyricum soehngenii_1,245
3279_8,3279_8_S39_metabat2_130,D01,D3,D01_D3,Donor,NA,3,NA,stool,metabat2,1485127,456,3591,63,Bacteria,Bacillota,Clostridia,Christensenellales,Aristaeellaceae,Ventricola,Ventricola sp900542445,Ventricola sp900542445_1,57
3279_8,3279_8_S39_metabat2_79,D01,D3,D01_D3,Donor,NA,3,NA,stool,metabat2,3358517,415,13770,80,Bacteria,Bacillota,Clostridia,Lachnospirales,Lachnospiraceae,Blautia_A,Blautia_A sp900066205,NA,NA
3279_8,3279_8_S39_concoct_141,D01,D3,D01_D3,Donor,NA,3,NA,stool,concoct,3700677,103,67819,100,Bacteria,Bacillota,Clostridia,Lachnospirales,Lachnospiraceae,Anthropogastromicrobium,Anthropogastromicrobium aceti,Anthropogastromicrobium aceti_1,35
3279_8,3279_8_S39_concoct_136,D01,D3,D01_D3,Donor,NA,3,NA,stool,concoct,1973797,365,7022,61,Bacteria,Bacillota,Clostridia,Oscillospirales,Oscillospiraceae,Evtepia,Evtepia gabavorous,Evtepia gabavorous_1,19
3279_8,3279_8_S39_metabat2_16,D01,D3,D01_D3,Donor,NA,3,NA,stool,metabat2,2199216,92,40652,65,Bacteria,Bacillota,Clostridia,Lachnospirales,Lachnospiraceae,Blautia_A,Blautia_A intestinihominis,Blautia_A intestinihominis_1,201
3279_8,3279_8_S39_metabat2_124,D01,D3,D01_D3,Donor,NA,3,NA,stool,metabat2,2685804,168,36091,57,Bacteria,Bacillota,Clostridia,Lachnospirales,Lachnospiraceae,Blautia_A,Blautia_A wexlerae,Blautia_A wexlerae_1,51
3279_8,3279_8_S39_maxbin2_089,D01,D3,D01_D3,Donor,NA,3,NA,stool,maxbin2,1895648,120,17533,69,Bacteria,Bacillota,Clostridia,Lachnospirales,Lachnospiraceae,Eubacterium_I,Eubacterium_I sp.,NA,NA
3279_8,3279_8_S39_metabat2_56,D01,D3,D01_D3,Donor,NA,3,NA,stool,metabat2,1695154,542,3298,53,Bacteria,Bacillota,Clostridia,Oscillospirales,Oscillospiraceae,Scatomorpha,Scatomorpha sp900545405,Scatomorpha sp900545405_1,106
3279_9,3279_9_S40_concoct_9,D01,D4,D01_D4,Donor,NA,4,NA,stool,concoct,3135453,36,198708,100,Bacteria,Bacteroidota,Bacteroidia,Bacteroidales,Barnesiellaceae,Barnesiella,Barnesiella intestinihominis,Barnesiella intestinihominis_1,9
3279_9,3279_9_S40_concoct_30,D01,D4,D01_D4,Donor,NA,4,NA,stool,concoct,3214336,51,103918,100,Bacteria,Bacteroidota,Bacteroidia,Bacteroidales,Muribaculaceae,Duncaniella,Duncaniella sp900549445,Duncaniella sp900549445_1,70
3279_9,3279_9_S40_concoct_0,D01,D4,D01_D4,Donor,NA,4,NA,stool,concoct,4662073,73,103369,100,Bacteria,Bacteroidota,Bacteroidia,Bacteroidales,Tannerellaceae,Parabacteroides,Parabacteroides distasonis,Parabacteroides distasonis_1,1
3279_9,3279_9_S40_concoct_58,D01,D4,D01_D4,Donor,NA,4,NA,stool,concoct,2637437,118,38433,100,Bacteria,Pseudomonadota,Gammaproteobacteria,Burkholderiales,Burkholderiaceae,Sutterella,Sutterella wadsworthensis_A,Sutterella wadsworthensis_A_1,10
3279_9,3279_9_S40_concoct_82,D01,D4,D01_D4,Donor,NA,4,NA,stool,concoct,2195024,62,52656,100,Bacteria,Actinomycetota,Coriobacteriia,Coriobacteriales,Coriobacteriaceae,Collinsella,Collinsella sp900542165,Collinsella sp900542165_1,31
3279_9,3279_9_S40_concoct_62,D01,D4,D01_D4,Donor,NA,4,NA,stool,concoct,2573390,41,108361,100,Bacteria,Bacillota,Clostridia,Lachnospirales,Lachnospiraceae,Roseburia_C,Roseburia_C amylophila,Roseburia_C amylophila_1,40
3279_9,3279_9_S40_metabat2_58,D01,D4,D01_D4,Donor,NA,4,NA,stool,metabat2,2549823,76,58049,100,Bacteria,Bacillota,Clostridia,Lachnospirales,Lachnospiraceae,Eubacterium_F,Eubacterium_F sp003491505,Eubacterium_F sp003491505_1,25
3279_9,3279_9_S40_concoct_48,D01,D4,D01_D4,Donor,NA,4,NA,stool,concoct,1970412,273,12685,100,Bacteria,Bacillota,Bacilli,Lactobacillales,Streptococcaceae,Streptococcus,Streptococcus thermophilus,Streptococcus thermophilus_1,174
3279_9,3279_9_S40_metabat2_127,D01,D4,D01_D4,Donor,NA,4,NA,stool,metabat2,1843512,13,266719,96,Bacteria,Bacillota,Clostridia,Oscillospirales,Acutalibacteraceae,CAG-217,CAG-217 sp000436335,CAG-217 sp000436335_1,46
3279_9,3279_9_S40_metabat2_83,D01,D4,D01_D4,Donor,NA,4,NA,stool,metabat2,2585606,142,32112,96,Bacteria,Bacillota,Clostridia,Lachnospirales,Lachnospiraceae,Eubacterium_F,Eubacterium_F sp900539115,Eubacterium_F sp900539115_1,124
3279_9,3279_9_S40_concoct_7,D01,D4,D01_D4,Donor,NA,4,NA,stool,concoct,2000566,384,6541,96,Bacteria,Bacillota,Clostridia,Christensenellales,QALW01,UMGS1322,UMGS1322 sp900550765,UMGS1322 sp900550765_1,163
3279_9,3279_9_S40_concoct_111,D01,D4,D01_D4,Donor,NA,4,NA,stool,concoct,2288474,67,50568,98,Bacteria,Bacillota,Clostridia,Lachnospirales,Lachnospiraceae,Eubacterium_F,Eubacterium_F sp000433735,Eubacterium_F sp000433735_1,108
3279_9,3279_9_S40_concoct_55,D01,D4,D01_D4,Donor,NA,4,NA,stool,concoct,2752346,50,95295,100,Bacteria,Bacillota,Clostridia,UBA1381,UBA1381,Hominilimicola,Hominilimicola fabiformis,Hominilimicola fabiformis_1,24
3279_9,3279_9_S40_concoct_41,D01,D4,D01_D4,Donor,NA,4,NA,stool,concoct,2843255,168,30474,100,Bacteria,Bacillota,Clostridia,Lachnospirales,Lachnospiraceae,Anaerostipes,Anaerostipes hadrus,Anaerostipes hadrus_1,15
3279_9,3279_9_S40_concoct_124,D01,D4,D01_D4,Donor,NA,4,NA,stool,concoct,3023069,51,101062,100,Bacteria,Bacillota,Clostridia,Lachnospirales,Lachnospiraceae,Fusicatenibacter,Fusicatenibacter saccharivorans,Fusicatenibacter saccharivorans_1,33
3279_9,3279_9_S40_metabat2_57,D01,D4,D01_D4,Donor,NA,4,NA,stool,metabat2,1961744,36,79107,92,Bacteria,Bacteroidota,Bacteroidia,Bacteroidales,Rikenellaceae,Alistipes,Alistipes putredinis,Alistipes putredinis_1,4
3279_9,3279_9_S40_concoct_5,D01,D4,D01_D4,Donor,NA,4,NA,stool,concoct,2389527,35,109198,94,Bacteria,Bacillota,Clostridia,Oscillospirales,Ruminococcaceae,Ruminococcus_C,Ruminococcus_C sp000980705,Ruminococcus_C sp000980705_1,52
3279_9,3279_9_S40_concoct_114,D01,D4,D01_D4,Donor,NA,4,NA,stool,concoct,2778926,109,45116,94,Bacteria,Bacillota,Clostridia,Oscillospirales,Ruminococcaceae,Hominimerdicola,Hominimerdicola aceti,Hominimerdicola aceti_1,22
3279_9,3279_9_S40_concoct_102,D01,D4,D01_D4,Donor,NA,4,NA,stool,concoct,2401432,31,375305,96,Bacteria,Bacillota,Clostridia,Oscillospirales,Acutalibacteraceae,Ruminococcoides,Ruminococcoides intestinale,Ruminococcoides intestinale_1,8
3279_9,3279_9_S40_metabat2_39,D01,D4,D01_D4,Donor,NA,4,NA,stool,metabat2,2926684,193,22256,96,Bacteria,Bacillota,Clostridia,Christensenellales,Aristaeellaceae,UBA11524,UBA11524 sp000437595,UBA11524 sp000437595_1,30
3279_9,3279_9_S40_metabat2_93,D01,D4,D01_D4,Donor,NA,4,NA,stool,metabat2,2111786,262,12227,94,Bacteria,Bacillota,Clostridia,Lachnospirales,Lachnospiraceae,Eubacterium_G,Eubacterium_G ventriosum,Eubacterium_G ventriosum_1,81
3279_9,3279_9_S40_concoct_57,D01,D4,D01_D4,Donor,NA,4,NA,stool,concoct,2277296,172,18152,96,Bacteria,Bacillota,Clostridia,Oscillospirales,Oscillospiraceae,Evtepia,Evtepia gabavorous,Evtepia gabavorous_1,19
3279_9,3279_9_S40_concoct_59,D01,D4,D01_D4,Donor,NA,4,NA,stool,concoct,3370646,380,11777,88,Bacteria,Bacteroidota,Bacteroidia,Bacteroidales,Marinifilaceae,Odoribacter,Odoribacter splanchnicus,Odoribacter splanchnicus_1,21
3279_9,3279_9_S40_metabat2_107,D01,D4,D01_D4,Donor,NA,4,NA,stool,metabat2,1822948,63,41204,90,Bacteria,Pseudomonadota,Alphaproteobacteria,RF32,CAG-239,CAZU01,CAZU01 sp000432275,CAZU01 sp000432275_1,172
3279_9,3279_9_S40_metabat2_101,D01,D4,D01_D4,Donor,NA,4,NA,stool,metabat2,2871856,312,15827,92,Bacteria,Bacillota,Bacilli,Erysipelotrichales,Coprobacillaceae,Faecalibacillus,Faecalibacillus intestinalis,Faecalibacillus intestinalis_1,69
3279_9,3279_9_S40_metabat2_64,D01,D4,D01_D4,Donor,NA,4,NA,stool,metabat2,1660760,145,17607,86,Bacteria,Bacillota,Clostridia,Oscillospirales,Ruminococcaceae,Gemmiger,Gemmiger qucibialis,Gemmiger qucibialis_1,12
3279_9,3279_9_S40_concoct_84,D01,D4,D01_D4,Donor,NA,4,NA,stool,concoct,1704251,349,6068,88,Bacteria,Bacillota,Clostridia,Oscillospirales,Ruminococcaceae,Angelakisella,Angelakisella sp900547385,Angelakisella sp900547385_1,90
3279_9,3279_9_S40_concoct_80,D01,D4,D01_D4,Donor,NA,4,NA,stool,concoct,2606334,366,9978,84,Bacteria,Verrucomicrobiota,Verrucomicrobiia,Verrucomicrobiales,Akkermansiaceae,Akkermansia,Akkermansia muciniphila,Akkermansia muciniphila_1,6
3279_9,3279_9_S40_metabat2_139,D01,D4,D01_D4,Donor,NA,4,NA,stool,metabat2,1446391,192,11461,86,Bacteria,Bacillota,Clostridia,Lachnospirales,Lachnospiraceae,Lachnospira,Lachnospira eligens_A,Lachnospira eligens_A_1,127
3279_9,3279_9_S40_concoct_16,D01,D4,D01_D4,Donor,NA,4,NA,stool,concoct,2455622,89,70354,92,Bacteria,Bacillota,Clostridia,Oscillospirales,Acutalibacteraceae,Pseudoruminococcus,Pseudoruminococcus massiliensis,Pseudoruminococcus massiliensis_1,86
3279_9,3279_9_S40_concoct_44,D01,D4,D01_D4,Donor,NA,4,NA,stool,concoct,2141793,280,10353,94,Bacteria,Bacillota,Clostridia,Oscillospirales,Acutalibacteraceae,Hominenteromicrobium,Hominenteromicrobium mulieris,Hominenteromicrobium mulieris_1,18
3279_9,3279_9_S40_metabat2_21,D01,D4,D01_D4,Donor,NA,4,NA,stool,metabat2,1592693,18,155855,82,Bacteria,Bacillota,Negativicutes,Veillonellales,Dialisteraceae,Dialister,Dialister invisus,Dialister invisus_1,71
3279_9,3279_9_S40_concoct_144,D01,D4,D01_D4,Donor,NA,4,NA,stool,concoct,1761266,57,48695,82,Bacteria,Bacillota,Clostridia,Oscillospirales,Oscillospiraceae,Vescimonas,Vescimonas coprocola,Vescimonas coprocola_1,7
3279_9,3279_9_S40_concoct_143,D01,D4,D01_D4,Donor,NA,4,NA,stool,concoct,3028876,360,13792,82,Bacteria,Bacteroidota,Bacteroidia,Bacteroidales,Rikenellaceae,Alistipes,Alistipes shahii,Alistipes shahii_1,123
3279_9,3279_9_S40_metabat2_78,D01,D4,D01_D4,Donor,NA,4,NA,stool,metabat2,2287600,123,49774,80,Bacteria,Bacillota,Clostridia,Lachnospirales,Lachnospiraceae,Blautia_A,Blautia_A wexlerae,Blautia_A wexlerae_1,51
3279_9,3279_9_S40_metabat2_75,D01,D4,D01_D4,Donor,NA,4,NA,stool,metabat2,2473429,120,38398,80,Bacteria,Bacillota,Clostridia,Oscillospirales,Oscillospiraceae,Oscillibacter,Oscillibacter segnis,Oscillibacter segnis_1,64
3279_9,3279_9_S40_metabat2_42,D01,D4,D01_D4,Donor,NA,4,NA,stool,metabat2,3343048,91,60218,76,Bacteria,Bacteroidota,Bacteroidia,Bacteroidales,Tannerellaceae,Parabacteroides,Parabacteroides merdae,Parabacteroides merdae_1,28
3279_9,3279_9_S40_metabat2_49,D01,D4,D01_D4,Donor,NA,4,NA,stool,metabat2,1779264,110,24584,78,Bacteria,Bacillota,Clostridia,Oscillospirales,Butyricicoccaceae,Agathobaculum,Agathobaculum hominis,Agathobaculum hominis_1,392
3279_9,3279_9_S40_metabat2_30,D01,D4,D01_D4,Donor,NA,4,NA,stool,metabat2,2407627,361,8756,78,Bacteria,Bacillota,Clostridia,Lachnospirales,Lachnospiraceae,Frisingicoccus,Frisingicoccus sp902471845,Frisingicoccus sp902471845_1,109
3279_9,3279_9_S40_metabat2_19,D01,D4,D01_D4,Donor,NA,4,NA,stool,metabat2,2416997,47,98159,76,Bacteria,Bacillota,Clostridia,Lachnospirales,Lachnospiraceae,Lachnospira,Lachnospira hominis,Lachnospira hominis_1,167
3279_9,3279_9_S40_concoct_146,D01,D4,D01_D4,Donor,NA,4,NA,stool,concoct,3021527,50,84569,92,Bacteria,Bacillota,Clostridia,Lachnospirales,Lachnospiraceae,Lachnospira,Lachnospira hominis,NA,NA
3279_9,3279_9_S40_metabat2_6,D01,D4,D01_D4,Donor,NA,4,NA,stool,metabat2,1427322,54,41141,71,Bacteria,Bacillota,Clostridia,Lachnospirales,Lachnospiraceae,Hominisplanchenecus,Hominisplanchenecus faecis,NA,NA
3279_9,3279_9_S40_metabat2_32,D01,D4,D01_D4,Donor,NA,4,NA,stool,metabat2,1751679,87,29916,73,Bacteria,Bacillota,Clostridia,Oscillospirales,Oscillospiraceae,Hominicoprocola,Hominicoprocola sp900317525,Hominicoprocola sp900317525_1,38
3279_9,3279_9_S40_metabat2_137,D01,D4,D01_D4,Donor,NA,4,NA,stool,metabat2,1957016,236,11261,73,Bacteria,Bacillota,Clostridia,Oscillospirales,Oscillospiraceae,Onthomonas,Onthomonas sp900545815,Onthomonas sp900545815_1,137
3279_9,3279_9_S40_metabat2_122,D01,D4,D01_D4,Donor,NA,4,NA,stool,metabat2,2711307,121,45491,75,Bacteria,Bacillota,Clostridia,Lachnospirales,Lachnospiraceae,Eubacterium_I,Eubacterium_I ramulus,Eubacterium_I ramulus_1,503
3279_9,3279_9_S40_metabat2_126,D01,D4,D01_D4,Donor,NA,4,NA,stool,metabat2,2150932,108,34387,71,Bacteria,Bacillota,Clostridia,Oscillospirales,Ruminococcaceae,Gemmiger,Gemmiger formicilis,Gemmiger formicilis_1,72
3279_9,3279_9_S40_metabat2_115,D01,D4,D01_D4,Donor,NA,4,NA,stool,metabat2,2227689,475,6167,67,Bacteria,Actinomycetota,Coriobacteriia,Coriobacteriales,Eggerthellaceae,Adlercreutzia,Adlercreutzia rubneri,Adlercreutzia rubneri_1,67
3279_9,3279_9_S40_concoct_65,D01,D4,D01_D4,Donor,NA,4,NA,stool,concoct,2123951,97,76533,98,Bacteria,Actinomycetota,Coriobacteriia,Coriobacteriales,Eggerthellaceae,Anaerotardibacter,Anaerotardibacter sp000436075,NA,NA
3279_9,3279_9_S40_metabat2_73,D01,D4,D01_D4,Donor,NA,4,NA,stool,metabat2,422180,2,322633,65,Bacteria,Actinomycetota,Actinomycetes,Actinomycetales,Bifidobacteriaceae,Bifidobacterium,Bifidobacterium sp959020155,NA,NA
3279_9,3279_9_S40_metabat2_117,D01,D4,D01_D4,Donor,NA,4,NA,stool,metabat2,2019309,109,33954,65,Bacteria,Actinomycetota,Actinomycetes,Actinomycetales,Bifidobacteriaceae,Bifidobacterium,Bifidobacterium longum,Bifidobacterium longum_1,13
3279_9,3279_9_S40_maxbin2_088,D01,D4,D01_D4,Donor,NA,4,NA,stool,maxbin2,1977222,199,17610,76,Bacteria,Bacillota,Clostridia,Lachnospirales,Lachnospiraceae,,Lachnospiraceae sp.,NA,NA
3279_9,3279_9_S40_concoct_122,D01,D4,D01_D4,Donor,NA,4,NA,stool,concoct,1886678,563,3846,63,Bacteria,Bacillota,Clostridia,Oscillospirales,Oscillospiraceae,Limivicinus,Limivicinus sp003150355,Limivicinus sp003150355_1,94
3279_9,3279_9_S40_metabat2_121,D01,D4,D01_D4,Donor,NA,4,NA,stool,metabat2,2349675,72,75453,63,Bacteria,Bacillota,Clostridia,Lachnospirales,Lachnospiraceae,Anthropogastromicrobium,Anthropogastromicrobium aceti,Anthropogastromicrobium aceti_1,35
3279_9,3279_9_S40_concoct_31,D01,D4,D01_D4,Donor,NA,4,NA,stool,concoct,2662553,27,152696,61,Bacteria,Bacillota,Clostridia,Lachnospirales,Lachnospiraceae,Wujia,Wujia hominis,Wujia hominis_1,43
3279_9,3279_9_S40_metabat2_135,D01,D4,D01_D4,Donor,NA,4,NA,stool,metabat2,1241027,39,38681,61,Bacteria,Bacillota,Clostridia,Lachnospirales,Lachnospiraceae,Blautia_A,Blautia_A intestinihominis,NA,NA
3279_9,3279_9_S40_metabat2_23,D01,D4,D01_D4,Donor,NA,4,NA,stool,metabat2,2445094,286,12882,61,Bacteria,Bacillota,Clostridia,Christensenellales,Aristaeellaceae,Ventricola,Ventricola sp900542445,Ventricola sp900542445_1,57
3279_9,3279_9_S40_maxbin2_099,D01,D4,D01_D4,Donor,NA,4,NA,stool,maxbin2,4576552,474,9875,65,Bacteria,Bacillota,Clostridia,Lachnospirales,Lachnospiraceae,SUG1684,SUG1684 sp.,NA,NA
APPS0017PR-S2,APPS0017PR_S_2_S104_metabat2_81,P01,W6,P01_W6,APPS,2,APPS,6/11/23,PR,metabat2,1583716,91,22172,100,NA,NA,NA,NA,NA,NA,NA,NA_5,587
APPS0018PR-S2,APPS0018PR_S_2_S105_concoct_34,P02,W6,P02_W6,APPS,2,APPS,6/11/23,PR,concoct,2978237,43,150156,100,Bacteria,Bacillota,Bacilli,Lactobacillales,Enterococcaceae,Enterococcus,Enterococcus faecalis,Enterococcus faecalis_1,2
APPS0018PR-S2,APPS0018PR_S_2_S105_concoct_10,P02,W6,P02_W6,APPS,2,APPS,6/11/23,PR,concoct,4204610,47,131751,100,Bacteria,Pseudomonadota,Gammaproteobacteria,Enterobacterales,Enterobacteriaceae,Proteus,Proteus mirabilis,Proteus mirabilis_1,100
APPS0018PR-S2,APPS0018PR_S_2_S105_metabat2_10,P02,W6,P02_W6,APPS,2,APPS,6/11/23,PR,metabat2,2755048,42,123328,100,Bacteria,Actinomycetota,Actinomycetes,Mycobacteriales,Mycobacteriaceae,Corynebacterium,Corynebacterium pyruviciproducens,Corynebacterium pyruviciproducens_1,273
APPS0018PR-S2,APPS0018PR_S_2_S105_concoct_3,P02,W6,P02_W6,APPS,2,APPS,6/11/23,PR,concoct,3649000,76,83834,100,Bacteria,Actinomycetota,Coriobacteriia,Coriobacteriales,Eggerthellaceae,Eggerthella,Eggerthella lenta,Eggerthella lenta_1,3
APPS0018PR-S2,APPS0018PR_S_2_S105_metabat2_15,P02,W6,P02_W6,APPS,2,APPS,6/11/23,PR,metabat2,1724420,34,64433,100,Bacteria,Bacillota,Clostridia,Tissierellales,Peptoniphilaceae,Finegoldia,Finegoldia magna_H,Finegoldia magna_H_1,354
APPS0018PR-S2,APPS0018PR_S_2_S105_metabat2_9,P02,W6,P02_W6,APPS,2,APPS,6/11/23,PR,metabat2,4039755,182,38213,100,Bacteria,Bacillota,Bacilli,Lactobacillales,Enterococcaceae,Enterococcus_A,Enterococcus_A avium,Enterococcus_A avium_1,176
APPS0018PR-S2,APPS0018PR_S_2_S105_metabat2_19,P02,W6,P02_W6,APPS,2,APPS,6/11/23,PR,metabat2,2041708,14,227205,98,Bacteria,Bacillota,Negativicutes,Veillonellales,Veillonellaceae,Veillonella,Veillonella parvula_E,Veillonella parvula_E_1,466
APPS0018PR-S2,APPS0018PR_S_2_S105_concoct_9,P02,W6,P02_W6,APPS,2,APPS,6/11/23,PR,concoct,1327173,13,169645,98,Bacteria,Bacillota,Negativicutes,Veillonellales,Negativicoccaceae,Negativicoccus,Negativicoccus sp900556745,Negativicoccus sp900556745_1,693
APPS0018PR-S2,APPS0018PR_S_2_S105_concoct_32,P02,W6,P02_W6,APPS,2,APPS,6/11/23,PR,concoct,4066571,57,158212,98,Bacteria,Bacillota,Bacilli,Erysipelotrichales,Erysipelotrichaceae,Clostridium_AQ,Clostridium_AQ innocuum,Clostridium_AQ innocuum_1,20
APPS0018PR-S2,APPS0018PR_S_2_S105_concoct_19,P02,W6,P02_W6,APPS,2,APPS,6/11/23,PR,concoct,4553394,178,40266,96,Bacteria,Bacteroidota,Bacteroidia,Bacteroidales,Bacteroidaceae,Bacteroides,Bacteroides caccae,Bacteroides caccae_1,257
APPS0018PR-S2,APPS0018PR_S_2_S105_concoct_14,P02,W6,P02_W6,APPS,2,APPS,6/11/23,PR,concoct,3118751,66,88170,100,Bacteria,Bacteroidota,Bacteroidia,Bacteroidales,Bacteroidaceae,Prevotella,Prevotella veroralis,Prevotella veroralis_1,640
APPS0018PR-S2,APPS0018PR_S_2_S105_metabat2_12,P02,W6,P02_W6,APPS,2,APPS,6/11/23,PR,metabat2,716711,3,704051,94,Bacteria,Bacillota,Bacilli,Mycoplasmatales,Metamycoplasmataceae,Metamycoplasma,Metamycoplasma salivarium,Metamycoplasma salivarium_1,680
APPS0018PR-S2,APPS0018PR_S_2_S105_maxbin2_012,P02,W6,P02_W6,APPS,2,APPS,6/11/23,PR,maxbin2,5725308,188,65027,94,Bacteria,Pseudomonadota,Gammaproteobacteria,Enterobacterales,Enterobacteriaceae,Klebsiella,Klebsiella oxytoca,Klebsiella oxytoca_1,602
APPS0018PR-S2,APPS0018PR_S_2_S105_concoct_8,P02,W6,P02_W6,APPS,2,APPS,6/11/23,PR,concoct,3541741,2019,1762,71,Bacteria,Bacillota,Bacilli,Erysipelotrichales,Coprobacillaceae,Thomasclavelia,Thomasclavelia ramosa,NA,NA
APPS0020PR-S2,APPS0020PR_S_2_S106_concoct_13,P04,W6,P04_W6,APPS,2,APPS,6/11/23,PR,concoct,3043583,35,339510,100,Bacteria,Bacillota,Bacilli,Lactobacillales,Enterococcaceae,Enterococcus,Enterococcus faecalis,Enterococcus faecalis_1,2
APPS0020PR-S2,APPS0020PR_S_2_S106_concoct_66,P04,W6,P04_W6,APPS,2,APPS,6/11/23,PR,concoct,4959001,34,270108,100,Bacteria,Bacteroidota,Bacteroidia,Bacteroidales,Tannerellaceae,Parabacteroides,Parabacteroides distasonis,Parabacteroides distasonis_1,1
APPS0020PR-S2,APPS0020PR_S_2_S106_concoct_43,P04,W6,P04_W6,APPS,2,APPS,6/11/23,PR,concoct,3330479,35,182667,100,Bacteria,Bacteroidota,Bacteroidia,Bacteroidales,Rikenellaceae,Alistipes,Alistipes finegoldii,Alistipes finegoldii_1,164
APPS0020PR-S2,APPS0020PR_S_2_S106_concoct_11,P04,W6,P04_W6,APPS,2,APPS,6/11/23,PR,concoct,3432707,56,95187,100,Bacteria,Actinomycetota,Coriobacteriia,Coriobacteriales,Eggerthellaceae,Eggerthella,Eggerthella lenta,Eggerthella lenta_1,3
APPS0020PR-S2,APPS0020PR_S_2_S106_metabat2_19,P04,W6,P04_W6,APPS,2,APPS,6/11/23,PR,metabat2,3306719,82,89170,100,Bacteria,Bacillota,Bacilli,Erysipelotrichales,Coprobacillaceae,Coprobacillus,Coprobacillus cateniformis,Coprobacillus cateniformis_1,259
APPS0020PR-S2,APPS0020PR_S_2_S106_metabat2_48,P04,W6,P04_W6,APPS,2,APPS,6/11/23,PR,metabat2,2730957,119,40086,100,Bacteria,Bacillota,Clostridia,Lachnospirales,Anaerotignaceae,Metalachnospira,Metalachnospira sp900546215,Metalachnospira sp900546215_1,255
APPS0020PR-S2,APPS0020PR_S_2_S106_concoct_32,P04,W6,P04_W6,APPS,2,APPS,6/11/23,PR,concoct,2440840,22,140969,96,Bacteria,Bacillota,Negativicutes,Veillonellales,Megasphaeraceae,Megasphaera,Megasphaera massiliensis,Megasphaera massiliensis_1,266
APPS0020PR-S2,APPS0020PR_S_2_S106_metabat2_22,P04,W6,P04_W6,APPS,2,APPS,6/11/23,PR,metabat2,2271747,67,44603,96,Bacteria,Bacillota,Clostridia,Oscillospirales,Oscillospiraceae,Lawsonibacter,Lawsonibacter sp900066825,Lawsonibacter sp900066825_1,406
APPS0020PR-S2,APPS0020PR_S_2_S106_concoct_29,P04,W6,P04_W6,APPS,2,APPS,6/11/23,PR,concoct,2566386,58,76687,98,Bacteria,Bacillota,Clostridia,Oscillospirales,Ruminococcaceae,Soleaferrea,Soleaferrea sp.,Soleaferrea sp._1,371
APPS0020PR-S2,APPS0020PR_S_2_S106_concoct_46,P04,W6,P04_W6,APPS,2,APPS,6/11/23,PR,concoct,2837797,111,43557,98,Bacteria,Bacillota,Clostridia,Oscillospirales,Oscillospiraceae,Oscillibacter,Oscillibacter faecalis,Oscillibacter faecalis_1,401
APPS0020PR-S2,APPS0020PR_S_2_S106_concoct_81,P04,W6,P04_W6,APPS,2,APPS,6/11/23,PR,concoct,3241912,23,189994,100,Bacteria,Bacillota,Clostridia,Lachnospirales,Lachnospiraceae,Blautia_A,Blautia_A caecimuris,Blautia_A caecimuris_1,165
APPS0020PR-S2,APPS0020PR_S_2_S106_metabat2_41,P04,W6,P04_W6,APPS,2,APPS,6/11/23,PR,metabat2,3209147,48,114158,100,Bacteria,Bacillota,Clostridia,Lachnospirales,Lachnospiraceae,Anaerostipes,Anaerostipes caccae,Anaerostipes caccae_1,56
APPS0020PR-S2,APPS0020PR_S_2_S106_concoct_24,P04,W6,P04_W6,APPS,2,APPS,6/11/23,PR,concoct,3089854,37,132888,94,Bacteria,Verrucomicrobiota,Verrucomicrobiia,Verrucomicrobiales,Akkermansiaceae,Akkermansia,Akkermansia massiliensis,Akkermansia massiliensis_1,173
APPS0020PR-S2,APPS0020PR_S_2_S106_concoct_60,P04,W6,P04_W6,APPS,2,APPS,6/11/23,PR,concoct,4053205,272,22911,94,Bacteria,Bacillota,Bacilli,Erysipelotrichales,Erysipelotrichaceae,Clostridium_AQ,Clostridium_AQ innocuum,Clostridium_AQ innocuum_1,20
APPS0020PR-S2,APPS0020PR_S_2_S106_concoct_31,P04,W6,P04_W6,APPS,2,APPS,6/11/23,PR,concoct,1510311,205,13273,96,Bacteria,Actinomycetota,Actinomycetes,Actinomycetales,Bifidobacteriaceae,Scardovia,Scardovia wiggsiae,Scardovia wiggsiae_1,236
APPS0020PR-S2,APPS0020PR_S_2_S106_concoct_23,P04,W6,P04_W6,APPS,2,APPS,6/11/23,PR,concoct,2696296,22,259292,100,Bacteria,Bacillota,Negativicutes,Acidaminococcales,Acidaminococcaceae,Phascolarctobacterium,Phascolarctobacterium faecium,NA,NA
APPS0020PR-S2,APPS0020PR_S_2_S106_metabat2_21,P04,W6,P04_W6,APPS,2,APPS,6/11/23,PR,metabat2,2956490,47,103238,100,Bacteria,Bacillota,Clostridia,Lachnospirales,Lachnospiraceae,Oliverpabstia,Oliverpabstia sp000432335,Oliverpabstia sp000432335_1,318
APPS0020PR-S2,APPS0020PR_S_2_S106_metabat2_40,P04,W6,P04_W6,APPS,2,APPS,6/11/23,PR,metabat2,3771463,107,58739,96,Bacteria,Bacillota,Clostridia,Oscillospirales,Oscillospiraceae,Flavonifractor,Flavonifractor plautii,Flavonifractor plautii_1,63
APPS0020PR-S2,APPS0020PR_S_2_S106_concoct_59,P04,W6,P04_W6,APPS,2,APPS,6/11/23,PR,concoct,3050992,36,139097,98,Bacteria,Bacillota,Clostridia,Oscillospirales,Acutalibacteraceae,Fimivicinus,Fimivicinus sp900544375,Fimivicinus sp900544375_1,29
APPS0020PR-S2,APPS0020PR_S_2_S106_concoct_49,P04,W6,P04_W6,APPS,2,APPS,6/11/23,PR,concoct,3495240,198,26019,94,Bacteria,Bacillota,Clostridia,Oscillospirales,Acutalibacteraceae,UMGS856,UMGS856 sp900546265,UMGS856 sp900546265_1,189
APPS0020PR-S2,APPS0020PR_S_2_S106_concoct_78,P04,W6,P04_W6,APPS,2,APPS,6/11/23,PR,concoct,5447004,58,134408,84,Bacteria,Pseudomonadota,Gammaproteobacteria,Enterobacterales,Enterobacteriaceae,Klebsiella,Klebsiella variicola,Klebsiella variicola_1,604
APPS0020PR-S2,APPS0020PR_S_2_S106_metabat2_5,P04,W6,P04_W6,APPS,2,APPS,6/11/23,PR,metabat2,4056511,55,124074,76,Bacteria,Bacillota,Clostridia,Lachnospirales,Lachnospiraceae,Blautia,Blautia celeris,Blautia celeris_1,126
APPS0020PR-S2,APPS0020PR_S_2_S106_metabat2_6,P04,W6,P04_W6,APPS,2,APPS,6/11/23,PR,metabat2,2320065,21,151554,71,Bacteria,Bacillota,Clostridia,Lachnospirales,Lachnospiraceae,Hungatella,Hungatella effluvii,NA,NA
APPS0020PR-S2,APPS0020PR_S_2_S106_metabat2_3,P04,W6,P04_W6,APPS,2,APPS,6/11/23,PR,metabat2,9191732,263,68250,98,Bacteria,Bacillota,Clostridia,Lachnospirales,Lachnospiraceae,Otoolea,Otoolea symbiosa,NA,NA
APPS0020PR-S2,APPS0020PR_S_2_S106_concoct_87,P04,W6,P04_W6,APPS,2,APPS,6/11/23,PR,concoct,2738552,1547,1818,65,Bacteria,Bacillota,Bacilli,Lactobacillales,Lactobacillaceae,Lacticaseibacillus,Lacticaseibacillus sp.,NA,NA
APPS0020PR-S2,APPS0020PR_S_2_S106_metabat2_31,P04,W6,P04_W6,APPS,2,APPS,6/11/23,PR,metabat2,4505937,100,66143,69,Bacteria,Pseudomonadota,Gammaproteobacteria,Enterobacterales,Enterobacteriaceae,Escherichia,Escherichia coli,Escherichia coli_2,99
APPS0020PR-S2,APPS0020PR_S_2_S106_metabat2_17,P04,W6,P04_W6,APPS,2,APPS,6/11/23,PR,metabat2,3026904,42,115563,51,Bacteria,Bacillota,Clostridia,Lachnospirales,Lachnospiraceae,Enterocloster,Enterocloster sp.,Enterocloster sp._1,558
APPS0023PR-S2,APPS0023PR_S_2_S107_metabat2_8,P07,W6,P07_W6,APPS,2,APPS,6/11/23,PR,metabat2,1771420,67,37456,100,Bacteria,Bacillota,Bacilli,Lactobacillales,Lactobacillaceae,Limosilactobacillus,Limosilactobacillus fermentum,Limosilactobacillus fermentum_1,211
APPS0023PR-S2,APPS0023PR_S_2_S107_metabat2_4,P07,W6,P07_W6,APPS,2,APPS,6/11/23,PR,metabat2,5152328,167,52052,98,Bacteria,Bacteroidota,Bacteroidia,Bacteroidales,Bacteroidaceae,Phocaeicola,Phocaeicola vulgatus,Phocaeicola vulgatus_1,44
APPS0023PR-S2,APPS0023PR_S_2_S107_concoct_46,P07,W6,P07_W6,APPS,2,APPS,6/11/23,PR,concoct,2087177,72,50609,98,Bacteria,Bacteroidota,Bacteroidia,Bacteroidales,Bacteroidaceae,Prevotella,Prevotella bivia,Prevotella bivia_1,180
APPS0023PR-S2,APPS0023PR_S_2_S107_metabat2_6,P07,W6,P07_W6,APPS,2,APPS,6/11/23,PR,metabat2,3827181,93,75107,100,Bacteria,Bacillota,Bacilli,Lactobacillales,Enterococcaceae,Enterococcus_A,Enterococcus_A avium,Enterococcus_A avium_1,176
APPS0023PR-S2,APPS0023PR_S_2_S107_concoct_27,P07,W6,P07_W6,APPS,2,APPS,6/11/23,PR,concoct,3553856,56,107335,100,Bacteria,Bacillota,Clostridia,Lachnospirales,Lachnospiraceae,Blautia_A,Blautia_A obeum,Blautia_A obeum_1,202
APPS0023PR-S2,APPS0023PR_S_2_S107_metabat2_10,P07,W6,P07_W6,APPS,2,APPS,6/11/23,PR,metabat2,2259740,36,103530,94,Bacteria,Actinomycetota,Actinomycetes,Actinomycetales,Bifidobacteriaceae,Bifidobacterium,Bifidobacterium scardovii,Bifidobacterium scardovii_1,461
APPS0023PR-S2,APPS0023PR_S_2_S107_concoct_5,P07,W6,P07_W6,APPS,2,APPS,6/11/23,PR,concoct,2986991,29,173904,98,Bacteria,Bacillota,Bacilli,Lactobacillales,Lactobacillaceae,Lacticaseibacillus,Lacticaseibacillus rhamnosus,Lacticaseibacillus rhamnosus_1,68
APPS0023PR-S2,APPS0023PR_S_2_S107_concoct_6,P07,W6,P07_W6,APPS,2,APPS,6/11/23,PR,concoct,3175105,71,86480,96,Bacteria,Actinomycetota,Actinomycetes,Actinomycetales,Bifidobacteriaceae,Bifidobacterium,Bifidobacterium scardovii,NA,NA
APPS0036PR-S2,APPS0036PR_S_2_S108_concoct_39,P13,W6,P13_W6,APPS,2,APPS,6/11/23,PR,concoct,3053067,38,156229,100,Bacteria,Bacillota,Bacilli,Lactobacillales,Enterococcaceae,Enterococcus,Enterococcus faecalis,Enterococcus faecalis_1,2
APPS0036PR-S2,APPS0036PR_S_2_S108_concoct_7,P13,W6,P13_W6,APPS,2,APPS,6/11/23,PR,concoct,3858728,61,109603,100,Bacteria,Pseudomonadota,Gammaproteobacteria,Enterobacterales,Enterobacteriaceae,Proteus,Proteus mirabilis,Proteus mirabilis_1,100
APPS0036PR-S2,APPS0036PR_S_2_S108_concoct_34,P13,W6,P13_W6,APPS,2,APPS,6/11/23,PR,concoct,4164435,35,167106,100,Bacteria,Pseudomonadota,Gammaproteobacteria,Enterobacterales,Enterobacteriaceae,Morganella,Morganella morganii,Morganella morganii_1,335
APPS0036PR-S2,APPS0036PR_S_2_S108_concoct_4,P13,W6,P13_W6,APPS,2,APPS,6/11/23,PR,concoct,3415954,192,44002,100,Bacteria,Bacillota,Bacilli,Lactobacillales,Enterococcaceae,Enterococcus_B,Enterococcus_B lactis,Enterococcus_B lactis_1,215
APPS0036PR-S2,APPS0036PR_S_2_S108_concoct_16,P13,W6,P13_W6,APPS,2,APPS,6/11/23,PR,concoct,2164002,203,15698,96,Bacteria,Pseudomonadota,Gammaproteobacteria,Burkholderiales,Neisseriaceae,Eikenella,Eikenella corrodens,Eikenella corrodens_1,440
APPS0036PR-S2,APPS0036PR_S_2_S108_metabat2_19,P13,W6,P13_W6,APPS,2,APPS,6/11/23,PR,metabat2,2816259,71,75561,98,Bacteria,Bacillota,Bacilli,Lactobacillales,Lactobacillaceae,Lacticaseibacillus,Lacticaseibacillus paracasei,Lacticaseibacillus paracasei_1,152
APPS0046PR-S2,APPS0046PR_S_2_S109_concoct_105,P19,W6,P19_W6,APPS,2,APPS,6/11/23,PR,concoct,3423075,33,252041,100,Bacteria,Bacteroidota,Bacteroidia,Bacteroidales,Rikenellaceae,Alistipes,Alistipes onderdonkii,Alistipes onderdonkii_1,14
APPS0046PR-S2,APPS0046PR_S_2_S109_concoct_2,P19,W6,P19_W6,APPS,2,APPS,6/11/23,PR,concoct,3805502,32,221174,100,Bacteria,Pseudomonadota,Gammaproteobacteria,Enterobacterales,Enterobacteriaceae,Proteus,Proteus mirabilis,Proteus mirabilis_1,100
APPS0046PR-S2,APPS0046PR_S_2_S109_concoct_94,P19,W6,P19_W6,APPS,2,APPS,6/11/23,PR,concoct,2056258,26,130188,100,Bacteria,Pseudomonadota,Gammaproteobacteria,Burkholderiales,Burkholderiaceae,Sutterella,Sutterella sp900762445,Sutterella sp900762445_1,446
APPS0046PR-S2,APPS0046PR_S_2_S109_concoct_71,P19,W6,P19_W6,APPS,2,APPS,6/11/23,PR,concoct,3096803,52,123910,100,Bacteria,Bacillota,Bacilli,Lactobacillales,Enterococcaceae,Enterococcus,Enterococcus faecalis,Enterococcus faecalis_1,2
APPS0046PR-S2,APPS0046PR_S_2_S109_concoct_44,P19,W6,P19_W6,APPS,2,APPS,6/11/23,PR,concoct,6301446,99,112581,100,Bacteria,Bacteroidota,Bacteroidia,Bacteroidales,Tannerellaceae,Parabacteroides,Parabacteroides goldsteinii,Parabacteroides goldsteinii_1,263
APPS0046PR-S2,APPS0046PR_S_2_S109_metabat2_4,P19,W6,P19_W6,APPS,2,APPS,6/11/23,PR,metabat2,2016566,58,50183,100,Bacteria,Actinomycetota,Coriobacteriia,Coriobacteriales,Coriobacteriaceae,Collinsella,Collinsella sp.,Collinsella sp._3,294
APPS0046PR-S2,APPS0046PR_S_2_S109_metabat2_8,P19,W6,P19_W6,APPS,2,APPS,6/11/23,PR,metabat2,3321426,149,38394,100,Bacteria,Actinomycetota,Coriobacteriia,Coriobacteriales,Eggerthellaceae,Eggerthella,Eggerthella lenta,Eggerthella lenta_1,3
APPS0046PR-S2,APPS0046PR_S_2_S109_metabat2_10,P19,W6,P19_W6,APPS,2,APPS,6/11/23,PR,metabat2,1737000,125,21738,100,Bacteria,Actinomycetota,Actinomycetes,Actinomycetales,Actinomycetaceae,Pauljensenia,Pauljensenia turicensis_A,Pauljensenia turicensis_A_1,330
APPS0046PR-S2,APPS0046PR_S_2_S109_metabat2_26,P19,W6,P19_W6,APPS,2,APPS,6/11/23,PR,metabat2,1846669,15,154924,98,Bacteria,Bacteroidota,Bacteroidia,Bacteroidales,Rikenellaceae,Alistipes,Alistipes putredinis,Alistipes putredinis_1,4
APPS0046PR-S2,APPS0046PR_S_2_S109_concoct_38,P19,W6,P19_W6,APPS,2,APPS,6/11/23,PR,concoct,2782148,69,59492,98,Bacteria,Bacillota,Bacilli,Erysipelotrichales,Erysipelotrichaceae,Longicatena,Longicatena caecimuris,Longicatena caecimuris_1,107
APPS0046PR-S2,APPS0046PR_S_2_S109_metabat2_42,P19,W6,P19_W6,APPS,2,APPS,6/11/23,PR,metabat2,3369059,107,55304,98,Bacteria,Desulfobacterota_I,Desulfovibrionia,Desulfovibrionales,Desulfovibrionaceae,Desulfovibrio,Desulfovibrio fairfieldensis_A,Desulfovibrio fairfieldensis_A_1,179
APPS0046PR-S2,APPS0046PR_S_2_S109_metabat2_77,P19,W6,P19_W6,APPS,2,APPS,6/11/23,PR,metabat2,2268517,98,36880,98,Bacteria,Bacillota,Clostridia,Oscillospirales,Oscillospiraceae,Faecousia,Faecousia intestinalis,Faecousia intestinalis_1,65
APPS0046PR-S2,APPS0046PR_S_2_S109_metabat2_59,P19,W6,P19_W6,APPS,2,APPS,6/11/23,PR,metabat2,2813403,168,27847,98,Bacteria,Desulfobacterota_I,Desulfovibrionia,Desulfovibrionales,Desulfovibrionaceae,Mailhella,Mailhella merdigallinarum,Mailhella merdigallinarum_1,366
APPS0046PR-S2,APPS0046PR_S_2_S109_concoct_17,P19,W6,P19_W6,APPS,2,APPS,6/11/23,PR,concoct,2388293,33,113877,100,Bacteria,Bacillota,Negativicutes,Acidaminococcales,Acidaminococcaceae,Phascolarctobacterium,Phascolarctobacterium faecium,Phascolarctobacterium faecium_1,17
APPS0046PR-S2,APPS0046PR_S_2_S109_concoct_25,P19,W6,P19_W6,APPS,2,APPS,6/11/23,PR,concoct,2678088,58,77349,100,Bacteria,Bacillota,Clostridia,Lachnospirales,Lachnospiraceae,Mediterraneibacter,Mediterraneibacter torques,Mediterraneibacter torques_1,5
APPS0046PR-S2,APPS0046PR_S_2_S109_concoct_3,P19,W6,P19_W6,APPS,2,APPS,6/11/23,PR,concoct,2534621,104,38109,100,Bacteria,Bacillota,Clostridia,Lachnospirales,Anaerotignaceae,Anaerotignum,Anaerotignum lactatifermentans,Anaerotignum lactatifermentans_1,191
APPS0046PR-S2,APPS0046PR_S_2_S109_metabat2_19,P19,W6,P19_W6,APPS,2,APPS,6/11/23,PR,metabat2,1552522,11,194030,96,Bacteria,Campylobacterota,Campylobacteria,Campylobacterales,Campylobacteraceae,Campylobacter_B,Campylobacter_B ureolyticus,Campylobacter_B ureolyticus_1,359
APPS0046PR-S2,APPS0046PR_S_2_S109_concoct_82,P19,W6,P19_W6,APPS,2,APPS,6/11/23,PR,concoct,4303985,111,67185,96,Bacteria,Bacillota,Bacilli,Erysipelotrichales,Erysipelotrichaceae,Clostridium_AQ,Clostridium_AQ sp000165065,Clostridium_AQ sp000165065_1,78
APPS0046PR-S2,APPS0046PR_S_2_S109_metabat2_85,P19,W6,P19_W6,APPS,2,APPS,6/11/23,PR,metabat2,3347762,37,155734,98,Bacteria,Bacillota,Bacilli,Erysipelotrichales,Erysipelotrichaceae,Dielma,Dielma fastidiosa,Dielma fastidiosa_1,192
APPS0046PR-S2,APPS0046PR_S_2_S109_metabat2_18,P19,W6,P19_W6,APPS,2,APPS,6/11/23,PR,metabat2,2712812,105,39246,98,Bacteria,Bacillota,Clostridia,Oscillospirales,Ruminococcaceae,Anaerotruncus,Anaerotruncus colihominis,Anaerotruncus colihominis_1,188
APPS0046PR-S2,APPS0046PR_S_2_S109_metabat2_24,P19,W6,P19_W6,APPS,2,APPS,6/11/23,PR,metabat2,3328533,55,94137,100,Bacteria,Bacillota,Clostridia,Lachnospirales,Lachnospiraceae,Mediterraneibacter,Mediterraneibacter sp900541505,Mediterraneibacter sp900541505_1,322
APPS0046PR-S2,APPS0046PR_S_2_S109_metabat2_53,P19,W6,P19_W6,APPS,2,APPS,6/11/23,PR,metabat2,2341149,66,64727,96,Bacteria,Bacillota,Clostridia,Oscillospirales,Ruminococcaceae,Fournierella,Fournierella excrementavium,Fournierella excrementavium_1,139
APPS0046PR-S2,APPS0046PR_S_2_S109_metabat2_83,P19,W6,P19_W6,APPS,2,APPS,6/11/23,PR,metabat2,2988274,38,168602,98,Bacteria,Bacillota,Clostridia,Lachnospirales,Lachnospiraceae,Frisingicoccus,Frisingicoccus sp902471845,Frisingicoccus sp902471845_1,109
APPS0046PR-S2,APPS0046PR_S_2_S109_concoct_61,P19,W6,P19_W6,APPS,2,APPS,6/11/23,PR,concoct,2053994,31,97276,98,Bacteria,Bacillota,Clostridia,Oscillospirales,Acutalibacteraceae,UMGS1071,UMGS1071 sp900542375,UMGS1071 sp900542375_1,91
APPS0046PR-S2,APPS0046PR_S_2_S109_concoct_115,P19,W6,P19_W6,APPS,2,APPS,6/11/23,PR,concoct,3319656,174,30567,98,Bacteria,Bacillota,Clostridia,Oscillospirales,Ruminococcaceae,Anaerotruncus,Anaerotruncus massiliensis,Anaerotruncus massiliensis_1,158
APPS0046PR-S2,APPS0046PR_S_2_S109_metabat2_64,P19,W6,P19_W6,APPS,2,APPS,6/11/23,PR,metabat2,2258323,160,20284,92,Bacteria,Bacillota,Clostridia,Oscillospirales,Oscillospiraceae,Oscillibacter,Oscillibacter welbionis,Oscillibacter welbionis_1,105
APPS0046PR-S2,APPS0046PR_S_2_S109_concoct_64,P19,W6,P19_W6,APPS,2,APPS,6/11/23,PR,concoct,2338532,205,20001,94,Bacteria,Bacillota,Clostridia,Oscillospirales,Ruminococcaceae,Ruthenibacterium,Ruthenibacterium merdipullorum,Ruthenibacterium merdipullorum_1,119
APPS0046PR-S2,APPS0046PR_S_2_S109_concoct_111,P19,W6,P19_W6,APPS,2,APPS,6/11/23,PR,concoct,3691606,124,65745,96,Bacteria,Bacillota,Clostridia,Oscillospirales,Ruminococcaceae,Ruthenibacterium,Ruthenibacterium lactatiformans,Ruthenibacterium lactatiformans_1,11
APPS0046PR-S2,APPS0046PR_S_2_S109_concoct_84,P19,W6,P19_W6,APPS,2,APPS,6/11/23,PR,concoct,6747226,569,18861,100,Bacteria,Bacillota,Clostridia,Lachnospirales,Lachnospiraceae,Dorea_D,Dorea_D sp000433535,NA,NA
APPS0046PR-S2,APPS0046PR_S_2_S109_metabat2_51,P19,W6,P19_W6,APPS,2,APPS,6/11/23,PR,metabat2,1613559,75,38143,92,Bacteria,Bacillota,Clostridia,Oscillospirales,Oscillospiraceae,Evtepia,Evtepia gabavorous,Evtepia gabavorous_1,19
APPS0046PR-S2,APPS0046PR_S_2_S109_metabat2_35,P19,W6,P19_W6,APPS,2,APPS,6/11/23,PR,metabat2,6395893,99,177967,94,Bacteria,Bacillota,Clostridia,Lachnospirales,Lachnospiraceae,Enterocloster,Enterocloster lavalensis,Enterocloster lavalensis_1,560
APPS0046PR-S2,APPS0046PR_S_2_S109_metabat2_40,P19,W6,P19_W6,APPS,2,APPS,6/11/23,PR,metabat2,2936914,62,99163,98,Bacteria,Bacillota,Clostridia,Oscillospirales,Acutalibacteraceae,Fimivicinus,Fimivicinus sp900544375,Fimivicinus sp900544375_1,29
APPS0046PR-S2,APPS0046PR_S_2_S109_metabat2_72,P19,W6,P19_W6,APPS,2,APPS,6/11/23,PR,metabat2,1747925,53,47718,90,Bacteria,Bacillota,Clostridia,Oscillospirales,Oscillospiraceae,Vescimonas,Vescimonas sp000435975,Vescimonas sp000435975_1,93
APPS0046PR-S2,APPS0046PR_S_2_S109_metabat2_20,P19,W6,P19_W6,APPS,2,APPS,6/11/23,PR,metabat2,2105036,35,106170,86,Bacteria,Bacillota,Clostridia,Peptostreptococcales,Anaerovoracaceae,Fimisoma,Fimisoma sp000435715,Fimisoma sp000435715_1,36
APPS0046PR-S2,APPS0046PR_S_2_S109_metabat2_45,P19,W6,P19_W6,APPS,2,APPS,6/11/23,PR,metabat2,3128605,318,13657,82,Bacteria,Bacteroidota,Bacteroidia,Bacteroidales,Bacteroidaceae,Bacteroides,Bacteroides uniformis,Bacteroides uniformis_1,37
APPS0046PR-S2,APPS0046PR_S_2_S109_metabat2_13,P19,W6,P19_W6,APPS,2,APPS,6/11/23,PR,metabat2,2017852,375,6662,75,Bacteria,Bacillota,Bacilli,Erysipelotrichales,Coprobacillaceae,Allocoprobacillus,Allocoprobacillus merdigallinarum,Allocoprobacillus merdigallinarum_1,258
APPS0046PR-S2,APPS0046PR_S_2_S109_metabat2_12,P19,W6,P19_W6,APPS,2,APPS,6/11/23,PR,metabat2,2501196,33,143274,65,Bacteria,Bacteroidota,Bacteroidia,Bacteroidales,Rikenellaceae,Alistipes,Alistipes sp902363575,Alistipes sp902363575_1,232
APPS0046PR-S2,APPS0046PR_S_2_S109_concoct_31,P19,W6,P19_W6,APPS,2,APPS,6/11/23,PR,concoct,3468807,166,34207,65,NA,NA,NA,NA,NA,NA,NA,NA,NA
APPS0046PR-S2,APPS0046PR_S_2_S109_concoct_57,P19,W6,P19_W6,APPS,2,APPS,6/11/23,PR,concoct,4126498,493,10413,92,Bacteria,Bacillota,Clostridia,Oscillospirales,Oscillospiraceae,UMGS1202,UMGS1202 sp900549565,NA,NA
APPS0046PR-S2,APPS0046PR_S_2_S109_concoct_109,P19,W6,P19_W6,APPS,2,APPS,6/11/23,PR,concoct,2267676,520,4975,63,Bacteria,Bacillota,Clostridia,Peptostreptococcales,Peptostreptococcaceae,Intestinibacter,Intestinibacter bartlettii,Intestinibacter bartlettii_1,352
APPS0046PR-S2,APPS0046PR_S_2_S109_concoct_113,P19,W6,P19_W6,APPS,2,APPS,6/11/23,PR,concoct,2454083,975,2862,61,Bacteria,Bacillota,Clostridia,Oscillospirales,Ruminococcaceae,Pygmaiobacter,Pygmaiobacter sp.,Pygmaiobacter sp._1,403
APPS0046PR-S2,APPS0046PR_S_2_S109_metabat2_1,P19,W6,P19_W6,APPS,2,APPS,6/11/23,PR,metabat2,3119919,153,30874,94,Bacteria,Bacillota,Clostridia,Oscillospirales,Oscillospiraceae,Intestinimonas,Intestinimonas massiliensis,NA,NA
APPS0046PR-S2,APPS0046PR_S_2_S109_metabat2_76,P19,W6,P19_W6,APPS,2,APPS,6/11/23,PR,metabat2,10866492,235,90332,100,Unclassified Bacteria,NA,NA,NA,NA,NA,Unclassified Bacteria sp.,NA,NA
APPS0053PR-S2,APPS0053PR_S_2_S110_concoct_34,P23,W6,P23_W6,APPS,2,APPS,6/11/23,PR,concoct,1888174,24,134549,100,Bacteria,Bacillota,Clostridia,Tissierellales,Peptoniphilaceae,Peptoniphilus_A,Peptoniphilus_A genitalis,Peptoniphilus_A genitalis_1,353
APPS0053PR-S2,APPS0053PR_S_2_S110_concoct_5,P23,W6,P23_W6,APPS,2,APPS,6/11/23,PR,concoct,2889439,26,176612,100,Bacteria,Bacillota,Bacilli,Lactobacillales,Enterococcaceae,Enterococcus,Enterococcus faecalis,Enterococcus faecalis_1,2
APPS0053PR-S2,APPS0053PR_S_2_S110_concoct_25,P23,W6,P23_W6,APPS,2,APPS,6/11/23,PR,concoct,2814576,125,44884,100,Bacteria,Bacillota,Bacilli,Lactobacillales,Enterococcaceae,Enterococcus_B,Enterococcus_B faecium,Enterococcus_B faecium_1,27
APPS0053PR-S2,APPS0053PR_S_2_S110_concoct_3,P23,W6,P23_W6,APPS,2,APPS,6/11/23,PR,concoct,1733836,39,86894,100,Bacteria,Bacillota,Bacilli,Lactobacillales,Streptococcaceae,Streptococcus,Streptococcus constellatus,Streptococcus constellatus_1,618
APPS0053PR-S2,APPS0053PR_S_2_S110_concoct_39,P23,W6,P23_W6,APPS,2,APPS,6/11/23,PR,concoct,6251557,100,113253,90,Bacteria,Pseudomonadota,Gammaproteobacteria,Pseudomonadales,Pseudomonadaceae,Pseudomonas,Pseudomonas aeruginosa,Pseudomonas aeruginosa_1,66
APPS0053PR-S2,APPS0053PR_S_2_S110_concoct_43,P23,W6,P23_W6,APPS,2,APPS,6/11/23,PR,concoct,5044106,107,68978,98,Bacteria,Bacillota,Clostridia,Lachnospirales,Lachnospiraceae,Enterocloster,Enterocloster clostridioformis,Enterocloster clostridioformis_1,204
APPS0053PR-S2,APPS0053PR_S_2_S110_concoct_41,P23,W6,P23_W6,APPS,2,APPS,6/11/23,PR,concoct,2945787,28,252556,98,Bacteria,Bacillota,Bacilli,Lactobacillales,Lactobacillaceae,Lacticaseibacillus,Lacticaseibacillus rhamnosus,Lacticaseibacillus rhamnosus_1,68
APPS0053PR-S2,APPS0053PR_S_2_S110_concoct_32,P23,W6,P23_W6,APPS,2,APPS,6/11/23,PR,concoct,1506308,7,488256,100,Bacteria,Actinomycetota,Actinomycetes,Actinomycetales,Bifidobacteriaceae,Scardovia,Scardovia wiggsiae,Scardovia wiggsiae_1,236
APPS0053PR-S2,APPS0053PR_S_2_S110_metabat2_9,P23,W6,P23_W6,APPS,2,APPS,6/11/23,PR,metabat2,1727779,423,4930,86,Bacteria,Bacillota,Clostridia,Oscillospirales,Acutalibacteraceae,UMGS1071,UMGS1071 sp900542375,UMGS1071 sp900542375_1,91
APPS0053PR-S2,APPS0053PR_S_2_S110_concoct_19,P23,W6,P23_W6,APPS,2,APPS,6/11/23,PR,concoct,2094532,12,288185,98,Bacteria,Bacillota,Negativicutes,Veillonellales,Veillonellaceae,Veillonella,Veillonella parvula_L,Veillonella parvula_L_1,299
APPS0053PR-S2,APPS0053PR_S_2_S110_metabat2_21,P23,W6,P23_W6,APPS,2,APPS,6/11/23,PR,metabat2,5302972,72,117167,94,Bacteria,Bacillota,Clostridia,Lachnospirales,Lachnospiraceae,Eisenbergiella,Eisenbergiella tayi,Eisenbergiella tayi_1,79
APPS0053PR-S2,APPS0053PR_S_2_S110_concoct_24,P23,W6,P23_W6,APPS,2,APPS,6/11/23,PR,concoct,3365925,68,75217,100,Bacteria,Actinomycetota,Coriobacteriia,Coriobacteriales,Eggerthellaceae,Eggerthella,Eggerthella lenta,Eggerthella lenta_1,3
APPS0054PR-S2,APPS0054PR_S_2_S111_concoct_3,P24,W6,P24_W6,APPS,2,APPS,6/11/23,PR,concoct,1918157,12,248535,100,Bacteria,Bacillota,Bacilli,Lactobacillales,Streptococcaceae,Streptococcus,Streptococcus oralis_W,Streptococcus oralis_W_1,623
APPS0054PR-S2,APPS0054PR_S_2_S111_concoct_24,P24,W6,P24_W6,APPS,2,APPS,6/11/23,PR,concoct,3396811,133,75640,100,Bacteria,Bacillota,Bacilli,Lactobacillales,Enterococcaceae,Enterococcus,Enterococcus faecalis,Enterococcus faecalis_1,2
APPS0054PR-S2,APPS0054PR_S_2_S111_maxbin2_004,P24,W6,P24_W6,APPS,2,APPS,6/11/23,PR,maxbin2,5026878,187,56093,75,Bacteria,Pseudomonadota,Gammaproteobacteria,Enterobacterales,Enterobacteriaceae,Escherichia,Escherichia coli,Escherichia coli_2,99
APPS0054PR-S2,APPS0054PR_S_2_S111_concoct_25,P24,W6,P24_W6,APPS,2,APPS,6/11/23,PR,concoct,5115897,78,114771,59,Bacteria,Pseudomonadota,Gammaproteobacteria,Enterobacterales,Enterobacteriaceae,Klebsiella,Klebsiella pneumoniae,Klebsiella pneumoniae_1,83
APPS0055PR-S1,APPS0055PR_S_1_S112_metabat2_81,P25,W1,P25_W1,APPS,1,APPS,5/7/23,PR,metabat2,4538070,47,160912,100,Bacteria,Bacteroidota,Bacteroidia,Bacteroidales,Tannerellaceae,Parabacteroides,Parabacteroides distasonis,Parabacteroides distasonis_1,1
APPS0055PR-S1,APPS0055PR_S_1_S112_concoct_19,P25,W1,P25_W1,APPS,1,APPS,5/7/23,PR,concoct,2955468,50,131885,100,Bacteria,Desulfobacterota_I,Desulfovibrionia,Desulfovibrionales,Desulfovibrionaceae,Desulfovibrio,Desulfovibrio sp900243745,Desulfovibrio sp900243745_1,87
APPS0055PR-S1,APPS0055PR_S_1_S112_concoct_84,P25,W1,P25_W1,APPS,1,APPS,5/7/23,PR,concoct,2813762,40,131763,100,Bacteria,Bacillota,Bacilli,Lactobacillales,Enterococcaceae,Enterococcus,Enterococcus faecalis,Enterococcus faecalis_1,2
APPS0055PR-S1,APPS0055PR_S_1_S112_metabat2_63,P25,W1,P25_W1,APPS,1,APPS,5/7/23,PR,metabat2,2989755,42,102652,100,Bacteria,Bacteroidota,Bacteroidia,Bacteroidales,Barnesiellaceae,Barnesiella,Barnesiella intestinihominis,Barnesiella intestinihominis_1,9
APPS0055PR-S1,APPS0055PR_S_1_S112_concoct_16,P25,W1,P25_W1,APPS,1,APPS,5/7/23,PR,concoct,2097019,58,57731,100,Bacteria,Bacteroidota,Bacteroidia,Bacteroidales,Porphyromonadaceae,Porphyromonas,Porphyromonas sp900538385,Porphyromonas sp900538385_1,571
APPS0055PR-S1,APPS0055PR_S_1_S112_concoct_37,P25,W1,P25_W1,APPS,1,APPS,5/7/23,PR,concoct,2495578,113,31275,100,Bacteria,Actinomycetota,Actinomycetes,Mycobacteriales,Mycobacteriaceae,Corynebacterium,Corynebacterium pseudokroppenstedtii,Corynebacterium pseudokroppenstedtii_1,221
APPS0055PR-S1,APPS0055PR_S_1_S112_concoct_74,P25,W1,P25_W1,APPS,1,APPS,5/7/23,PR,concoct,4562601,73,127474,98,Bacteria,Bacillota,Bacilli,Erysipelotrichales,Erysipelotrichaceae,Clostridium_AQ,Clostridium_AQ innocuum,Clostridium_AQ innocuum_1,20
APPS0055PR-S1,APPS0055PR_S_1_S112_metabat2_77,P25,W1,P25_W1,APPS,1,APPS,5/7/23,PR,metabat2,2095265,28,126898,98,Bacteria,Bacteroidota,Bacteroidia,Bacteroidales,Rikenellaceae,Alistipes,Alistipes putredinis,Alistipes putredinis_1,4
APPS0055PR-S1,APPS0055PR_S_1_S112_metabat2_78,P25,W1,P25_W1,APPS,1,APPS,5/7/23,PR,metabat2,2232129,68,57120,98,Bacteria,Bacillota,Clostridia,Oscillospirales,Oscillospiraceae,Scatomorpha,Scatomorpha sp.,Scatomorpha sp._2,424
APPS0055PR-S1,APPS0055PR_S_1_S112_metabat2_42,P25,W1,P25_W1,APPS,1,APPS,5/7/23,PR,metabat2,3808796,462,11397,98,Bacteria,Desulfobacterota_I,Desulfovibrionia,Desulfovibrionales,Desulfovibrionaceae,Bilophila,Bilophila wadsworthia,Bilophila wadsworthia_2,45
APPS0055PR-S1,APPS0055PR_S_1_S112_concoct_126,P25,W1,P25_W1,APPS,1,APPS,5/7/23,PR,concoct,2345959,14,436186,100,Bacteria,Bacillota,Negativicutes,Acidaminococcales,Acidaminococcaceae,Phascolarctobacterium,Phascolarctobacterium faecium,Phascolarctobacterium faecium_1,17
APPS0055PR-S1,APPS0055PR_S_1_S112_concoct_46,P25,W1,P25_W1,APPS,1,APPS,5/7/23,PR,concoct,2369293,63,81882,100,Bacteria,Actinomycetota,Coriobacteriia,Coriobacteriales,Coriobacteriaceae,Collinsella,Collinsella sp.,Collinsella sp._4,295
APPS0055PR-S1,APPS0055PR_S_1_S112_concoct_33,P25,W1,P25_W1,APPS,1,APPS,5/7/23,PR,concoct,2421916,150,40991,100,Bacteria,Bacillota,Clostridia,Christensenellales,CAG-138,UMGS946,UMGS946 sp900544965,UMGS946 sp900544965_1,130
APPS0055PR-S1,APPS0055PR_S_1_S112_concoct_8,P25,W1,P25_W1,APPS,1,APPS,5/7/23,PR,concoct,2479033,192,23745,100,Bacteria,Bacillota,Clostridia,Lachnospirales,Lachnospiraceae,Mediterraneibacter,Mediterraneibacter torques,Mediterraneibacter torques_1,5
APPS0055PR-S1,APPS0055PR_S_1_S112_concoct_22,P25,W1,P25_W1,APPS,1,APPS,5/7/23,PR,concoct,3737644,30,214201,96,Bacteria,Bacteroidota,Bacteroidia,Bacteroidales,Marinifilaceae,Culturomica,Culturomica lanea,Culturomica lanea_1,324
APPS0055PR-S1,APPS0055PR_S_1_S112_metabat2_53,P25,W1,P25_W1,APPS,1,APPS,5/7/23,PR,metabat2,4419065,88,135188,96,Bacteria,Bacillota,Clostridia,Peptostreptococcales,Anaerovoracaceae,Hominibacterium,Hominibacterium faecale,Hominibacterium faecale_1,311
APPS0055PR-S1,APPS0055PR_S_1_S112_metabat2_71,P25,W1,P25_W1,APPS,1,APPS,5/7/23,PR,metabat2,1895336,31,111655,98,Bacteria,Bacillota,Clostridia,Christensenellales,CAG-138,Phil1,Phil1 sp001940855,Phil1 sp001940855_1,154
APPS0055PR-S1,APPS0055PR_S_1_S112_concoct_21,P25,W1,P25_W1,APPS,1,APPS,5/7/23,PR,concoct,2484566,85,49899,98,Bacteria,Bacillota,Clostridia,Oscillospirales,Oscillospiraceae,Evtepia,Evtepia gabavorous,Evtepia gabavorous_1,19
APPS0055PR-S1,APPS0055PR_S_1_S112_concoct_96,P25,W1,P25_W1,APPS,1,APPS,5/7/23,PR,concoct,1440225,67,32258,98,Bacteria,Bacillota,Clostridia,Christensenellales,CAG-314,CAG-314,CAG-314 sp000437915,CAG-314 sp000437915_1,103
APPS0055PR-S1,APPS0055PR_S_1_S112_concoct_5,P25,W1,P25_W1,APPS,1,APPS,5/7/23,PR,concoct,2066743,133,24666,98,Bacteria,Bacillota,Bacilli,Erysipelotrichales,Erysipelotrichaceae,Merdibacter,Merdibacter merdigallinarum,Merdibacter merdigallinarum_1,238
APPS0055PR-S1,APPS0055PR_S_1_S112_concoct_89,P25,W1,P25_W1,APPS,1,APPS,5/7/23,PR,concoct,3178319,267,18138,98,Bacteria,Bacillota,Clostridia,Lachnospirales,Lachnospiraceae,Blautia_A,Blautia_A hydrogenotrophica,Blautia_A hydrogenotrophica_1,48
APPS0055PR-S1,APPS0055PR_S_1_S112_concoct_97,P25,W1,P25_W1,APPS,1,APPS,5/7/23,PR,concoct,4018076,48,158984,94,Bacteria,Bacteroidota,Bacteroidia,Bacteroidales,Marinifilaceae,Odoribacter,Odoribacter sp905215395,Odoribacter sp905215395_1,554
APPS0055PR-S1,APPS0055PR_S_1_S112_metabat2_25,P25,W1,P25_W1,APPS,1,APPS,5/7/23,PR,metabat2,2107920,242,11209,96,Bacteria,Bacillota,Clostridia,Christensenellales,CAG-138,Pelethousia,Pelethousia gallinarum,Pelethousia gallinarum_1,142
APPS0055PR-S1,APPS0055PR_S_1_S112_metabat2_4,P25,W1,P25_W1,APPS,1,APPS,5/7/23,PR,metabat2,2398878,155,25387,98,Bacteria,Bacillota,Clostridia,Oscillospirales,Ruminococcaceae,Paludihabitans,Paludihabitans sp900543295,Paludihabitans sp900543295_1,276
APPS0055PR-S1,APPS0055PR_S_1_S112_concoct_94,P25,W1,P25_W1,APPS,1,APPS,5/7/23,PR,concoct,1720763,117,22002,98,Bacteria,Bacillota,Clostridia,Christensenellales,QAND01,QAND01,QAND01 sp003150225,QAND01 sp003150225_1,302
APPS0055PR-S1,APPS0055PR_S_1_S112_metabat2_64,P25,W1,P25_W1,APPS,1,APPS,5/7/23,PR,metabat2,2623759,355,11829,98,Bacteria,Bacillota,Clostridia,Oscillospirales,Acutalibacteraceae,UMGS1071,UMGS1071 sp900542375,UMGS1071 sp900542375_1,91
APPS0055PR-S1,APPS0055PR_S_1_S112_metabat2_11,P25,W1,P25_W1,APPS,1,APPS,5/7/23,PR,metabat2,2430347,408,7605,92,Bacteria,Verrucomicrobiota,Verrucomicrobiia,Verrucomicrobiales,Akkermansiaceae,Akkermansia,Akkermansia muciniphila,Akkermansia muciniphila_1,6
APPS0055PR-S1,APPS0055PR_S_1_S112_concoct_63,P25,W1,P25_W1,APPS,1,APPS,5/7/23,PR,concoct,1504987,395,4841,94,Bacteria,Bacillota,Bacilli,Lactobacillales,Streptococcaceae,Streptococcus,Streptococcus hominis,Streptococcus hominis_2,620
APPS0055PR-S1,APPS0055PR_S_1_S112_concoct_95,P25,W1,P25_W1,APPS,1,APPS,5/7/23,PR,concoct,3814668,18,370426,96,Bacteria,Bacillota,Clostridia,Lachnospirales,Lachnospiraceae,Clostridium_AP,Clostridium_AP sp000509125,Clostridium_AP sp000509125_1,34
APPS0055PR-S1,APPS0055PR_S_1_S112_metabat2_49,P25,W1,P25_W1,APPS,1,APPS,5/7/23,PR,metabat2,4976699,214,37644,90,Bacteria,Bacteroidota,Bacteroidia,Bacteroidales,Bacteroidaceae,Phocaeicola,Phocaeicola vulgatus,Phocaeicola vulgatus_1,44
APPS0055PR-S1,APPS0055PR_S_1_S112_metabat2_116,P25,W1,P25_W1,APPS,1,APPS,5/7/23,PR,metabat2,2756530,78,61360,94,Bacteria,Bacillota,Clostridia,Oscillospirales,Acutalibacteraceae,UMGS1623,UMGS1623 sp934647945,UMGS1623 sp934647945_1,136
APPS0055PR-S1,APPS0055PR_S_1_S112_concoct_123,P25,W1,P25_W1,APPS,1,APPS,5/7/23,PR,concoct,3239306,200,26970,94,Bacteria,Bacillota,Clostridia,Oscillospirales,Ruminococcaceae,Ruthenibacterium,Ruthenibacterium lactatiformans,Ruthenibacterium lactatiformans_1,11
APPS0055PR-S1,APPS0055PR_S_1_S112_metabat2_107,P25,W1,P25_W1,APPS,1,APPS,5/7/23,PR,metabat2,2468444,190,26808,96,Bacteria,Bacillota,Clostridia,Christensenellales,Aristaeellaceae,Pullichristensenella,Pullichristensenella sp946496415,Pullichristensenella sp946496415_1,229
APPS0055PR-S1,APPS0055PR_S_1_S112_concoct_12,P25,W1,P25_W1,APPS,1,APPS,5/7/23,PR,concoct,2927116,63,76448,98,Bacteria,Bacillota,Clostridia,Oscillospirales,Acutalibacteraceae,Fimivicinus,Fimivicinus sp900544375,Fimivicinus sp900544375_1,29
APPS0055PR-S1,APPS0055PR_S_1_S112_metabat2_82,P25,W1,P25_W1,APPS,1,APPS,5/7/23,PR,metabat2,1691501,39,73932,90,Bacteria,Bacillota,Clostridia,Oscillospirales,Oscillospiraceae,Vescimonas,Vescimonas sp000435975,Vescimonas sp000435975_1,93
APPS0055PR-S1,APPS0055PR_S_1_S112_metabat2_1,P25,W1,P25_W1,APPS,1,APPS,5/7/23,PR,metabat2,3343003,303,17164,94,Bacteria,Bacillota,Clostridia,Oscillospirales,Oscillospiraceae,Intestinimonas,Intestinimonas butyriciproducens,Intestinimonas butyriciproducens_1,225
APPS0055PR-S1,APPS0055PR_S_1_S112_metabat2_117,P25,W1,P25_W1,APPS,1,APPS,5/7/23,PR,metabat2,2504152,309,11333,86,Bacteria,Actinomycetota,Coriobacteriia,Coriobacteriales,Eggerthellaceae,Eggerthella,Eggerthella lenta,Eggerthella lenta_1,3
APPS0055PR-S1,APPS0055PR_S_1_S112_concoct_131,P25,W1,P25_W1,APPS,1,APPS,5/7/23,PR,concoct,7133344,170,60954,96,Bacteria,Bacillota,Clostridia,Lachnospirales,Lachnospiraceae,Eisenbergiella,Eisenbergiella tayi,Eisenbergiella tayi_1,79
APPS0055PR-S1,APPS0055PR_S_1_S112_concoct_115,P25,W1,P25_W1,APPS,1,APPS,5/7/23,PR,concoct,2178315,479,5522,90,Bacteria,Bacillota,Clostridia,Peptostreptococcales,Anaerovoracaceae,CAG-238,CAG-238 sp900754805,CAG-238 sp900754805_1,592
APPS0055PR-S1,APPS0055PR_S_1_S112_metabat2_123,P25,W1,P25_W1,APPS,1,APPS,5/7/23,PR,metabat2,1949195,107,26776,82,Bacteria,Bacillota,Clostridia,Oscillospirales,Oscillospiraceae,Scatomorpha,Scatomorpha pullicola,Scatomorpha pullicola_1,423
APPS0055PR-S1,APPS0055PR_S_1_S112_metabat2_70,P25,W1,P25_W1,APPS,1,APPS,5/7/23,PR,metabat2,2064126,72,44823,84,Bacteria,Actinomycetota,Coriobacteriia,Coriobacteriales,Eggerthellaceae,Senegalimassilia,Senegalimassilia anaerobia,Senegalimassilia anaerobia_1,298
APPS0055PR-S1,APPS0055PR_S_1_S112_concoct_88,P25,W1,P25_W1,APPS,1,APPS,5/7/23,PR,concoct,4751209,46,198797,76,Bacteria,Pseudomonadota,Gammaproteobacteria,Enterobacterales,Enterobacteriaceae,Citrobacter_A,Citrobacter_A amalonaticus,Citrobacter_A amalonaticus_1,599
APPS0055PR-S1,APPS0055PR_S_1_S112_concoct_109,P25,W1,P25_W1,APPS,1,APPS,5/7/23,PR,concoct,1519775,657,2585,76,Bacteria,Bacillota,Clostridia,Peptostreptococcales,Anaerovoracaceae,Lentihominibacter,Lentihominibacter excrementipullorum,Lentihominibacter excrementipullorum_2,596
APPS0055PR-S1,APPS0055PR_S_1_S112_concoct_86,P25,W1,P25_W1,APPS,1,APPS,5/7/23,PR,concoct,2852391,46,117185,94,Bacteria,Bacillota,Clostridia,Lachnospirales,Lachnospiraceae,Coprococcus_A,Coprococcus_A intestinihominis,Coprococcus_A intestinihominis_1,561
APPS0055PR-S1,APPS0055PR_S_1_S112_metabat2_67,P25,W1,P25_W1,APPS,1,APPS,5/7/23,PR,metabat2,1512173,14,180209,76,Bacteria,Bacillota,Clostridia,Lachnospirales,Lachnospiraceae,Blautia_A,Blautia_A obeum,Blautia_A obeum_1,202
APPS0055PR-S1,APPS0055PR_S_1_S112_concoct_11,P25,W1,P25_W1,APPS,1,APPS,5/7/23,PR,concoct,6989011,393,24120,96,Unclassified Bacteria,NA,NA,NA,NA,NA,Unclassified Bacteria sp.,NA,NA
APPS0055PR-S1,APPS0055PR_S_1_S112_concoct_7,P25,W1,P25_W1,APPS,1,APPS,5/7/23,PR,concoct,4300018,177,41721,69,Bacteria,Bacteroidota,Bacteroidia,Bacteroidales,Marinifilaceae,Odoribacter,Odoribacter sp.,Odoribacter sp._1,537
APPS0055PR-S1,APPS0055PR_S_1_S112_concoct_53,P25,W1,P25_W1,APPS,1,APPS,5/7/23,PR,concoct,1426695,706,2177,67,Bacteria,Bacillota,Clostridia,Christensenellales,,,Christensenellales sp.,Christensenellales sp._1,224
APPS0055PR-S1,APPS0055PR_S_1_S112_metabat2_94,P25,W1,P25_W1,APPS,1,APPS,5/7/23,PR,metabat2,3005261,367,11126,75,Bacteria,Bacillota,Clostridia,Christensenellales,Christensenellaceae,Christensenella,Christensenella minuta,NA,NA
APPS0055PR-S1,APPS0055PR_S_1_S112_concoct_128,P25,W1,P25_W1,APPS,1,APPS,5/7/23,PR,concoct,1160100,647,1825,59,Bacteria,Bacillota,Bacilli,Erysipelotrichales,Coprobacillaceae,Allocoprobacillus,Allocoprobacillus merdigallinarum,NA,NA
APPS0055PR-S1,APPS0055PR_S_1_S112_metabat2_115,P25,W1,P25_W1,APPS,1,APPS,5/7/23,PR,metabat2,2165825,251,13385,57,Bacteria,Bacillota,Clostridia,Oscillospirales,Oscillospiraceae,Scatomorpha,Scatomorpha intestinigallinarum,Scatomorpha intestinigallinarum_1,74
APPS0055PR-S1,APPS0055PR_S_1_S112_metabat2_61,P25,W1,P25_W1,APPS,1,APPS,5/7/23,PR,metabat2,1083831,16,119777,53,Bacteria,Bacillota,Clostridia,Oscillospirales,Oscillospiraceae,Hominicoprocola,Hominicoprocola sp003522105,Hominicoprocola sp003522105_1,283
APPS0055PR-S1,APPS0055PR_S_1_S112_maxbin2_110,P25,W1,P25_W1,APPS,1,APPS,5/7/23,PR,maxbin2,2186728,284,10468,53,Bacteria,Bacillota,Clostridia,,,,Clostridia sp.,NA,NA
APPS0055PR-S1,APPS0055PR_S_1_S112_concoct_57,P25,W1,P25_W1,APPS,1,APPS,5/7/23,PR,concoct,1698080,725,2649,55,Bacteria,Bacillota,Clostridia,Oscillospirales,Ruminococcaceae,Negativibacillus,Negativibacillus faecipullorum,Negativibacillus faecipullorum_1,363
APPS0055PR-S1,APPS0055PR_S_1_S112_maxbin2_039,P25,W1,P25_W1,APPS,1,APPS,5/7/23,PR,maxbin2,3648986,772,46792,63,NA,NA,NA,NA,NA,NA,NA,NA,NA
APPS0055PR-S2,APPS0055PR_S_2_S113_concoct_61,P25,W6,P25_W6,APPS,2,APPS,6/11/23,PR,concoct,5205304,41,168190,100,Bacteria,Pseudomonadota,Gammaproteobacteria,Enterobacterales,Enterobacteriaceae,Klebsiella,Klebsiella quasipneumoniae,Klebsiella quasipneumoniae_1,605
APPS0055PR-S2,APPS0055PR_S_2_S113_metabat2_26,P25,W6,P25_W6,APPS,2,APPS,6/11/23,PR,metabat2,6247253,76,151669,100,Bacteria,Bacteroidota,Bacteroidia,Bacteroidales,Bacteroidaceae,Bacteroides,Bacteroides thetaiotaomicron,Bacteroides thetaiotaomicron_1,338
APPS0055PR-S2,APPS0055PR_S_2_S113_concoct_45,P25,W6,P25_W6,APPS,2,APPS,6/11/23,PR,concoct,6901594,105,103161,100,Bacteria,Pseudomonadota,Gammaproteobacteria,Pseudomonadales,Pseudomonadaceae,Pseudomonas,Pseudomonas aeruginosa,Pseudomonas aeruginosa_1,66
APPS0055PR-S2,APPS0055PR_S_2_S113_metabat2_21,P25,W6,P25_W6,APPS,2,APPS,6/11/23,PR,metabat2,2368741,51,78518,100,NA,NA,NA,NA,NA,NA,NA,NA_3,378
APPS0055PR-S2,APPS0055PR_S_2_S113_concoct_48,P25,W6,P25_W6,APPS,2,APPS,6/11/23,PR,concoct,2048442,72,65784,100,Bacteria,Bacillota,Bacilli,ML615J-28,CAG-313,CAG-313,CAG-313 sp900539265,CAG-313 sp900539265_1,615
APPS0055PR-S2,APPS0055PR_S_2_S113_concoct_24,P25,W6,P25_W6,APPS,2,APPS,6/11/23,PR,concoct,2841446,133,48594,100,Bacteria,Bacillota,Bacilli,Lactobacillales,Enterococcaceae,Enterococcus_B,Enterococcus_B faecium,Enterococcus_B faecium_1,27
APPS0055PR-S2,APPS0055PR_S_2_S113_metabat2_39,P25,W6,P25_W6,APPS,2,APPS,6/11/23,PR,metabat2,4119079,155,41460,100,Bacteria,Bacteroidota,Bacteroidia,Bacteroidales,Tannerellaceae,Parabacteroides,Parabacteroides merdae,Parabacteroides merdae_1,28
APPS0055PR-S2,APPS0055PR_S_2_S113_concoct_0,P25,W6,P25_W6,APPS,2,APPS,6/11/23,PR,concoct,2276782,402,7630,100,Bacteria,Actinomycetota,Actinomycetes,Actinomycetales,Bifidobacteriaceae,Bifidobacterium,Bifidobacterium dentium,Bifidobacterium dentium_1,140
APPS0055PR-S2,APPS0055PR_S_2_S113_metabat2_7,P25,W6,P25_W6,APPS,2,APPS,6/11/23,PR,metabat2,2057112,404,6357,100,Bacteria,Bacillota,Clostridia,Oscillospirales,Oscillospiraceae,Scatomorpha,Scatomorpha intestinigallinarum,Scatomorpha intestinigallinarum_1,74
APPS0055PR-S2,APPS0055PR_S_2_S113_concoct_28,P25,W6,P25_W6,APPS,2,APPS,6/11/23,PR,concoct,2495266,30,155405,96,Bacteria,Bacillota,DTU025,DTUO25,HGM14224,HGM14224,HGM14224 sp900761905,HGM14224 sp900761905_1,374
APPS0055PR-S2,APPS0055PR_S_2_S113_concoct_66,P25,W6,P25_W6,APPS,2,APPS,6/11/23,PR,concoct,2803881,44,131763,96,Bacteria,Bacillota,Bacilli,Lactobacillales,Enterococcaceae,Enterococcus,Enterococcus faecalis,Enterococcus faecalis_1,2
APPS0055PR-S2,APPS0055PR_S_2_S113_concoct_13,P25,W6,P25_W6,APPS,2,APPS,6/11/23,PR,concoct,3266425,92,59152,96,Bacteria,Bacteroidota,Bacteroidia,Bacteroidales,Marinifilaceae,Culturomica,Culturomica lanea,Culturomica lanea_1,324
APPS0055PR-S2,APPS0055PR_S_2_S113_concoct_18,P25,W6,P25_W6,APPS,2,APPS,6/11/23,PR,concoct,2563693,16,625347,98,Bacteria,Bacillota,Clostridia,Christensenellales,Borkfalkiaceae,UMGS775,UMGS775 sp900545325,UMGS775 sp900545325_1,316
APPS0055PR-S2,APPS0055PR_S_2_S113_maxbin2_007,P25,W6,P25_W6,APPS,2,APPS,6/11/23,PR,maxbin2,1802197,28,202224,98,Bacteria,Bacillota,Clostridia,Christensenellales,Pumilibacteraceae,UBA10677,UBA10677 sp900767465,UBA10677 sp900767465_1,379
APPS0055PR-S2,APPS0055PR_S_2_S113_metabat2_45,P25,W6,P25_W6,APPS,2,APPS,6/11/23,PR,metabat2,2082308,71,44723,98,Bacteria,Bacillota,Clostridia,Christensenellales,CAG-138,Phil1,Phil1 sp001940855,Phil1 sp001940855_1,154
APPS0055PR-S2,APPS0055PR_S_2_S113_concoct_51,P25,W6,P25_W6,APPS,2,APPS,6/11/23,PR,concoct,2049442,158,23537,98,Bacteria,Bacillota,Clostridia,Christensenellales,CAG-138,UMGS946,UMGS946 sp900544965,UMGS946 sp900544965_1,130
APPS0055PR-S2,APPS0055PR_S_2_S113_concoct_76,P25,W6,P25_W6,APPS,2,APPS,6/11/23,PR,concoct,3477024,43,133700,100,Bacteria,Bacillota,Clostridia,Lachnospirales,Lachnospiraceae,Blautia_A,Blautia_A obeum,Blautia_A obeum_1,202
APPS0055PR-S2,APPS0055PR_S_2_S113_metabat2_12,P25,W6,P25_W6,APPS,2,APPS,6/11/23,PR,metabat2,2107653,121,32714,96,Bacteria,Actinomycetota,Coriobacteriia,Coriobacteriales,Coriobacteriaceae,Collinsella,Collinsella sp.,Collinsella sp._4,295
APPS0055PR-S2,APPS0055PR_S_2_S113_concoct_85,P25,W6,P25_W6,APPS,2,APPS,6/11/23,PR,concoct,1321972,354,4650,96,Bacteria,Bacillota,Clostridia,Christensenellales,CAG-314,CAG-314,CAG-314 sp000437915,CAG-314 sp000437915_1,103
APPS0055PR-S2,APPS0055PR_S_2_S113_concoct_47,P25,W6,P25_W6,APPS,2,APPS,6/11/23,PR,concoct,3804568,70,88668,98,Bacteria,Bacillota,Clostridia,Lachnospirales,Lachnospiraceae,Clostridium_AP,Clostridium_AP sp000509125,Clostridium_AP sp000509125_1,34
APPS0055PR-S2,APPS0055PR_S_2_S113_concoct_7,P25,W6,P25_W6,APPS,2,APPS,6/11/23,PR,concoct,2463509,204,18695,92,Bacteria,Actinomycetota,Actinomycetes,Mycobacteriales,Mycobacteriaceae,Corynebacterium,Corynebacterium pseudokroppenstedtii,Corynebacterium pseudokroppenstedtii_1,221
APPS0055PR-S2,APPS0055PR_S_2_S113_metabat2_2,P25,W6,P25_W6,APPS,2,APPS,6/11/23,PR,metabat2,2057297,21,135661,96,Bacteria,Bacillota,Clostridia,Christensenellales,Borkfalkiaceae,Borkfalkia,Borkfalkia ceftriaxoniphila,Borkfalkia ceftriaxoniphila_1,244
APPS0055PR-S2,APPS0055PR_S_2_S113_metabat2_9,P25,W6,P25_W6,APPS,2,APPS,6/11/23,PR,metabat2,2661579,120,32509,96,Bacteria,Bacillota,Clostridia,Oscillospirales,Acutalibacteraceae,UMGS1623,UMGS1623 sp934647945,UMGS1623 sp934647945_1,136
APPS0055PR-S2,APPS0055PR_S_2_S113_concoct_70,P25,W6,P25_W6,APPS,2,APPS,6/11/23,PR,concoct,1935497,57,56667,94,Bacteria,Bacillota,Clostridia,Oscillospirales,Oscillospiraceae,Vescimonas,Vescimonas coprocola,Vescimonas coprocola_1,7
APPS0055PR-S2,APPS0055PR_S_2_S113_maxbin2_001,P25,W6,P25_W6,APPS,2,APPS,6/11/23,PR,maxbin2,1878106,17,332376,96,Bacteria,Bacillota,Clostridia,Christensenellales,Borkfalkiaceae,Scatosoma,Scatosoma sp.,Scatosoma sp._1,384
APPS0055PR-S2,APPS0055PR_S_2_S113_concoct_15,P25,W6,P25_W6,APPS,2,APPS,6/11/23,PR,concoct,4040706,62,118692,100,Unclassified,NA,NA,NA,NA,NA,Unclassified sp.,NA,NA
APPS0055PR-S2,APPS0055PR_S_2_S113_metabat2_30,P25,W6,P25_W6,APPS,2,APPS,6/11/23,PR,metabat2,2827562,217,19101,98,Bacteria,Bacillota,Clostridia,Oscillospirales,Acutalibacteraceae,Fimivicinus,Fimivicinus sp900544375,Fimivicinus sp900544375_1,29
APPS0055PR-S2,APPS0055PR_S_2_S113_concoct_46,P25,W6,P25_W6,APPS,2,APPS,6/11/23,PR,concoct,1900191,97,31697,84,Bacteria,Bacillota,Clostridia,Oscillospirales,Oscillospiraceae,Vescimonas,Vescimonas sp000435975,Vescimonas sp000435975_1,93
APPS0055PR-S2,APPS0055PR_S_2_S113_concoct_2,P25,W6,P25_W6,APPS,2,APPS,6/11/23,PR,concoct,1836327,804,2592,82,Bacteria,Bacillota,Clostridia,Monoglobales,Monoglobaceae,Ructibacterium,Ructibacterium sp900550775,Ructibacterium sp900550775_1,380
APPS0055PR-S2,APPS0055PR_S_2_S113_maxbin2_031,P25,W6,P25_W6,APPS,2,APPS,6/11/23,PR,maxbin2,905367,150,31711,75,Bacteria,Actinomycetota,Coriobacteriia,Coriobacteriales,Eggerthellaceae,Senegalimassilia,Senegalimassilia anaerobia,NA,NA
APPS0055PR-S2,APPS0055PR_S_2_S113_metabat2_31,P25,W6,P25_W6,APPS,2,APPS,6/11/23,PR,metabat2,3651584,249,24067,63,Bacteria,Bacteroidota,Bacteroidia,Bacteroidales,Bacteroidaceae,Bacteroides,Bacteroides uniformis,Bacteroides uniformis_2,654
APPS0055PR-S2,APPS0055PR_S_2_S113_concoct_43,P25,W6,P25_W6,APPS,2,APPS,6/11/23,PR,concoct,1119521,774,1417,65,Bacteria,Bacillota,Clostridia,Christensenellales,CAG-138,Pelethousia,Pelethousia gallinarum,NA,NA
APPS0055PR-S2,APPS0055PR_S_2_S113_concoct_34,P25,W6,P25_W6,APPS,2,APPS,6/11/23,PR,concoct,4683335,360,17331,92,Bacteria,Actinomycetota,Coriobacteriia,Coriobacteriales,Eggerthellaceae,Senegalimassilia,Senegalimassilia anaerobia,NA,NA
APPS0055PR-S2,APPS0055PR_S_2_S113_concoct_57,P25,W6,P25_W6,APPS,2,APPS,6/11/23,PR,concoct,1300254,701,1930,71,Bacteria,Bacillota,Bacilli,Lactobacillales,Streptococcaceae,Streptococcus,Streptococcus constellatus,Streptococcus constellatus_2,619
APPS0055PR-S2,APPS0055PR_S_2_S113_concoct_49,P25,W6,P25_W6,APPS,2,APPS,6/11/23,PR,concoct,3085154,1423,2336,78,Bacteria,Desulfobacterota_I,Desulfovibrionia,Desulfovibrionales,Desulfovibrionaceae,Bilophila,Bilophila wadsworthia,Bilophila wadsworthia_2,45
p23220-s353_SNT0001PR-S-day0,p23220-s353_SNT0001PR-S-day0_S352_concoct_10,P26,W2,P26_W2,SNT,1,D00,5/14/23,PR,concoct,6433374,294,58019,100,Bacteria,Pseudomonadota,Gammaproteobacteria,Enterobacterales,Enterobacteriaceae,Klebsiella,Klebsiella variicola,NA,NA
p23220-s354_SNT0001PR-S-day7,p23220-s354_SNT0001PR-S-day7_S353_metabat2_7,P26,W3,P26_W3,SNT,1,D07,5/21/23,PR,metabat2,2775538,150,33293,100,Bacteria,Bacillota,Bacilli,Lactobacillales,Enterococcaceae,Enterococcus_B,Enterococcus_B faecium,Enterococcus_B faecium_1,27
p23220-s354_SNT0001PR-S-day7,p23220-s354_SNT0001PR-S-day7_S353_metabat2_4,P26,W3,P26_W3,SNT,1,D07,5/21/23,PR,metabat2,2124019,235,12769,100,Bacteria,Pseudomonadota,Gammaproteobacteria,Burkholderiales,Burkholderiaceae,Sutterella,Sutterella wadsworthensis_A,Sutterella wadsworthensis_A_1,10
p23220-s354_SNT0001PR-S-day7,p23220-s354_SNT0001PR-S-day7_S353_concoct_21,P26,W3,P26_W3,SNT,1,D07,5/21/23,PR,concoct,2744469,882,3937,100,Bacteria,Fusobacteriota,Fusobacteriia,Fusobacteriales,Fusobacteriaceae,Fusobacterium_A,Fusobacterium_A varium,Fusobacterium_A varium_1,256
p23220-s354_SNT0001PR-S-day7,p23220-s354_SNT0001PR-S-day7_S353_concoct_22,P26,W3,P26_W3,SNT,1,D07,5/21/23,PR,concoct,1994369,791,2931,80,Bacteria,Bacillota,Negativicutes,Acidaminococcales,Acidaminococcaceae,Phascolarctobacterium,Phascolarctobacterium faecium,Phascolarctobacterium faecium_1,17
p23220-s354_SNT0001PR-S-day7,p23220-s354_SNT0001PR-S-day7_S353_maxbin2_001,P26,W3,P26_W3,SNT,1,D07,5/21/23,PR,maxbin2,5513157,513,29358,86,Bacteria,Pseudomonadota,Gammaproteobacteria,Enterobacterales,Enterobacteriaceae,Escherichia,Escherichia coli,NA,NA
p23220-s355_SNT0002PR-S-day7,p23220-s355_SNT0002PR-S-day7_S354_concoct_21,P27,W3,P27_W3,SNT,1,D07,5/21/23,PR,concoct,5015307,51,192276,100,Bacteria,Pseudomonadota,Gammaproteobacteria,Enterobacterales,Enterobacteriaceae,Escherichia,Escherichia coli,Escherichia coli_1,16
p23220-s355_SNT0002PR-S-day7,p23220-s355_SNT0002PR-S-day7_S354_metabat2_3,P27,W3,P27_W3,SNT,1,D07,5/21/23,PR,metabat2,2780512,184,25656,100,Bacteria,Bacillota,Bacilli,Lactobacillales,Enterococcaceae,Enterococcus_B,Enterococcus_B faecium,Enterococcus_B faecium_1,27
p23220-s355_SNT0002PR-S-day7,p23220-s355_SNT0002PR-S-day7_S354_concoct_44,P27,W3,P27_W3,SNT,1,D07,5/21/23,PR,concoct,2370540,182,17409,100,Bacteria,Bacillota,Clostridia,Lachnospirales,Lachnospiraceae,Mediterraneibacter,Mediterraneibacter torques,Mediterraneibacter torques_1,5
p23220-s355_SNT0002PR-S-day7,p23220-s355_SNT0002PR-S-day7_S354_metabat2_9,P27,W3,P27_W3,SNT,1,D07,5/21/23,PR,metabat2,3355176,172,30113,100,Bacteria,Bacillota,Clostridia,Lachnospirales,Lachnospiraceae,Anaerostipes,Anaerostipes caccae,Anaerostipes caccae_1,56
p23220-s355_SNT0002PR-S-day7,p23220-s355_SNT0002PR-S-day7_S354_concoct_59,P27,W3,P27_W3,SNT,1,D07,5/21/23,PR,concoct,3578134,815,5378,94,Bacteria,Desulfobacterota_I,Desulfovibrionia,Desulfovibrionales,Desulfovibrionaceae,Bilophila,Bilophila wadsworthia,Bilophila wadsworthia_2,45
p23220-s355_SNT0002PR-S-day7,p23220-s355_SNT0002PR-S-day7_S354_concoct_36,P27,W3,P27_W3,SNT,1,D07,5/21/23,PR,concoct,2171771,260,12067,96,Bacteria,Bacillota,Clostridia,Oscillospirales,Acutalibacteraceae,Acutalibacter,Acutalibacter ornithocaccae,Acutalibacter ornithocaccae_1,161
p23220-s355_SNT0002PR-S-day7,p23220-s355_SNT0002PR-S-day7_S354_concoct_19,P27,W3,P27_W3,SNT,1,D07,5/21/23,PR,concoct,2181920,232,12557,98,Bacteria,Bacillota,Clostridia,Lachnospirales,Lachnospiraceae,Agathobacter,Agathobacter rectalis,Agathobacter rectalis_1,47
p23220-s355_SNT0002PR-S-day7,p23220-s355_SNT0002PR-S-day7_S354_concoct_29,P27,W3,P27_W3,SNT,1,D07,5/21/23,PR,concoct,2504632,44,103202,100,Bacteria,Actinomycetota,Actinomycetes,Actinomycetales,Bifidobacteriaceae,Bifidobacterium,Bifidobacterium pseudocatenulatum,NA,NA
p23220-s355_SNT0002PR-S-day7,p23220-s355_SNT0002PR-S-day7_S354_concoct_6,P27,W3,P27_W3,SNT,1,D07,5/21/23,PR,concoct,4634606,612,9852,94,Bacteria,Bacillota,Clostridia,Oscillospirales,Oscillospiraceae,Flavonifractor,Flavonifractor plautii,Flavonifractor plautii_1,63
p23220-s355_SNT0002PR-S-day7,p23220-s355_SNT0002PR-S-day7_S354_concoct_57,P27,W3,P27_W3,SNT,1,D07,5/21/23,PR,concoct,2109421,394,6992,94,Bacteria,Bacillota,Negativicutes,Acidaminococcales,Acidaminococcaceae,Phascolarctobacterium,Phascolarctobacterium faecium,Phascolarctobacterium faecium_1,17
p23220-s355_SNT0002PR-S-day7,p23220-s355_SNT0002PR-S-day7_S354_concoct_20,P27,W3,P27_W3,SNT,1,D07,5/21/23,PR,concoct,2429898,351,9668,90,Bacteria,Bacillota,Bacilli,Lactobacillales,Enterococcaceae,Enterococcus,Enterococcus faecalis,Enterococcus faecalis_1,2
p23220-s355_SNT0002PR-S-day7,p23220-s355_SNT0002PR-S-day7_S354_concoct_51,P27,W3,P27_W3,SNT,1,D07,5/21/23,PR,concoct,3583653,1828,2087,88,Bacteria,Bacillota,Bacilli,Erysipelotrichales,Coprobacillaceae,Thomasclavelia,Thomasclavelia ramosa,Thomasclavelia ramosa_1,133
p23220-s355_SNT0002PR-S-day7,p23220-s355_SNT0002PR-S-day7_S354_concoct_1,P27,W3,P27_W3,SNT,1,D07,5/21/23,PR,concoct,3334611,716,6040,75,Bacteria,Bacillota,Bacilli,Erysipelotrichales,Erysipelotrichaceae,Clostridium_AQ,Clostridium_AQ innocuum,Clostridium_AQ innocuum_1,20
p23220-s355_SNT0002PR-S-day7,p23220-s355_SNT0002PR-S-day7_S354_concoct_40,P27,W3,P27_W3,SNT,1,D07,5/21/23,PR,concoct,4655087,434,18648,65,Bacteria,Bacteroidota,Bacteroidia,Bacteroidales,Rikenellaceae,Alistipes,Alistipes onderdonkii,NA,NA
p23220-s355_SNT0002PR-S-day7,p23220-s355_SNT0002PR-S-day7_S354_concoct_52,P27,W3,P27_W3,SNT,1,D07,5/21/23,PR,concoct,1860185,1164,1616,55,Bacteria,Bacillota,Bacilli,Erysipelotrichales,Erysipelotrichaceae,Holdemania,Holdemania filiformis,NA,NA
p23220-s355_SNT0002PR-S-day7,p23220-s355_SNT0002PR-S-day7_S354_metabat2_7,P27,W3,P27_W3,SNT,1,D07,5/21/23,PR,metabat2,2695191,730,4150,75,Bacteria,Bacillota,Clostridia,Lachnospirales,Lachnospiraceae,Blautia_A,Blautia_A faecis,Blautia_A faecis_1,147
p23220-s355_SNT0002PR-S-day7,p23220-s355_SNT0002PR-S-day7_S354_metabat2_29,P27,W3,P27_W3,SNT,1,D07,5/21/23,PR,metabat2,2244055,531,4979,57,Bacteria,Bacillota,Clostridia,Lachnospirales,Lachnospiraceae,Mediterraneibacter,Mediterraneibacter massiliensis,Mediterraneibacter massiliensis_1,541
p23220-s356_SNT0002PR-S-day14,p23220-s356_SNT0002PR-S-day14_S355_concoct_26,P27,W4,P27_W4,SNT,1,D14,5/28/23,PR,concoct,2297191,35,131156,100,Bacteria,Actinomycetota,Actinomycetes,Actinomycetales,Bifidobacteriaceae,Bifidobacterium,Bifidobacterium pseudocatenulatum,Bifidobacterium pseudocatenulatum_1,77
p23220-s356_SNT0002PR-S-day14,p23220-s356_SNT0002PR-S-day14_S355_metabat2_17,P27,W4,P27_W4,SNT,1,D14,5/28/23,PR,metabat2,3163615,55,101828,100,Bacteria,Bacteroidota,Bacteroidia,Bacteroidales,Rikenellaceae,Alistipes,Alistipes onderdonkii,Alistipes onderdonkii_1,14
p23220-s356_SNT0002PR-S-day14,p23220-s356_SNT0002PR-S-day14_S355_metabat2_14,P27,W4,P27_W4,SNT,1,D14,5/28/23,PR,metabat2,4509990,359,20232,100,Bacteria,Pseudomonadota,Gammaproteobacteria,Enterobacterales,Enterobacteriaceae,Escherichia,Escherichia coli,Escherichia coli_1,16
p23220-s356_SNT0002PR-S-day14,p23220-s356_SNT0002PR-S-day14_S355_concoct_50,P27,W4,P27_W4,SNT,1,D14,5/28/23,PR,concoct,3403882,145,39564,100,Bacteria,Bacillota,Clostridia,Lachnospirales,Lachnospiraceae,Agathobacter,Agathobacter rectalis,Agathobacter rectalis_1,47
p23220-s356_SNT0002PR-S-day14,p23220-s356_SNT0002PR-S-day14_S355_concoct_9,P27,W4,P27_W4,SNT,1,D14,5/28/23,PR,concoct,2076926,598,4208,94,Bacteria,Bacillota,Clostridia,Lachnospirales,Lachnospiraceae,Mediterraneibacter,Mediterraneibacter torques,Mediterraneibacter torques_1,5
p23220-s356_SNT0002PR-S-day14,p23220-s356_SNT0002PR-S-day14_S355_metabat2_10,P27,W4,P27_W4,SNT,1,D14,5/28/23,PR,metabat2,1786279,243,9904,94,Bacteria,Bacillota,Bacilli,Erysipelotrichales,Erysipelotrichaceae,Holdemanella,Holdemanella hominis,Holdemanella hominis_1,61
p23220-s356_SNT0002PR-S-day14,p23220-s356_SNT0002PR-S-day14_S355_concoct_41,P27,W4,P27_W4,SNT,1,D14,5/28/23,PR,concoct,2046530,580,4399,94,Bacteria,Actinomycetota,Coriobacteriia,Coriobacteriales,Coriobacteriaceae,Collinsella,Collinsella sp.,Collinsella sp._2,75
p23220-s356_SNT0002PR-S-day14,p23220-s356_SNT0002PR-S-day14_S355_concoct_14,P27,W4,P27_W4,SNT,1,D14,5/28/23,PR,concoct,2146206,701,3704,86,Bacteria,Bacillota,Clostridia,Christensenellales,Pumilibacteraceae,Protoclostridium,Protoclostridium sp.,Protoclostridium sp._1,383
p23220-s356_SNT0002PR-S-day14,p23220-s356_SNT0002PR-S-day14_S355_concoct_23,P27,W4,P27_W4,SNT,1,D14,5/28/23,PR,concoct,1538912,795,2064,67,Bacteria,Bacillota,Negativicutes,Acidaminococcales,Acidaminococcaceae,Phascolarctobacterium,Phascolarctobacterium faecium,Phascolarctobacterium faecium_1,17
p23220-s357_SNT0002PR-S-day21,p23220-s357_SNT0002PR-S-day21_S356_concoct_26,P27,W5,P27_W5,SNT,1,D21,6/4/23,PR,concoct,2281060,27,192179,100,Bacteria,Actinomycetota,Actinomycetes,Actinomycetales,Bifidobacteriaceae,Bifidobacterium,Bifidobacterium pseudocatenulatum,Bifidobacterium pseudocatenulatum_1,77
p23220-s357_SNT0002PR-S-day21,p23220-s357_SNT0002PR-S-day21_S356_metabat2_18,P27,W5,P27_W5,SNT,1,D21,6/4/23,PR,metabat2,4710126,64,130893,100,Bacteria,Pseudomonadota,Gammaproteobacteria,Enterobacterales,Enterobacteriaceae,Escherichia,Escherichia coli,Escherichia coli_1,16
p23220-s357_SNT0002PR-S-day21,p23220-s357_SNT0002PR-S-day21_S356_concoct_44,P27,W5,P27_W5,SNT,1,D21,6/4/23,PR,concoct,3365209,54,125254,100,Bacteria,Bacteroidota,Bacteroidia,Bacteroidales,Rikenellaceae,Alistipes,Alistipes onderdonkii,Alistipes onderdonkii_1,14
p23220-s357_SNT0002PR-S-day21,p23220-s357_SNT0002PR-S-day21_S356_metabat2_24,P27,W5,P27_W5,SNT,1,D21,6/4/23,PR,metabat2,2934166,90,61408,100,Bacteria,Desulfobacterota_I,Desulfovibrionia,Desulfovibrionales,Desulfovibrionaceae,Desulfovibrio,Desulfovibrio sp900243745,Desulfovibrio sp900243745_1,87
p23220-s357_SNT0002PR-S-day21,p23220-s357_SNT0002PR-S-day21_S356_metabat2_1,P27,W5,P27_W5,SNT,1,D21,6/4/23,PR,metabat2,3478849,744,5523,98,Bacteria,Desulfobacterota_I,Desulfovibrionia,Desulfovibrionales,Desulfovibrionaceae,Bilophila,Bilophila wadsworthia,Bilophila wadsworthia_1,41
p23220-s357_SNT0002PR-S-day21,p23220-s357_SNT0002PR-S-day21_S356_concoct_17,P27,W5,P27_W5,SNT,1,D21,6/4/23,PR,concoct,2265101,73,50834,100,Bacteria,Actinomycetota,Coriobacteriia,Coriobacteriales,Coriobacteriaceae,Collinsella,Collinsella sp.,Collinsella sp._2,75
p23220-s357_SNT0002PR-S-day21,p23220-s357_SNT0002PR-S-day21_S356_metabat2_11,P27,W5,P27_W5,SNT,1,D21,6/4/23,PR,metabat2,2137028,196,15303,100,Bacteria,Bacillota,Clostridia,Lachnospirales,Lachnospiraceae,Mediterraneibacter,Mediterraneibacter torques,Mediterraneibacter torques_1,5
p23220-s357_SNT0002PR-S-day21,p23220-s357_SNT0002PR-S-day21_S356_concoct_1,P27,W5,P27_W5,SNT,1,D21,6/4/23,PR,concoct,1941747,275,9422,98,Bacteria,Bacillota,Clostridia,Oscillospirales,Oscillospiraceae,Vescimonas,Vescimonas cirricatena,Vescimonas cirricatena_1,58
p23220-s357_SNT0002PR-S-day21,p23220-s357_SNT0002PR-S-day21_S356_concoct_42,P27,W5,P27_W5,SNT,1,D21,6/4/23,PR,concoct,2957366,92,54147,100,Bacteria,Bacillota,Clostridia,Lachnospirales,Lachnospiraceae,Agathobacter,Agathobacter rectalis,Agathobacter rectalis_1,47
p23220-s357_SNT0002PR-S-day21,p23220-s357_SNT0002PR-S-day21_S356_concoct_31,P27,W5,P27_W5,SNT,1,D21,6/4/23,PR,concoct,3168195,201,23840,100,Bacteria,Bacillota,Clostridia,Lachnospirales,Lachnospiraceae,Anaerostipes,Anaerostipes caccae,Anaerostipes caccae_1,56
p23220-s357_SNT0002PR-S-day21,p23220-s357_SNT0002PR-S-day21_S356_metabat2_30,P27,W5,P27_W5,SNT,1,D21,6/4/23,PR,metabat2,2894452,496,7616,100,Bacteria,Bacillota,Clostridia,Lachnospirales,Lachnospiraceae,Blautia_A,Blautia_A faecis,Blautia_A faecis_1,147
p23220-s357_SNT0002PR-S-day21,p23220-s357_SNT0002PR-S-day21_S356_concoct_7,P27,W5,P27_W5,SNT,1,D21,6/4/23,PR,concoct,2531005,114,53813,90,Bacteria,Actinomycetota,Actinomycetes,Actinomycetales,Bifidobacteriaceae,Bifidobacterium,Bifidobacterium longum,Bifidobacterium longum_1,13
p23220-s357_SNT0002PR-S-day21,p23220-s357_SNT0002PR-S-day21_S356_metabat2_14,P27,W5,P27_W5,SNT,1,D21,6/4/23,PR,metabat2,1996774,136,20800,94,Bacteria,Bacillota,Bacilli,Erysipelotrichales,Erysipelotrichaceae,Holdemanella,Holdemanella hominis,Holdemanella hominis_1,61
p23220-s357_SNT0002PR-S-day21,p23220-s357_SNT0002PR-S-day21_S356_concoct_49,P27,W5,P27_W5,SNT,1,D21,6/4/23,PR,concoct,2718162,1268,2316,75,Bacteria,Bacteroidota,Bacteroidia,Bacteroidales,Marinifilaceae,Butyricimonas,Butyricimonas faecihominis,Butyricimonas faecihominis_2,527
p23220-s357_SNT0002PR-S-day21,p23220-s357_SNT0002PR-S-day21_S356_concoct_54,P27,W5,P27_W5,SNT,1,D21,6/4/23,PR,concoct,3632082,881,5008,65,Bacteria,Bacteroidota,Bacteroidia,Bacteroidales,Tannerellaceae,Parabacteroides,Parabacteroides distasonis,Parabacteroides distasonis_1,1
p23220-s357_SNT0002PR-S-day21,p23220-s357_SNT0002PR-S-day21_S356_concoct_21,P27,W5,P27_W5,SNT,1,D21,6/4/23,PR,concoct,2167361,1391,1527,90,Bacteria,Bacillota,Bacilli,Lactobacillales,Enterococcaceae,Enterococcus,Enterococcus faecalis,NA,NA
p23220-s357_SNT0002PR-S-day21,p23220-s357_SNT0002PR-S-day21_S356_concoct_4,P27,W5,P27_W5,SNT,1,D21,6/4/23,PR,concoct,1881431,1098,1757,57,Bacteria,Bacillota,Clostridia,Oscillospirales,Acutalibacteraceae,Clostridium_A,Clostridium_A leptum,Clostridium_A leptum_2,389
p23220-s358_SNT0003PR-S-day0,p23220-s358_SNT0003PR-S-day0_S357_concoct_37,P28,W2,P28_W2,SNT,1,D00,5/14/23,PR,concoct,2505288,58,81084,100,Bacteria,Actinomycetota,Actinomycetes,Actinomycetales,Bifidobacteriaceae,Bifidobacterium,Bifidobacterium breve,Bifidobacterium breve_1,95
p23220-s358_SNT0003PR-S-day0,p23220-s358_SNT0003PR-S-day0_S357_metabat2_20,P28,W2,P28_W2,SNT,1,D00,5/14/23,PR,metabat2,2127430,118,32713,100,Bacteria,Actinomycetota,Actinomycetes,Actinomycetales,Actinomycetaceae,Mobiluncus,Mobiluncus sp947254095,Mobiluncus sp947254095_1,327
p23220-s358_SNT0003PR-S-day0,p23220-s358_SNT0003PR-S-day0_S357_metabat2_22,P28,W2,P28_W2,SNT,1,D00,5/14/23,PR,metabat2,2221799,110,26042,100,Bacteria,Bacteroidota,Bacteroidia,Bacteroidales,Porphyromonadaceae,Porphyromonas,Porphyromonas sp902489635,Porphyromonas sp902489635_1,249
p23220-s358_SNT0003PR-S-day0,p23220-s358_SNT0003PR-S-day0_S357_concoct_35,P28,W2,P28_W2,SNT,1,D00,5/14/23,PR,concoct,2255962,258,14713,100,Bacteria,Actinomycetota,Actinomycetes,Actinomycetales,Actinomycetaceae,Pauljensenia,Pauljensenia sp.,Pauljensenia sp._1,251
p23220-s358_SNT0003PR-S-day0,p23220-s358_SNT0003PR-S-day0_S357_metabat2_1,P28,W2,P28_W2,SNT,1,D00,5/14/23,PR,metabat2,2691368,203,19674,100,Bacteria,Bacillota,Clostridia,Lachnospirales,Lachnospiraceae,Mediterraneibacter,Mediterraneibacter torques,Mediterraneibacter torques_1,5
p23220-s358_SNT0003PR-S-day0,p23220-s358_SNT0003PR-S-day0_S357_metabat2_8,P28,W2,P28_W2,SNT,1,D00,5/14/23,PR,metabat2,1741125,261,8767,98,Bacteria,Bacillota,Clostridia,Oscillospirales,Oscillospiraceae,CAG-103,CAG-103 sp000432375,CAG-103 sp000432375_1,187
p23220-s358_SNT0003PR-S-day0,p23220-s358_SNT0003PR-S-day0_S357_concoct_16,P28,W2,P28_W2,SNT,1,D00,5/14/23,PR,concoct,2786083,487,7282,98,Bacteria,Bacillota,Clostridia,Christensenellales,Christensenellaceae,Christensenella,Christensenella minuta,Christensenella minuta_1,135
p23220-s358_SNT0003PR-S-day0,p23220-s358_SNT0003PR-S-day0_S357_concoct_59,P28,W2,P28_W2,SNT,1,D00,5/14/23,PR,concoct,3994043,1000,5018,88,Bacteria,Bacteroidota,Bacteroidia,Bacteroidales,Tannerellaceae,Parabacteroides,Parabacteroides distasonis,Parabacteroides distasonis_1,1
p23220-s358_SNT0003PR-S-day0,p23220-s358_SNT0003PR-S-day0_S357_concoct_9,P28,W2,P28_W2,SNT,1,D00,5/14/23,PR,concoct,853384,440,2029,78,Bacteria,Bacillota,Bacilli,Erysipelotrichales,Erysipelotrichaceae,Bulleidia,Bulleidia moorei,Bulleidia moorei_1,240
p23220-s358_SNT0003PR-S-day0,p23220-s358_SNT0003PR-S-day0_S357_concoct_51,P28,W2,P28_W2,SNT,1,D00,5/14/23,PR,concoct,1182771,607,2072,86,Bacteria,Bacillota,Bacilli,Lactobacillales,Streptococcaceae,Streptococcus,Streptococcus whileyi,Streptococcus whileyi_1,342
p23220-s358_SNT0003PR-S-day0,p23220-s358_SNT0003PR-S-day0_S357_concoct_4,P28,W2,P28_W2,SNT,1,D00,5/14/23,PR,concoct,668295,375,1846,67,Bacteria,Campylobacterota,Campylobacteria,Campylobacterales,Campylobacteraceae,Campylobacter_B,Campylobacter_B hominis,Campylobacter_B hominis_2,676
p23220-s358_SNT0003PR-S-day0,p23220-s358_SNT0003PR-S-day0_S357_concoct_34,P28,W2,P28_W2,SNT,1,D00,5/14/23,PR,concoct,3620867,1571,2569,67,Bacteria,Bacillota,Clostridia,Oscillospirales,Acutalibacteraceae,Acutalibacter,Acutalibacter timonensis,Acutalibacter timonensis_1,49
p23220-s358_SNT0003PR-S-day0,p23220-s358_SNT0003PR-S-day0_S357_concoct_60,P28,W2,P28_W2,SNT,1,D00,5/14/23,PR,concoct,4449106,456,16015,63,Bacteria,Pseudomonadota,Gammaproteobacteria,Enterobacterales,Enterobacteriaceae,Escherichia,Escherichia coli,Escherichia coli_1,16
p23220-s358_SNT0003PR-S-day0,p23220-s358_SNT0003PR-S-day0_S357_concoct_61,P28,W2,P28_W2,SNT,1,D00,5/14/23,PR,concoct,563539,370,1541,55,Bacteria,Bacillota,Clostridia,Peptostreptococcales,Peptostreptococcaceae,Peptostreptococcus,Peptostreptococcus sp000758885,NA,NA
p23220-s359_SNT0003PR-S-day7,p23220-s359_SNT0003PR-S-day7_S358_concoct_9,P28,W3,P28_W3,SNT,1,D07,5/21/23,PR,concoct,2432919,38,142390,100,Bacteria,Actinomycetota,Actinomycetes,Actinomycetales,Bifidobacteriaceae,Bifidobacterium,Bifidobacterium breve,Bifidobacterium breve_1,95
p23220-s359_SNT0003PR-S-day7,p23220-s359_SNT0003PR-S-day7_S358_concoct_22,P28,W3,P28_W3,SNT,1,D07,5/21/23,PR,concoct,2298370,93,79385,100,Bacteria,Actinomycetota,Actinomycetes,Actinomycetales,Actinomycetaceae,Mobiluncus,Mobiluncus sp947254095,Mobiluncus sp947254095_1,327
p23220-s359_SNT0003PR-S-day7,p23220-s359_SNT0003PR-S-day7_S358_metabat2_42,P28,W3,P28_W3,SNT,1,D07,5/21/23,PR,metabat2,2074641,77,38341,100,Bacteria,Bacteroidota,Bacteroidia,Bacteroidales,Porphyromonadaceae,Porphyromonas,Porphyromonas sp902489635,Porphyromonas sp902489635_1,249
p23220-s359_SNT0003PR-S-day7,p23220-s359_SNT0003PR-S-day7_S358_metabat2_44,P28,W3,P28_W3,SNT,1,D07,5/21/23,PR,metabat2,3562801,181,33595,100,Bacteria,Actinomycetota,Coriobacteriia,Coriobacteriales,Eggerthellaceae,Eggerthella,Eggerthella lenta,Eggerthella lenta_1,3
p23220-s359_SNT0003PR-S-day7,p23220-s359_SNT0003PR-S-day7_S358_concoct_8,P28,W3,P28_W3,SNT,1,D07,5/21/23,PR,concoct,1927542,166,21319,100,Bacteria,Actinomycetota,Actinomycetes,Mycobacteriales,Mycobacteriaceae,Lawsonella,Lawsonella clevelandensis,Lawsonella clevelandensis_1,131
p23220-s359_SNT0003PR-S-day7,p23220-s359_SNT0003PR-S-day7_S358_metabat2_37,P28,W3,P28_W3,SNT,1,D07,5/21/23,PR,metabat2,2923250,128,35372,98,Bacteria,Bacteroidota,Bacteroidia,Bacteroidales,Bacteroidaceae,Prevotella,Prevotella oris,Prevotella oris_1,683
p23220-s359_SNT0003PR-S-day7,p23220-s359_SNT0003PR-S-day7_S358_metabat2_52,P28,W3,P28_W3,SNT,1,D07,5/21/23,PR,metabat2,3928414,400,15059,98,Bacteria,Bacillota,Clostridia,Eubacteriales,Eubacteriaceae,Eubacterium,Eubacterium callanderi,Eubacterium callanderi_1,53
p23220-s359_SNT0003PR-S-day7,p23220-s359_SNT0003PR-S-day7_S358_metabat2_28,P28,W3,P28_W3,SNT,1,D07,5/21/23,PR,metabat2,2764463,31,121432,100,Bacteria,Bacillota,Clostridia,Christensenellales,Christensenellaceae,Christensenella,Christensenella minuta,Christensenella minuta_1,135
p23220-s359_SNT0003PR-S-day7,p23220-s359_SNT0003PR-S-day7_S358_metabat2_21,P28,W3,P28_W3,SNT,1,D07,5/21/23,PR,metabat2,1962444,40,79507,100,Bacteria,Bacillota,Clostridia,Oscillospirales,Oscillospiraceae,CAG-103,CAG-103 sp000432375,CAG-103 sp000432375_1,187
p23220-s359_SNT0003PR-S-day7,p23220-s359_SNT0003PR-S-day7_S358_metabat2_11,P28,W3,P28_W3,SNT,1,D07,5/21/23,PR,metabat2,2333310,162,22413,100,Bacteria,Bacillota,Clostridia,Lachnospirales,Lachnospiraceae,Mediterraneibacter,Mediterraneibacter torques,Mediterraneibacter torques_1,5
p23220-s359_SNT0003PR-S-day7,p23220-s359_SNT0003PR-S-day7_S358_metabat2_9,P28,W3,P28_W3,SNT,1,D07,5/21/23,PR,metabat2,1927761,269,9965,100,Bacteria,Actinomycetota,Coriobacteriia,Coriobacteriales,Coriobacteriaceae,Collinsella,Collinsella sp.,Collinsella sp._1,31
p23220-s359_SNT0003PR-S-day7,p23220-s359_SNT0003PR-S-day7_S358_concoct_21,P28,W3,P28_W3,SNT,1,D07,5/21/23,PR,concoct,4836423,208,40807,98,Bacteria,Bacteroidota,Bacteroidia,Bacteroidales,Tannerellaceae,Parabacteroides,Parabacteroides distasonis,Parabacteroides distasonis_1,1
p23220-s359_SNT0003PR-S-day7,p23220-s359_SNT0003PR-S-day7_S358_concoct_39,P28,W3,P28_W3,SNT,1,D07,5/21/23,PR,concoct,1679612,388,5456,100,NA,NA,NA,NA,NA,NA,NA,NA,NA
p23220-s359_SNT0003PR-S-day7,p23220-s359_SNT0003PR-S-day7_S358_metabat2_4,P28,W3,P28_W3,SNT,1,D07,5/21/23,PR,metabat2,2112954,107,31112,94,Bacteria,Actinomycetota,Actinomycetes,Actinomycetales,Actinomycetaceae,Pauljensenia,Pauljensenia sp.,Pauljensenia sp._1,251
p23220-s359_SNT0003PR-S-day7,p23220-s359_SNT0003PR-S-day7_S358_metabat2_48,P28,W3,P28_W3,SNT,1,D07,5/21/23,PR,metabat2,3795608,243,25822,94,Bacteria,Bacteroidota,Bacteroidia,Bacteroidales,Marinifilaceae,Odoribacter,Odoribacter splanchnicus,Odoribacter splanchnicus_1,21
p23220-s359_SNT0003PR-S-day7,p23220-s359_SNT0003PR-S-day7_S358_metabat2_32,P28,W3,P28_W3,SNT,1,D07,5/21/23,PR,metabat2,1861995,142,22570,94,Bacteria,Bacillota,Clostridia,Oscillospirales,Oscillospiraceae,Hominicoprocola,Hominicoprocola sp900317525,Hominicoprocola sp900317525_1,38
p23220-s359_SNT0003PR-S-day7,p23220-s359_SNT0003PR-S-day7_S358_concoct_0,P28,W3,P28_W3,SNT,1,D07,5/21/23,PR,concoct,2894875,859,4122,94,Bacteria,Desulfobacterota_I,Desulfovibrionia,Desulfovibrionales,Desulfovibrionaceae,Desulfovibrio,Desulfovibrio fairfieldensis_A,Desulfovibrio fairfieldensis_A_2,365
p23220-s359_SNT0003PR-S-day7,p23220-s359_SNT0003PR-S-day7_S358_metabat2_8,P28,W3,P28_W3,SNT,1,D07,5/21/23,PR,metabat2,3656738,223,30010,98,Bacteria,Bacillota,Clostridia,Oscillospirales,Acutalibacteraceae,Acutalibacter,Acutalibacter timonensis,Acutalibacter timonensis_1,49
p23220-s359_SNT0003PR-S-day7,p23220-s359_SNT0003PR-S-day7_S358_metabat2_22,P28,W3,P28_W3,SNT,1,D07,5/21/23,PR,metabat2,1774465,231,11328,94,Bacteria,Bacillota,Bacilli,Lactobacillales,Streptococcaceae,Streptococcus,Streptococcus whileyi,Streptococcus whileyi_1,342
p23220-s359_SNT0003PR-S-day7,p23220-s359_SNT0003PR-S-day7_S358_metabat2_54,P28,W3,P28_W3,SNT,1,D07,5/21/23,PR,metabat2,2075809,51,65465,92,Bacteria,Bacillota,Clostridia,Oscillospirales,Oscillospiraceae,Vescimonas,Vescimonas coprocola,Vescimonas coprocola_1,7
p23220-s359_SNT0003PR-S-day7,p23220-s359_SNT0003PR-S-day7_S358_concoct_61,P28,W3,P28_W3,SNT,1,D07,5/21/23,PR,concoct,2729495,649,5262,92,Bacteria,Bacillota,Clostridia,Oscillospirales,Ruminococcaceae,Ruthenibacterium,Ruthenibacterium lactatiformans,Ruthenibacterium lactatiformans_1,11
p23220-s359_SNT0003PR-S-day7,p23220-s359_SNT0003PR-S-day7_S358_metabat2_10,P28,W3,P28_W3,SNT,1,D07,5/21/23,PR,metabat2,2013299,338,7627,92,Bacteria,Bacillota,Clostridia,Oscillospirales,Oscillospiraceae,Faecousia,Faecousia intestinalis,Faecousia intestinalis_1,65
p23220-s359_SNT0003PR-S-day7,p23220-s359_SNT0003PR-S-day7_S358_concoct_45,P28,W3,P28_W3,SNT,1,D07,5/21/23,PR,concoct,1196022,456,3033,92,Bacteria,Bacillota,Bacilli,Erysipelotrichales,Erysipelotrichaceae,Bulleidia,Bulleidia moorei,Bulleidia moorei_1,240
p23220-s359_SNT0003PR-S-day7,p23220-s359_SNT0003PR-S-day7_S358_metabat2_31,P28,W3,P28_W3,SNT,1,D07,5/21/23,PR,metabat2,3630404,176,33000,88,Bacteria,Bacillota,Clostridia,Lachnospirales,Lachnospiraceae,Extibacter,Extibacter hylemonae,Extibacter hylemonae_1,125
p23220-s359_SNT0003PR-S-day7,p23220-s359_SNT0003PR-S-day7_S358_metabat2_47,P28,W3,P28_W3,SNT,1,D07,5/21/23,PR,metabat2,2368951,495,6376,86,Bacteria,Bacillota,Clostridia,Lachnospirales,Lachnospiraceae,Roseburia_C,Roseburia_C amylophila,Roseburia_C amylophila_1,40
p23220-s359_SNT0003PR-S-day7,p23220-s359_SNT0003PR-S-day7_S358_concoct_33,P28,W3,P28_W3,SNT,1,D07,5/21/23,PR,concoct,3502950,1123,3730,94,Bacteria,Desulfobacterota_I,Desulfovibrionia,Desulfovibrionales,Desulfovibrionaceae,Bilophila,Bilophila wadsworthia,Bilophila wadsworthia_3,62
p23220-s359_SNT0003PR-S-day7,p23220-s359_SNT0003PR-S-day7_S358_concoct_31,P28,W3,P28_W3,SNT,1,D07,5/21/23,PR,concoct,2081079,918,2479,86,Bacteria,Bacillota,Bacilli,Lactobacillales,Lactobacillaceae,Lacticaseibacillus,Lacticaseibacillus rhamnosus,Lacticaseibacillus rhamnosus_1,68
p23220-s359_SNT0003PR-S-day7,p23220-s359_SNT0003PR-S-day7_S358_metabat2_56,P28,W3,P28_W3,SNT,1,D07,5/21/23,PR,metabat2,998237,428,2280,80,Bacteria,Bacillota,Bacilli,Lactobacillales,Enterococcaceae,Enterococcus,Enterococcus faecalis,NA,NA
p23220-s359_SNT0003PR-S-day7,p23220-s359_SNT0003PR-S-day7_S358_concoct_15,P28,W3,P28_W3,SNT,1,D07,5/21/23,PR,concoct,618938,375,1613,69,Bacteria,Fusobacteriota,Fusobacteriia,Fusobacteriales,Fusobacteriaceae,Fusobacterium,Fusobacterium animalis,NA,NA
p23220-s359_SNT0003PR-S-day7,p23220-s359_SNT0003PR-S-day7_S358_concoct_19,P28,W3,P28_W3,SNT,1,D07,5/21/23,PR,concoct,7487904,619,17771,71,Bacteria,Bacteroidota,Bacteroidia,Bacteroidales,Bacteroidaceae,Phocaeicola,Phocaeicola dorei,NA,NA
p23220-s359_SNT0003PR-S-day7,p23220-s359_SNT0003PR-S-day7_S358_concoct_1,P28,W3,P28_W3,SNT,1,D07,5/21/23,PR,concoct,1941064,378,6648,67,Bacteria,Bacillota,Clostridia,Peptostreptococcales,Anaerovoracaceae,Fimisoma,Fimisoma sp000435715,Fimisoma sp000435715_1,36
p23220-s359_SNT0003PR-S-day7,p23220-s359_SNT0003PR-S-day7_S358_metabat2_17,P28,W3,P28_W3,SNT,1,D07,5/21/23,PR,metabat2,2080042,816,2557,69,Bacteria,Bacillota,Bacilli,Erysipelotrichales,Erysipelotrichaceae,Holdemanella,Holdemanella sp.,Holdemanella sp._1,213
p23220-s359_SNT0003PR-S-day7,p23220-s359_SNT0003PR-S-day7_S358_metabat2_14,P28,W3,P28_W3,SNT,1,D07,5/21/23,PR,metabat2,2122084,297,10159,98,Bacteria,Bacteroidota,Bacteroidia,Bacteroidales,Rikenellaceae,Alistipes,Alistipes putredinis,NA,NA
p23220-s359_SNT0003PR-S-day7,p23220-s359_SNT0003PR-S-day7_S358_concoct_43,P28,W3,P28_W3,SNT,1,D07,5/21/23,PR,concoct,2070082,1300,1587,75,Bacteria,Bacillota,Clostridia,Oscillospirales,Ruminococcaceae,Fournierella,Fournierella sp900543285,Fournierella sp900543285_2,438
p23220-s359_SNT0003PR-S-day7,p23220-s359_SNT0003PR-S-day7_S358_concoct_48,P28,W3,P28_W3,SNT,1,D07,5/21/23,PR,concoct,1937993,878,2410,63,Bacteria,Verrucomicrobiota,Verrucomicrobiia,Verrucomicrobiales,Akkermansiaceae,Akkermansia,Akkermansia muciniphila,Akkermansia muciniphila_1,6
p23220-s359_SNT0003PR-S-day7,p23220-s359_SNT0003PR-S-day7_S358_concoct_74,P28,W3,P28_W3,SNT,1,D07,5/21/23,PR,concoct,2224761,1000,2393,71,Bacteria,Bacillota,Bacilli,Lactobacillales,Streptococcaceae,Streptococcus,Streptococcus vestibularis,NA,NA
p23220-s359_SNT0003PR-S-day7,p23220-s359_SNT0003PR-S-day7_S358_metabat2_30,P28,W3,P28_W3,SNT,1,D07,5/21/23,PR,metabat2,3807746,605,8161,51,Bacteria,Bacteroidota,Bacteroidia,Bacteroidales,Tannerellaceae,Parabacteroides,Parabacteroides merdae,Parabacteroides merdae_1,28
p23220-s360_SNT0003PR-S-day14,p23220-s360_SNT0003PR-S-day14_S359_concoct_33,P28,W4,P28_W4,SNT,1,D14,5/28/23,PR,concoct,2430580,43,126849,100,Bacteria,Actinomycetota,Actinomycetes,Actinomycetales,Bifidobacteriaceae,Bifidobacterium,Bifidobacterium breve,Bifidobacterium breve_1,95
p23220-s360_SNT0003PR-S-day14,p23220-s360_SNT0003PR-S-day14_S359_concoct_35,P28,W4,P28_W4,SNT,1,D14,5/28/23,PR,concoct,1943163,30,116010,100,Bacteria,Bacillota,Clostridia,Oscillospirales,Oscillospiraceae,CAG-103,CAG-103 sp000432375,CAG-103 sp000432375_1,187
p23220-s360_SNT0003PR-S-day14,p23220-s360_SNT0003PR-S-day14_S359_concoct_17,P28,W4,P28_W4,SNT,1,D14,5/28/23,PR,concoct,1848639,38,68502,100,Bacteria,Bacillota,Bacilli,Lactobacillales,Lactobacillaceae,Ligilactobacillus,Ligilactobacillus animalis,Ligilactobacillus animalis_1,668
p23220-s360_SNT0003PR-S-day14,p23220-s360_SNT0003PR-S-day14_S359_concoct_41,P28,W4,P28_W4,SNT,1,D14,5/28/23,PR,concoct,2054865,156,40841,100,Bacteria,Actinomycetota,Actinomycetes,Mycobacteriales,Mycobacteriaceae,Lawsonella,Lawsonella clevelandensis,Lawsonella clevelandensis_1,131
p23220-s360_SNT0003PR-S-day14,p23220-s360_SNT0003PR-S-day14_S359_concoct_1,P28,W4,P28_W4,SNT,1,D14,5/28/23,PR,concoct,3756501,220,26504,100,Bacteria,Actinomycetota,Coriobacteriia,Coriobacteriales,Eggerthellaceae,Eggerthella,Eggerthella lenta,Eggerthella lenta_1,3
p23220-s360_SNT0003PR-S-day14,p23220-s360_SNT0003PR-S-day14_S359_metabat2_10,P28,W4,P28_W4,SNT,1,D14,5/28/23,PR,metabat2,1331969,33,75551,98,Bacteria,Bacillota,Clostridia,Tissierellales,Peptoniphilaceae,Murdochiella,Murdochiella sp902488755,Murdochiella sp902488755_1,117
p23220-s360_SNT0003PR-S-day14,p23220-s360_SNT0003PR-S-day14_S359_metabat2_52,P28,W4,P28_W4,SNT,1,D14,5/28/23,PR,metabat2,2667454,36,97985,100,Bacteria,Bacillota,Clostridia,Christensenellales,Christensenellaceae,Christensenella,Christensenella minuta,Christensenella minuta_1,135
p23220-s360_SNT0003PR-S-day14,p23220-s360_SNT0003PR-S-day14_S359_concoct_83,P28,W4,P28_W4,SNT,1,D14,5/28/23,PR,concoct,7015074,494,52605,96,Bacteria,Pseudomonadota,Gammaproteobacteria,Enterobacterales,Enterobacteriaceae,Escherichia,Escherichia coli,NA,NA
p23220-s360_SNT0003PR-S-day14,p23220-s360_SNT0003PR-S-day14_S359_concoct_36,P28,W4,P28_W4,SNT,1,D14,5/28/23,PR,concoct,2024071,410,6597,100,Bacteria,Actinomycetota,Coriobacteriia,Coriobacteriales,Coriobacteriaceae,Collinsella,Collinsella sp.,Collinsella sp._1,31
p23220-s360_SNT0003PR-S-day14,p23220-s360_SNT0003PR-S-day14_S359_concoct_9,P28,W4,P28_W4,SNT,1,D14,5/28/23,PR,concoct,4937871,119,69342,94,Bacteria,Bacteroidota,Bacteroidia,Bacteroidales,Tannerellaceae,Parabacteroides,Parabacteroides distasonis,Parabacteroides distasonis_1,1
p23220-s360_SNT0003PR-S-day14,p23220-s360_SNT0003PR-S-day14_S359_metabat2_38,P28,W4,P28_W4,SNT,1,D14,5/28/23,PR,metabat2,3432519,179,34182,98,Bacteria,Bacillota,Clostridia,Oscillospirales,Acutalibacteraceae,Acutalibacter,Acutalibacter timonensis,Acutalibacter timonensis_1,49
p23220-s360_SNT0003PR-S-day14,p23220-s360_SNT0003PR-S-day14_S359_concoct_67,P28,W4,P28_W4,SNT,1,D14,5/28/23,PR,concoct,2447640,144,26772,98,Bacteria,Bacillota,Clostridia,Oscillospirales,Acutalibacteraceae,Scatavimonas,Scatavimonas sp900540275,Scatavimonas sp900540275_1,73
p23220-s360_SNT0003PR-S-day14,p23220-s360_SNT0003PR-S-day14_S359_concoct_48,P28,W4,P28_W4,SNT,1,D14,5/28/23,PR,concoct,1230108,345,4121,92,Bacteria,Bacillota,Clostridia,Peptostreptococcales,Anaerovoracaceae,S5-A14a,S5-A14a sp900553025,S5-A14a sp900553025_1,113
p23220-s360_SNT0003PR-S-day14,p23220-s360_SNT0003PR-S-day14_S359_metabat2_4,P28,W4,P28_W4,SNT,1,D14,5/28/23,PR,metabat2,1258130,322,4638,92,NA,NA,NA,NA,NA,NA,NA,NA_1,23
p23220-s360_SNT0003PR-S-day14,p23220-s360_SNT0003PR-S-day14_S359_metabat2_47,P28,W4,P28_W4,SNT,1,D14,5/28/23,PR,metabat2,2346626,121,29890,96,Bacteria,Bacillota,Clostridia,Lachnospirales,Lachnospiraceae,Mediterraneibacter,Mediterraneibacter torques,Mediterraneibacter torques_1,5
p23220-s360_SNT0003PR-S-day14,p23220-s360_SNT0003PR-S-day14_S359_metabat2_43,P28,W4,P28_W4,SNT,1,D14,5/28/23,PR,metabat2,2544172,544,5662,92,Bacteria,Bacillota,Bacilli,Lactobacillales,Lactobacillaceae,Lacticaseibacillus,Lacticaseibacillus rhamnosus,Lacticaseibacillus rhamnosus_1,68
p23220-s360_SNT0003PR-S-day14,p23220-s360_SNT0003PR-S-day14_S359_concoct_64,P28,W4,P28_W4,SNT,1,D14,5/28/23,PR,concoct,2823766,336,14052,96,Bacteria,Bacillota,Clostridia,Oscillospirales,Ruminococcaceae,Ruthenibacterium,Ruthenibacterium lactatiformans,Ruthenibacterium lactatiformans_1,11
p23220-s360_SNT0003PR-S-day14,p23220-s360_SNT0003PR-S-day14_S359_metabat2_37,P28,W4,P28_W4,SNT,1,D14,5/28/23,PR,metabat2,2796016,894,3356,90,Bacteria,Bacillota,Bacilli,Erysipelotrichales,Coprobacillaceae,Thomasclavelia,Thomasclavelia ramosa,Thomasclavelia ramosa_1,133
p23220-s360_SNT0003PR-S-day14,p23220-s360_SNT0003PR-S-day14_S359_metabat2_40,P28,W4,P28_W4,SNT,1,D14,5/28/23,PR,metabat2,1738222,32,99646,86,Bacteria,Bacillota,Clostridia,Oscillospirales,Oscillospiraceae,Vescimonas,Vescimonas coprocola,Vescimonas coprocola_1,7
p23220-s360_SNT0003PR-S-day14,p23220-s360_SNT0003PR-S-day14_S359_concoct_74,P28,W4,P28_W4,SNT,1,D14,5/28/23,PR,concoct,1961247,760,3029,88,Bacteria,Bacillota,Bacilli,Lactobacillales,Enterococcaceae,Enterococcus,Enterococcus faecalis,Enterococcus faecalis_1,2
p23220-s360_SNT0003PR-S-day14,p23220-s360_SNT0003PR-S-day14_S359_metabat2_44,P28,W4,P28_W4,SNT,1,D14,5/28/23,PR,metabat2,2014554,361,7258,78,Bacteria,Bacillota,Clostridia,Oscillospirales,Oscillospiraceae,Faecousia,Faecousia intestinalis,Faecousia intestinalis_1,65
p23220-s360_SNT0003PR-S-day14,p23220-s360_SNT0003PR-S-day14_S359_metabat2_30,P28,W4,P28_W4,SNT,1,D14,5/28/23,PR,metabat2,3236824,812,4849,78,Bacteria,Bacillota,Clostridia,Eubacteriales,Eubacteriaceae,Eubacterium,Eubacterium callanderi,Eubacterium callanderi_1,53
p23220-s360_SNT0003PR-S-day14,p23220-s360_SNT0003PR-S-day14_S359_concoct_95,P28,W4,P28_W4,SNT,1,D14,5/28/23,PR,concoct,1501395,652,2548,78,Bacteria,Bacillota,Clostridia,Peptostreptococcales,Anaerovoracaceae,Fimisoma,Fimisoma sp000435715,Fimisoma sp000435715_1,36
p23220-s360_SNT0003PR-S-day14,p23220-s360_SNT0003PR-S-day14_S359_concoct_0,P28,W4,P28_W4,SNT,1,D14,5/28/23,PR,concoct,5294521,443,16487,94,Unclassified Bacteria,NA,NA,NA,NA,NA,Unclassified Bacteria sp.,NA,NA
p23220-s360_SNT0003PR-S-day14,p23220-s360_SNT0003PR-S-day14_S359_concoct_92,P28,W4,P28_W4,SNT,1,D14,5/28/23,PR,concoct,3662823,166,34362,78,Bacteria,Bacillota,Clostridia,Lachnospirales,Lachnospiraceae,Extibacter,Extibacter hylemonae,Extibacter hylemonae_1,125
p23220-s360_SNT0003PR-S-day14,p23220-s360_SNT0003PR-S-day14_S359_metabat2_46,P28,W4,P28_W4,SNT,1,D14,5/28/23,PR,metabat2,3165695,522,8099,71,Bacteria,Bacteroidota,Bacteroidia,Bacteroidales,Marinifilaceae,Odoribacter,Odoribacter splanchnicus,Odoribacter splanchnicus_1,21
p23220-s360_SNT0003PR-S-day14,p23220-s360_SNT0003PR-S-day14_S359_concoct_101,P28,W4,P28_W4,SNT,1,D14,5/28/23,PR,concoct,965334,536,1871,71,Bacteria,Pseudomonadota,Alphaproteobacteria,RF32,CAG-239,MGBC133411,MGBC133411 sp900540425,MGBC133411 sp900540425_2,566
p23220-s360_SNT0003PR-S-day14,p23220-s360_SNT0003PR-S-day14_S359_metabat2_3,P28,W4,P28_W4,SNT,1,D14,5/28/23,PR,metabat2,2233518,521,5090,69,Bacteria,Verrucomicrobiota,Verrucomicrobiia,Verrucomicrobiales,Akkermansiaceae,Akkermansia,Akkermansia muciniphila,Akkermansia muciniphila_1,6
p23220-s360_SNT0003PR-S-day14,p23220-s360_SNT0003PR-S-day14_S359_metabat2_9,P28,W4,P28_W4,SNT,1,D14,5/28/23,PR,metabat2,2709951,654,4893,67,Bacteria,Bacteroidota,Bacteroidia,Bacteroidales,Bacteroidaceae,Bacteroides,Bacteroides stercoris,Bacteroides stercoris_1,112
p23220-s360_SNT0003PR-S-day14,p23220-s360_SNT0003PR-S-day14_S359_concoct_51,P28,W4,P28_W4,SNT,1,D14,5/28/23,PR,concoct,8182675,598,21556,65,Bacteria,Bacteroidota,Bacteroidia,Bacteroidales,Bacteroidaceae,Phocaeicola,Phocaeicola dorei,NA,NA
p23220-s360_SNT0003PR-S-day14,p23220-s360_SNT0003PR-S-day14_S359_concoct_108,P28,W4,P28_W4,SNT,1,D14,5/28/23,PR,concoct,1825486,611,3390,71,Bacteria,Bacillota,Clostridia,Oscillospirales,Acutalibacteraceae,Clostridium_A,Clostridium_A leptum,Clostridium_A leptum_1,186
p23220-s360_SNT0003PR-S-day14,p23220-s360_SNT0003PR-S-day14_S359_concoct_68,P28,W4,P28_W4,SNT,1,D14,5/28/23,PR,concoct,1518057,657,2614,67,Bacteria,Bacillota,Negativicutes,Acidaminococcales,Acidaminococcaceae,Phascolarctobacterium,Phascolarctobacterium faecium,Phascolarctobacterium faecium_1,17
p23220-s360_SNT0003PR-S-day14,p23220-s360_SNT0003PR-S-day14_S359_concoct_62,P28,W4,P28_W4,SNT,1,D14,5/28/23,PR,concoct,1063537,475,2378,59,Bacteria,Bacillota,Bacilli,Lactobacillales,Streptococcaceae,Streptococcus,Streptococcus hominis,Streptococcus hominis_1,343
p23220-s360_SNT0003PR-S-day14,p23220-s360_SNT0003PR-S-day14_S359_concoct_34,P28,W4,P28_W4,SNT,1,D14,5/28/23,PR,concoct,423925,285,1443,57,Bacteria,Bacillota,Bacilli,Erysipelotrichales,Erysipelotrichaceae,Holdemanella,Holdemanella biformis,NA,NA
p23220-s361_SNT0003PR-S-day21,p23220-s361_SNT0003PR-S-day21_S360_concoct_25,P28,W5,P28_W5,SNT,1,D21,6/4/23,PR,concoct,2054185,133,62900,100,Bacteria,Actinomycetota,Actinomycetes,Mycobacteriales,Mycobacteriaceae,Lawsonella,Lawsonella clevelandensis,Lawsonella clevelandensis_1,131
p23220-s361_SNT0003PR-S-day21,p23220-s361_SNT0003PR-S-day21_S360_metabat2_24,P28,W5,P28_W5,SNT,1,D21,6/4/23,PR,metabat2,2329404,61,62126,100,Bacteria,Actinomycetota,Actinomycetes,Actinomycetales,Bifidobacteriaceae,Bifidobacterium,Bifidobacterium breve,Bifidobacterium breve_1,95
p23220-s361_SNT0003PR-S-day21,p23220-s361_SNT0003PR-S-day21_S360_concoct_36,P28,W5,P28_W5,SNT,1,D21,6/4/23,PR,concoct,1390049,17,142897,98,Bacteria,Bacillota,Clostridia,Tissierellales,Peptoniphilaceae,Murdochiella,Murdochiella sp902488755,Murdochiella sp902488755_1,117
p23220-s361_SNT0003PR-S-day21,p23220-s361_SNT0003PR-S-day21_S360_metabat2_49,P28,W5,P28_W5,SNT,1,D21,6/4/23,PR,metabat2,2557945,101,41293,100,Bacteria,Bacillota,Clostridia,Christensenellales,Christensenellaceae,Christensenella,Christensenella minuta,Christensenella minuta_1,135
p23220-s361_SNT0003PR-S-day21,p23220-s361_SNT0003PR-S-day21_S360_metabat2_40,P28,W5,P28_W5,SNT,1,D21,6/4/23,PR,metabat2,4969564,122,61733,98,Bacteria,Bacteroidota,Bacteroidia,Bacteroidales,Tannerellaceae,Parabacteroides,Parabacteroides distasonis,Parabacteroides distasonis_1,1
p23220-s361_SNT0003PR-S-day21,p23220-s361_SNT0003PR-S-day21_S360_concoct_88,P28,W5,P28_W5,SNT,1,D21,6/4/23,PR,concoct,1680245,309,7164,95,NA,NA,NA,NA,NA,NA,NA,NA_1,23
p23220-s361_SNT0003PR-S-day21,p23220-s361_SNT0003PR-S-day21_S360_concoct_57,P28,W5,P28_W5,SNT,1,D21,6/4/23,PR,concoct,2821137,52,86165,94,Bacteria,Verrucomicrobiota,Verrucomicrobiia,Verrucomicrobiales,Akkermansiaceae,Akkermansia,Akkermansia muciniphila,Akkermansia muciniphila_1,6
p23220-s361_SNT0003PR-S-day21,p23220-s361_SNT0003PR-S-day21_S360_metabat2_27,P28,W5,P28_W5,SNT,1,D21,6/4/23,PR,metabat2,1578118,121,27292,94,Bacteria,Bacillota,Clostridia,Peptostreptococcales,Anaerovoracaceae,S5-A14a,S5-A14a sp900553025,S5-A14a sp900553025_1,113
p23220-s361_SNT0003PR-S-day21,p23220-s361_SNT0003PR-S-day21_S360_metabat2_20,P28,W5,P28_W5,SNT,1,D21,6/4/23,PR,metabat2,3474321,152,36289,98,Bacteria,Bacillota,Clostridia,Oscillospirales,Acutalibacteraceae,Acutalibacter,Acutalibacter timonensis,Acutalibacter timonensis_1,49
p23220-s361_SNT0003PR-S-day21,p23220-s361_SNT0003PR-S-day21_S360_concoct_68,P28,W5,P28_W5,SNT,1,D21,6/4/23,PR,concoct,2898657,273,15611,98,Bacteria,Bacillota,Bacilli,Lactobacillales,Lactobacillaceae,Lacticaseibacillus,Lacticaseibacillus rhamnosus,Lacticaseibacillus rhamnosus_1,68
p23220-s361_SNT0003PR-S-day21,p23220-s361_SNT0003PR-S-day21_S360_concoct_87,P28,W5,P28_W5,SNT,1,D21,6/4/23,PR,concoct,2364175,539,5713,94,Bacteria,Bacillota,Bacilli,Lactobacillales,Enterococcaceae,Enterococcus,Enterococcus faecalis,Enterococcus faecalis_1,2
p23220-s361_SNT0003PR-S-day21,p23220-s361_SNT0003PR-S-day21_S360_metabat2_11,P28,W5,P28_W5,SNT,1,D21,6/4/23,PR,metabat2,1671719,60,43862,90,Bacteria,Bacillota,Clostridia,Oscillospirales,Oscillospiraceae,CAG-103,CAG-103 sp000432375,CAG-103 sp000432375_1,187
p23220-s361_SNT0003PR-S-day21,p23220-s361_SNT0003PR-S-day21_S360_metabat2_54,P28,W5,P28_W5,SNT,1,D21,6/4/23,PR,metabat2,1579402,435,3998,90,Bacteria,Actinomycetota,Coriobacteriia,Coriobacteriales,Coriobacteriaceae,Collinsella,Collinsella sp.,Collinsella sp._1,31
p23220-s361_SNT0003PR-S-day21,p23220-s361_SNT0003PR-S-day21_S360_metabat2_1,P28,W5,P28_W5,SNT,1,D21,6/4/23,PR,metabat2,3376151,543,8419,92,Bacteria,Actinomycetota,Coriobacteriia,Coriobacteriales,Eggerthellaceae,Eggerthella,Eggerthella lenta,Eggerthella lenta_1,3
p23220-s361_SNT0003PR-S-day21,p23220-s361_SNT0003PR-S-day21_S360_metabat2_44,P28,W5,P28_W5,SNT,1,D21,6/4/23,PR,metabat2,2358500,512,5983,92,Bacteria,Bacillota,Bacilli,Erysipelotrichales,Erysipelotrichaceae,Holdemanella,Holdemanella biformis,Holdemanella biformis_1,213
p23220-s361_SNT0003PR-S-day21,p23220-s361_SNT0003PR-S-day21_S360_metabat2_46,P28,W5,P28_W5,SNT,1,D21,6/4/23,PR,metabat2,3054748,664,5512,88,Bacteria,Bacillota,Bacilli,Erysipelotrichales,Erysipelotrichaceae,Clostridium_AQ,Clostridium_AQ sp000165065,Clostridium_AQ sp000165065_1,78
p23220-s361_SNT0003PR-S-day21,p23220-s361_SNT0003PR-S-day21_S360_concoct_28,P28,W5,P28_W5,SNT,1,D21,6/4/23,PR,concoct,1865497,31,88906,90,Bacteria,Bacillota,Clostridia,Oscillospirales,Oscillospiraceae,Vescimonas,Vescimonas coprocola,Vescimonas coprocola_1,7
p23220-s361_SNT0003PR-S-day21,p23220-s361_SNT0003PR-S-day21_S360_metabat2_14,P28,W5,P28_W5,SNT,1,D21,6/4/23,PR,metabat2,1639826,258,8324,94,Bacteria,Pseudomonadota,Alphaproteobacteria,RF32,CAG-239,MGBC133411,MGBC133411 sp900540425,NA,NA
p23220-s361_SNT0003PR-S-day21,p23220-s361_SNT0003PR-S-day21_S360_metabat2_2,P28,W5,P28_W5,SNT,1,D21,6/4/23,PR,metabat2,2370244,164,22281,98,Bacteria,Bacillota,Clostridia,Oscillospirales,Oscillospiraceae,Faecousia,Faecousia intestinalis,NA,NA
p23220-s361_SNT0003PR-S-day21,p23220-s361_SNT0003PR-S-day21_S360_concoct_86,P28,W5,P28_W5,SNT,1,D21,6/4/23,PR,concoct,486047,274,1809,75,Bacteria,Bacillota,Clostridia,Peptostreptococcales,Anaerovoracaceae,Alterileibacterium,Alterileibacterium massiliense,NA,NA
p23220-s361_SNT0003PR-S-day21,p23220-s361_SNT0003PR-S-day21_S360_concoct_49,P28,W5,P28_W5,SNT,1,D21,6/4/23,PR,concoct,1914472,469,5133,78,Bacteria,Bacillota,Clostridia,Lachnospirales,Lachnospiraceae,Mediterraneibacter,Mediterraneibacter torques,Mediterraneibacter torques_1,5
p23220-s361_SNT0003PR-S-day21,p23220-s361_SNT0003PR-S-day21_S360_concoct_1,P28,W5,P28_W5,SNT,1,D21,6/4/23,PR,concoct,2747697,666,5315,75,Bacteria,Bacillota,Clostridia,Oscillospirales,Ruminococcaceae,Ruthenibacterium,Ruthenibacterium lactatiformans,Ruthenibacterium lactatiformans_1,11
p23220-s361_SNT0003PR-S-day21,p23220-s361_SNT0003PR-S-day21_S360_concoct_73,P28,W5,P28_W5,SNT,1,D21,6/4/23,PR,concoct,1938564,1119,1756,75,Bacteria,Bacteroidota,Bacteroidia,Bacteroidales,Porphyromonadaceae,Porphyromonas,Porphyromonas sp900546675,NA,NA
p23220-s361_SNT0003PR-S-day21,p23220-s361_SNT0003PR-S-day21_S360_concoct_30,P28,W5,P28_W5,SNT,1,D21,6/4/23,PR,concoct,3002787,1358,2422,78,Bacteria,Bacillota,Clostridia,Eubacteriales,Eubacteriaceae,Eubacterium,Eubacterium callanderi,NA,NA
p23220-s361_SNT0003PR-S-day21,p23220-s361_SNT0003PR-S-day21_S360_concoct_10,P28,W5,P28_W5,SNT,1,D21,6/4/23,PR,concoct,1386388,492,3349,73,Bacteria,Pseudomonadota,Alphaproteobacteria,RF32,CAG-239,MGBC133411,MGBC133411 sp900540425,NA,NA
p23220-s361_SNT0003PR-S-day21,p23220-s361_SNT0003PR-S-day21_S360_concoct_23,P28,W5,P28_W5,SNT,1,D21,6/4/23,PR,concoct,6338814,652,12696,80,Bacteria,Bacillota,Clostridia,Lachnospirales,Lachnospiraceae,Eisenbergiella,Eisenbergiella tayi,Eisenbergiella tayi_1,79
p23220-s361_SNT0003PR-S-day21,p23220-s361_SNT0003PR-S-day21_S360_concoct_45,P28,W5,P28_W5,SNT,1,D21,6/4/23,PR,concoct,7678691,433,38231,65,Bacteria,Bacillota,Clostridia,Peptostreptococcales,Anaerovoracaceae,S5-A14a,S5-A14a sp900553025,NA,NA
p23220-s361_SNT0003PR-S-day21,p23220-s361_SNT0003PR-S-day21_S360_maxbin2_049,P28,W5,P28_W5,SNT,1,D21,6/4/23,PR,maxbin2,1839022,1096,1674,65,Bacteria,Desulfobacterota_I,Desulfovibrionia,Desulfovibrionales,Desulfovibrionaceae,Desulfovibrio,Desulfovibrio sp.,NA,NA
p23220-s361_SNT0003PR-S-day21,p23220-s361_SNT0003PR-S-day21_S360_maxbin2_027,P28,W5,P28_W5,SNT,1,D21,6/4/23,PR,maxbin2,825192,64,12860,57,Bacteria,Bacillota,Negativicutes,Veillonellales,Dialisteraceae,,Dialisteraceae sp.,NA,NA
p23220-s361_SNT0003PR-S-day21,p23220-s361_SNT0003PR-S-day21_S360_maxbin2_003,P28,W5,P28_W5,SNT,1,D21,6/4/23,PR,maxbin2,3686562,100,95626,65,Bacteria,Pseudomonadota,Gammaproteobacteria,Enterobacterales,Enterobacteriaceae,Escherichia,Escherichia coli,Escherichia coli_1,16
p23220-s361_SNT0003PR-S-day21,p23220-s361_SNT0003PR-S-day21_S360_metabat2_35,P28,W5,P28_W5,SNT,1,D21,6/4/23,PR,metabat2,3060693,491,8395,75,Bacteria,Bacillota,Bacilli,Lactobacillales,Streptococcaceae,Streptococcus,Streptococcus vestibularis,NA,NA
p23220-s361_SNT0003PR-S-day21,p23220-s361_SNT0003PR-S-day21_S360_metabat2_12,P28,W5,P28_W5,SNT,1,D21,6/4/23,PR,metabat2,2849050,357,10485,65,Bacteria,Bacillota,Clostridia,Lachnospirales,Lachnospiraceae,Bariatricus,Bariatricus massiliensis,NA,NA
p23220-s362_SNT0003PR-S-day28,p23220-s362_SNT0003PR-S-day28_S361_concoct_74,P28,W6,P28_W6,SNT,1,D28,6/11/23,PR,concoct,5321118,131,89263,100,Bacteria,Pseudomonadota,Gammaproteobacteria,Enterobacterales,Enterobacteriaceae,Escherichia,Escherichia coli,Escherichia coli_1,16
p23220-s362_SNT0003PR-S-day28,p23220-s362_SNT0003PR-S-day28_S361_concoct_15,P28,W6,P28_W6,SNT,1,D28,6/11/23,PR,concoct,2103693,131,51994,100,Bacteria,Actinomycetota,Actinomycetes,Mycobacteriales,Mycobacteriaceae,Lawsonella,Lawsonella clevelandensis,Lawsonella clevelandensis_1,131
p23220-s362_SNT0003PR-S-day28,p23220-s362_SNT0003PR-S-day28_S361_concoct_59,P28,W6,P28_W6,SNT,1,D28,6/11/23,PR,concoct,2302007,157,28779,100,Bacteria,Actinomycetota,Actinomycetes,Actinomycetales,Actinomycetaceae,Pauljensenia,Pauljensenia sp.,Pauljensenia sp._1,251
p23220-s362_SNT0003PR-S-day28,p23220-s362_SNT0003PR-S-day28_S361_concoct_7,P28,W6,P28_W6,SNT,1,D28,6/11/23,PR,concoct,1554332,384,5183,100,Bacteria,Bacteroidota,Bacteroidia,Bacteroidales,Porphyromonadaceae,Porphyromonas,Porphyromonas sp902489445,Porphyromonas sp902489445_1,114
p23220-s362_SNT0003PR-S-day28,p23220-s362_SNT0003PR-S-day28_S361_concoct_107,P28,W6,P28_W6,SNT,1,D28,6/11/23,PR,concoct,1432808,16,128889,98,Bacteria,Bacillota,Clostridia,Tissierellales,Peptoniphilaceae,Murdochiella,Murdochiella sp902488755,Murdochiella sp902488755_1,117
p23220-s362_SNT0003PR-S-day28,p23220-s362_SNT0003PR-S-day28_S361_concoct_113,P28,W6,P28_W6,SNT,1,D28,6/11/23,PR,concoct,3521928,524,8715,100,Bacteria,Actinomycetota,Coriobacteriia,Coriobacteriales,Eggerthellaceae,Eggerthella,Eggerthella lenta,Eggerthella lenta_1,3
p23220-s362_SNT0003PR-S-day28,p23220-s362_SNT0003PR-S-day28_S361_metabat2_37,P28,W6,P28_W6,SNT,1,D28,6/11/23,PR,metabat2,1851395,251,10317,97,NA,NA,NA,NA,NA,NA,NA,NA_1,23
p23220-s362_SNT0003PR-S-day28,p23220-s362_SNT0003PR-S-day28_S361_metabat2_27,P28,W6,P28_W6,SNT,1,D28,6/11/23,PR,metabat2,1617690,41,92770,96,Bacteria,Bacillota,Clostridia,Peptostreptococcales,Anaerovoracaceae,S5-A14a,S5-A14a sp900553025,S5-A14a sp900553025_1,113
p23220-s362_SNT0003PR-S-day28,p23220-s362_SNT0003PR-S-day28_S361_metabat2_25,P28,W6,P28_W6,SNT,1,D28,6/11/23,PR,metabat2,2686892,124,32748,94,Bacteria,Verrucomicrobiota,Verrucomicrobiia,Verrucomicrobiales,Akkermansiaceae,Akkermansia,Akkermansia muciniphila,Akkermansia muciniphila_1,6
p23220-s362_SNT0003PR-S-day28,p23220-s362_SNT0003PR-S-day28_S361_metabat2_47,P28,W6,P28_W6,SNT,1,D28,6/11/23,PR,metabat2,2298534,40,99647,96,Bacteria,Bacillota,Clostridia,Oscillospirales,Oscillospiraceae,Vescimonas,Vescimonas coprocola,Vescimonas coprocola_1,7
p23220-s362_SNT0003PR-S-day28,p23220-s362_SNT0003PR-S-day28_S361_metabat2_46,P28,W6,P28_W6,SNT,1,D28,6/11/23,PR,metabat2,3321319,187,27687,98,Bacteria,Bacillota,Clostridia,Oscillospirales,Acutalibacteraceae,Acutalibacter,Acutalibacter timonensis,Acutalibacter timonensis_1,49
p23220-s362_SNT0003PR-S-day28,p23220-s362_SNT0003PR-S-day28_S361_metabat2_1,P28,W6,P28_W6,SNT,1,D28,6/11/23,PR,metabat2,2473212,140,24494,98,Bacteria,Bacillota,Clostridia,Oscillospirales,Acutalibacteraceae,Scatavimonas,Scatavimonas sp900540275,Scatavimonas sp900540275_1,73
p23220-s362_SNT0003PR-S-day28,p23220-s362_SNT0003PR-S-day28_S361_concoct_95,P28,W6,P28_W6,SNT,1,D28,6/11/23,PR,concoct,2293083,182,20686,98,Bacteria,Bacillota,Clostridia,Lachnospirales,Lachnospiraceae,Mediterraneibacter,Mediterraneibacter torques,Mediterraneibacter torques_1,5
p23220-s362_SNT0003PR-S-day28,p23220-s362_SNT0003PR-S-day28_S361_concoct_52,P28,W6,P28_W6,SNT,1,D28,6/11/23,PR,concoct,1010908,305,4024,92,Bacteria,Bacillota,Clostridia,Peptostreptococcales,Anaerovoracaceae,,Anaerovoracaceae sp.,Anaerovoracaceae sp._1,357
p23220-s362_SNT0003PR-S-day28,p23220-s362_SNT0003PR-S-day28_S361_concoct_8,P28,W6,P28_W6,SNT,1,D28,6/11/23,PR,concoct,3647984,171,33149,96,Bacteria,Bacillota,Clostridia,Lachnospirales,Lachnospiraceae,Extibacter,Extibacter hylemonae,Extibacter hylemonae_1,125
p23220-s362_SNT0003PR-S-day28,p23220-s362_SNT0003PR-S-day28_S361_concoct_9,P28,W6,P28_W6,SNT,1,D28,6/11/23,PR,concoct,2621950,564,7950,90,Bacteria,Actinomycetota,Actinomycetes,Actinomycetales,Bifidobacteriaceae,Bifidobacterium,Bifidobacterium breve,Bifidobacterium breve_1,95
p23220-s362_SNT0003PR-S-day28,p23220-s362_SNT0003PR-S-day28_S361_concoct_87,P28,W6,P28_W6,SNT,1,D28,6/11/23,PR,concoct,1068486,354,3663,94,Bacteria,Bacillota,Clostridia,Peptostreptococcales,Anaerovoracaceae,Alterileibacterium,Alterileibacterium massiliense,Alterileibacterium massiliense_2,358
p23220-s362_SNT0003PR-S-day28,p23220-s362_SNT0003PR-S-day28_S361_metabat2_52,P28,W6,P28_W6,SNT,1,D28,6/11/23,PR,metabat2,1476095,401,4228,88,Bacteria,Actinomycetota,Coriobacteriia,Coriobacteriales,Coriobacteriaceae,Collinsella,Collinsella sp.,Collinsella sp._1,31
p23220-s362_SNT0003PR-S-day28,p23220-s362_SNT0003PR-S-day28_S361_concoct_102,P28,W6,P28_W6,SNT,1,D28,6/11/23,PR,concoct,2288279,950,2676,86,Bacteria,Bacillota,Bacilli,Lactobacillales,Lactobacillaceae,Lacticaseibacillus,Lacticaseibacillus rhamnosus,Lacticaseibacillus rhamnosus_1,68
p23220-s362_SNT0003PR-S-day28,p23220-s362_SNT0003PR-S-day28_S361_concoct_45,P28,W6,P28_W6,SNT,1,D28,6/11/23,PR,concoct,1531224,534,3401,84,Bacteria,Actinomycetota,Coriobacteriia,Coriobacteriales,Atopobiaceae,Olegusella,Olegusella massiliensis,Olegusella massiliensis_1,296
p23220-s362_SNT0003PR-S-day28,p23220-s362_SNT0003PR-S-day28_S361_metabat2_18,P28,W6,P28_W6,SNT,1,D28,6/11/23,PR,metabat2,1621512,277,7724,86,Bacteria,Pseudomonadota,Alphaproteobacteria,RF32,CAG-239,Scatocola,Scatocola faecipullorum,Scatocola faecipullorum_1,205
p23220-s362_SNT0003PR-S-day28,p23220-s362_SNT0003PR-S-day28_S361_concoct_23,P28,W6,P28_W6,SNT,1,D28,6/11/23,PR,concoct,1795570,828,2355,80,Bacteria,Bacillota,Bacilli,Lactobacillales,Enterococcaceae,Enterococcus,Enterococcus faecalis,Enterococcus faecalis_1,2
p23220-s362_SNT0003PR-S-day28,p23220-s362_SNT0003PR-S-day28_S361_metabat2_20,P28,W6,P28_W6,SNT,1,D28,6/11/23,PR,metabat2,1099911,163,9523,78,Bacteria,Bacillota,Negativicutes,Veillonellales,Dialisteraceae,Dialister,Dialister invisus,Dialister invisus_1,71
p23220-s362_SNT0003PR-S-day28,p23220-s362_SNT0003PR-S-day28_S361_concoct_103,P28,W6,P28_W6,SNT,1,D28,6/11/23,PR,concoct,2270166,1051,2345,78,Bacteria,Desulfobacterota_I,Desulfovibrionia,Desulfovibrionales,Desulfovibrionaceae,Desulfovibrio,Desulfovibrio fairfieldensis_A,Desulfovibrio fairfieldensis_A_2,365
p23220-s362_SNT0003PR-S-day28,p23220-s362_SNT0003PR-S-day28_S361_concoct_53,P28,W6,P28_W6,SNT,1,D28,6/11/23,PR,concoct,11587262,820,20474,94,Unclassified Bacteria,NA,NA,NA,NA,NA,Unclassified Bacteria sp.,NA,NA
p23220-s362_SNT0003PR-S-day28,p23220-s362_SNT0003PR-S-day28_S361_concoct_60,P28,W6,P28_W6,SNT,1,D28,6/11/23,PR,concoct,2665196,894,3272,75,Bacteria,Bacillota,Clostridia,Eubacteriales,Eubacteriaceae,Eubacterium,Eubacterium callanderi,Eubacterium callanderi_1,53
p23220-s362_SNT0003PR-S-day28,p23220-s362_SNT0003PR-S-day28_S361_concoct_56,P28,W6,P28_W6,SNT,1,D28,6/11/23,PR,concoct,1436585,661,2379,90,Bacteria,Bacillota,Bacilli,Erysipelotrichales,Erysipelotrichaceae,Holdemanella,Holdemanella biformis,Holdemanella biformis_1,213
p23220-s362_SNT0003PR-S-day28,p23220-s362_SNT0003PR-S-day28_S361_concoct_71,P28,W6,P28_W6,SNT,1,D28,6/11/23,PR,concoct,1839653,759,2663,67,Bacteria,Bacillota,Clostridia,Lachnospirales,Lachnospiraceae,Frisingicoccus,Frisingicoccus sp902471845,Frisingicoccus sp902471845_2,509
p23220-s362_SNT0003PR-S-day28,p23220-s362_SNT0003PR-S-day28_S361_concoct_2,P28,W6,P28_W6,SNT,1,D28,6/11/23,PR,concoct,3102002,1092,3357,84,Bacteria,Actinomycetota,Actinomycetes,Actinomycetales,Actinomycetaceae,Mobiluncus,Mobiluncus sp947254095,NA,NA
p23220-s362_SNT0003PR-S-day28,p23220-s362_SNT0003PR-S-day28_S361_concoct_73,P28,W6,P28_W6,SNT,1,D28,6/11/23,PR,concoct,3197084,638,6386,69,Bacteria,Bacillota,Clostridia,Lachnospirales,Lachnospiraceae,Clostridium_AP,Clostridium_AP sp000509125,Clostridium_AP sp000509125_1,34
p23220-s362_SNT0003PR-S-day28,p23220-s362_SNT0003PR-S-day28_S361_maxbin2_024,P28,W6,P28_W6,SNT,1,D28,6/11/23,PR,maxbin2,3136503,328,15490,80,Bacteria,Bacteroidota,Bacteroidia,Bacteroidales,Porphyromonadaceae,Porphyromonas,Porphyromonas sp.,NA,NA
p23220-s362_SNT0003PR-S-day28,p23220-s362_SNT0003PR-S-day28_S361_metabat2_31,P28,W6,P28_W6,SNT,1,D28,6/11/23,PR,metabat2,2961535,294,14965,65,Bacteria,Bacteroidota,Bacteroidia,Bacteroidales,Rikenellaceae,Alistipes,Alistipes onderdonkii,Alistipes onderdonkii_1,14
p23220-s362_SNT0003PR-S-day28,p23220-s362_SNT0003PR-S-day28_S361_concoct_92,P28,W6,P28_W6,SNT,1,D28,6/11/23,PR,concoct,2546040,1201,2302,59,Bacteria,Bacillota,Bacilli,Erysipelotrichales,Erysipelotrichaceae,Clostridium_AQ,Clostridium_AQ sp000165065,Clostridium_AQ sp000165065_1,78
p23220-s362_SNT0003PR-S-day28,p23220-s362_SNT0003PR-S-day28_S361_concoct_111,P28,W6,P28_W6,SNT,1,D28,6/11/23,PR,concoct,1240357,463,3018,84,Bacteria,Bacillota,Bacilli,Erysipelotrichales,Erysipelotrichaceae,Bulleidia,Bulleidia moorei,Bulleidia moorei_1,240
p23220-s362_SNT0003PR-S-day28,p23220-s362_SNT0003PR-S-day28_S361_concoct_93,P28,W6,P28_W6,SNT,1,D28,6/11/23,PR,concoct,1231765,507,2696,61,Bacteria,Bacillota,Bacilli,Lactobacillales,Streptococcaceae,Streptococcus,Streptococcus hominis,Streptococcus hominis_1,343
p23220-s362_SNT0003PR-S-day28,p23220-s362_SNT0003PR-S-day28_S361_metabat2_15,P28,W6,P28_W6,SNT,1,D28,6/11/23,PR,metabat2,2510861,374,9071,57,Bacteria,Bacillota,Clostridia,Lachnospirales,Lachnospiraceae,Ruminococcus_B,Ruminococcus_B gnavus,Ruminococcus_B gnavus_1,198
p23220-s362_SNT0003PR-S-day28,p23220-s362_SNT0003PR-S-day28_S361_concoct_76,P28,W6,P28_W6,SNT,1,D28,6/11/23,PR,concoct,4631135,297,24615,55,Bacteria,Bacteroidota,Bacteroidia,Bacteroidales,Tannerellaceae,Parabacteroides,Parabacteroides distasonis,Parabacteroides distasonis_1,1
p23220-s362_SNT0003PR-S-day28,p23220-s362_SNT0003PR-S-day28_S361_concoct_49,P28,W6,P28_W6,SNT,1,D28,6/11/23,PR,concoct,3294349,531,8200,73,Bacteria,Bacillota,Bacilli,Lactobacillales,Streptococcaceae,Streptococcus,Streptococcus vestibularis,NA,NA
p23220-s362_SNT0003PR-S-day28,p23220-s362_SNT0003PR-S-day28_S361_metabat2_26,P28,W6,P28_W6,SNT,1,D28,6/11/23,PR,metabat2,1310214,458,3029,53,Bacteria,Bacillota,Clostridia,Oscillospirales,Acutalibacteraceae,Acutalibacter,Acutalibacter sp900548545,Acutalibacter sp900548545_1,160
p23220-s362_SNT0003PR-S-day28,p23220-s362_SNT0003PR-S-day28_S361_concoct_12,P28,W6,P28_W6,SNT,1,D28,6/11/23,PR,concoct,2354371,964,2822,55,Bacteria,Bacillota,Clostridia,Oscillospirales,Oscillospiraceae,Oscillibacter,Oscillibacter welbionis,Oscillibacter welbionis_1,105
p23220-s362_SNT0003PR-S-day28,p23220-s362_SNT0003PR-S-day28_S361_concoct_91,P28,W6,P28_W6,SNT,1,D28,6/11/23,PR,concoct,2516829,1369,1910,67,Bacteria,Desulfobacterota_I,Desulfovibrionia,Desulfovibrionales,Desulfovibrionaceae,Bilophila,Bilophila wadsworthia,Bilophila wadsworthia_3,62
p23220-s362_SNT0003PR-S-day28,p23220-s362_SNT0003PR-S-day28_S361_concoct_109,P28,W6,P28_W6,SNT,1,D28,6/11/23,PR,concoct,3856304,480,10455,98,Unclassified Bacteria,NA,NA,NA,NA,NA,Unclassified Bacteria sp.,NA,NA
p23220-s363_SNT0006PR-S-day0,p23220-s363_SNT0006PR-S-day0_S362_concoct_32,P29,W2,P29_W2,SNT,1,D00,5/14/23,PR,concoct,2910189,30,273914,100,Bacteria,Bacillota,Bacilli,Lactobacillales,Enterococcaceae,Enterococcus,Enterococcus faecalis,Enterococcus faecalis_1,2
p23220-s363_SNT0006PR-S-day0,p23220-s363_SNT0006PR-S-day0_S362_concoct_74,P29,W2,P29_W2,SNT,1,D00,5/14/23,PR,concoct,4490440,104,71925,100,Bacteria,Bacillota,Clostridia,Eubacteriales,Eubacteriaceae,Eubacterium,Eubacterium callanderi,Eubacterium callanderi_1,53
p23220-s363_SNT0006PR-S-day0,p23220-s363_SNT0006PR-S-day0_S362_metabat2_39,P29,W2,P29_W2,SNT,1,D00,5/14/23,PR,metabat2,2465310,70,51752,100,Bacteria,Synergistota,Synergistia,Synergistales,Dethiosulfovibrionaceae,Pyramidobacter,Pyramidobacter piscolens,Pyramidobacter piscolens_1,210
p23220-s363_SNT0006PR-S-day0,p23220-s363_SNT0006PR-S-day0_S362_metabat2_45,P29,W2,P29_W2,SNT,1,D00,5/14/23,PR,metabat2,3331738,145,39344,100,Bacteria,Actinomycetota,Coriobacteriia,Coriobacteriales,Eggerthellaceae,Eggerthella,Eggerthella lenta,Eggerthella lenta_1,3
p23220-s363_SNT0006PR-S-day0,p23220-s363_SNT0006PR-S-day0_S362_metabat2_20,P29,W2,P29_W2,SNT,1,D00,5/14/23,PR,metabat2,1767847,89,30081,100,NA,NA,NA,NA,NA,NA,NA,NA_2,151
p23220-s363_SNT0006PR-S-day0,p23220-s363_SNT0006PR-S-day0_S362_concoct_21,P29,W2,P29_W2,SNT,1,D00,5/14/23,PR,concoct,1814099,44,83722,98,Bacteria,Bacillota,Bacilli,Erysipelotrichales,Erysipelotrichaceae,Massilicoli,Massilicoli timonensis,Massilicoli timonensis_1,134
p23220-s363_SNT0006PR-S-day0,p23220-s363_SNT0006PR-S-day0_S362_metabat2_24,P29,W2,P29_W2,SNT,1,D00,5/14/23,PR,metabat2,2318116,81,48225,100,Bacteria,Bacillota,Clostridia,Oscillospirales,Oscillospiraceae,Scatomorpha,Scatomorpha merdavium,Scatomorpha merdavium_1,159
p23220-s363_SNT0006PR-S-day0,p23220-s363_SNT0006PR-S-day0_S362_concoct_54,P29,W2,P29_W2,SNT,1,D00,5/14/23,PR,concoct,2245763,289,11003,96,Bacteria,Bacteroidota,Bacteroidia,Bacteroidales,Porphyromonadaceae,Porphyromonas,Porphyromonas sp900546675,Porphyromonas sp900546675_1,247
p23220-s363_SNT0006PR-S-day0,p23220-s363_SNT0006PR-S-day0_S362_metabat2_46,P29,W2,P29_W2,SNT,1,D00,5/14/23,PR,metabat2,1970319,257,10333,96,Bacteria,Bacillota,Clostridia,Peptostreptococcales,Anaerovoracaceae,Lentihominibacter,Lentihominibacter excrementipullorum,Lentihominibacter excrementipullorum_1,110
p23220-s363_SNT0006PR-S-day0,p23220-s363_SNT0006PR-S-day0_S362_metabat2_47,P29,W2,P29_W2,SNT,1,D00,5/14/23,PR,metabat2,2132553,327,9902,96,Bacteria,Bacillota,Clostridia,Oscillospirales,Oscillospiraceae,Vescimonas,Vescimonas coprocola,Vescimonas coprocola_1,7
p23220-s363_SNT0006PR-S-day0,p23220-s363_SNT0006PR-S-day0_S362_concoct_14,P29,W2,P29_W2,SNT,1,D00,5/14/23,PR,concoct,3762414,36,210823,100,Bacteria,Bacillota,Clostridia,Lachnospirales,Lachnospiraceae,Anaerostipes,Anaerostipes caccae,Anaerostipes caccae_1,56
p23220-s363_SNT0006PR-S-day0,p23220-s363_SNT0006PR-S-day0_S362_concoct_0,P29,W2,P29_W2,SNT,1,D00,5/14/23,PR,concoct,2515958,179,23584,98,Bacteria,Bacillota,Clostridia,Oscillospirales,Acutalibacteraceae,Scatavimonas,Scatavimonas sp900540275,Scatavimonas sp900540275_1,73
p23220-s363_SNT0006PR-S-day0,p23220-s363_SNT0006PR-S-day0_S362_metabat2_29,P29,W2,P29_W2,SNT,1,D00,5/14/23,PR,metabat2,3264858,278,16582,94,Bacteria,Bacillota,Clostridia,Christensenellales,Aristaeellaceae,Pullichristensenella,Pullichristensenella stercorigallinarum,Pullichristensenella stercorigallinarum_1,284
p23220-s363_SNT0006PR-S-day0,p23220-s363_SNT0006PR-S-day0_S362_metabat2_17,P29,W2,P29_W2,SNT,1,D00,5/14/23,PR,metabat2,3041652,216,20127,96,Bacteria,Bacillota,Clostridia,Oscillospirales,Acutalibacteraceae,UMGS856,UMGS856 sp900546265,UMGS856 sp900546265_1,189
p23220-s363_SNT0006PR-S-day0,p23220-s363_SNT0006PR-S-day0_S362_concoct_45,P29,W2,P29_W2,SNT,1,D00,5/14/23,PR,concoct,3865340,40,181135,96,Bacteria,Bacillota,Clostridia,Lachnospirales,Lachnospiraceae,Clostridium_AP,Clostridium_AP sp000509125,Clostridium_AP sp000509125_1,34
p23220-s363_SNT0006PR-S-day0,p23220-s363_SNT0006PR-S-day0_S362_metabat2_6,P29,W2,P29_W2,SNT,1,D00,5/14/23,PR,metabat2,3483346,644,6855,86,Bacteria,Bacteroidota,Bacteroidia,Bacteroidales,Marinifilaceae,Odoribacter,Odoribacter splanchnicus,Odoribacter splanchnicus_1,21
p23220-s363_SNT0006PR-S-day0,p23220-s363_SNT0006PR-S-day0_S362_concoct_42,P29,W2,P29_W2,SNT,1,D00,5/14/23,PR,concoct,4046559,1850,2414,84,Bacteria,Pseudomonadota,Gammaproteobacteria,Enterobacterales,Enterobacteriaceae,Klebsiella,Klebsiella pneumoniae,Klebsiella pneumoniae_1,83
p23220-s363_SNT0006PR-S-day0,p23220-s363_SNT0006PR-S-day0_S362_metabat2_21,P29,W2,P29_W2,SNT,1,D00,5/14/23,PR,metabat2,1925558,430,5412,80,Bacteria,Bacteroidota,Bacteroidia,Bacteroidales,Rikenellaceae,Alistipes,Alistipes putredinis,Alistipes putredinis_1,4
p23220-s363_SNT0006PR-S-day0,p23220-s363_SNT0006PR-S-day0_S362_concoct_39,P29,W2,P29_W2,SNT,1,D00,5/14/23,PR,concoct,2301726,834,3271,80,Bacteria,Desulfobacterota_I,Desulfovibrionia,Desulfovibrionales,Desulfovibrionaceae,Desulfovibrio,Desulfovibrio sp900243745,Desulfovibrio sp900243745_1,87
p23220-s363_SNT0006PR-S-day0,p23220-s363_SNT0006PR-S-day0_S362_concoct_61,P29,W2,P29_W2,SNT,1,D00,5/14/23,PR,concoct,2533825,1173,2360,78,Bacteria,Bacillota,Clostridia,Oscillospirales,Acutalibacteraceae,Fimivicinus,Fimivicinus sp900544375,NA,NA
p23220-s363_SNT0006PR-S-day0,p23220-s363_SNT0006PR-S-day0_S362_concoct_66,P29,W2,P29_W2,SNT,1,D00,5/14/23,PR,concoct,1423738,663,2347,71,Bacteria,Bacillota,Clostridia,Christensenellales,Christensenellaceae,,Christensenellaceae sp.,Christensenellaceae sp._1,679
p23220-s363_SNT0006PR-S-day0,p23220-s363_SNT0006PR-S-day0_S362_concoct_15,P29,W2,P29_W2,SNT,1,D00,5/14/23,PR,concoct,1843779,1078,1736,69,Bacteria,Actinomycetota,Actinomycetes,Actinomycetales,Actinomycetaceae,Actinomyces,Actinomyces oris,Actinomyces oris_1,329
p23220-s363_SNT0006PR-S-day0,p23220-s363_SNT0006PR-S-day0_S362_concoct_19,P29,W2,P29_W2,SNT,1,D00,5/14/23,PR,concoct,1389326,731,1999,67,Bacteria,Bacillota,Clostridia,Lachnospirales,Anaerotignaceae,Anaerotignum,Anaerotignum sp001304995,Anaerotignum sp001304995_2,481
p23220-s363_SNT0006PR-S-day0,p23220-s363_SNT0006PR-S-day0_S362_concoct_13,P29,W2,P29_W2,SNT,1,D00,5/14/23,PR,concoct,5663942,903,7509,73,Bacteria,Bacillota,Clostridia,Lachnospirales,Lachnospiraceae,Hungatella,Hungatella effluvii,NA,NA
p23220-s363_SNT0006PR-S-day0,p23220-s363_SNT0006PR-S-day0_S362_concoct_75,P29,W2,P29_W2,SNT,1,D00,5/14/23,PR,concoct,2329082,512,5392,63,Bacteria,Bacillota,Clostridia,Lachnospirales,Lachnospiraceae,Mediterraneibacter,Mediterraneibacter excrementipullorum,NA,NA
p23220-s363_SNT0006PR-S-day0,p23220-s363_SNT0006PR-S-day0_S362_concoct_20,P29,W2,P29_W2,SNT,1,D00,5/14/23,PR,concoct,5321066,231,38695,53,Bacteria,Bacteroidota,Bacteroidia,Bacteroidales,Bacteroidaceae,Bacteroides,Bacteroides uniformis,Bacteroides uniformis_1,37
p23220-s364_SNT0006-PR-S-day7,p23220-s364_SNT0006-PR-S-day7_S363_concoct_73,P29,W3,P29_W3,SNT,1,D07,5/21/23,PR,concoct,1917970,61,68597,100,NA,NA,NA,NA,NA,NA,NA,NA_2,151
p23220-s364_SNT0006-PR-S-day7,p23220-s364_SNT0006-PR-S-day7_S363_concoct_35,P29,W3,P29_W3,SNT,1,D07,5/21/23,PR,concoct,2519014,98,44561,100,Bacteria,Synergistota,Synergistia,Synergistales,Dethiosulfovibrionaceae,Pyramidobacter,Pyramidobacter piscolens,Pyramidobacter piscolens_1,210
p23220-s364_SNT0006-PR-S-day7,p23220-s364_SNT0006-PR-S-day7_S363_metabat2_13,P29,W3,P29_W3,SNT,1,D07,5/21/23,PR,metabat2,4179253,59,121379,98,Bacteria,Bacillota,Clostridia,Eubacteriales,Eubacteriaceae,Eubacterium,Eubacterium callanderi,Eubacterium callanderi_1,53
p23220-s364_SNT0006-PR-S-day7,p23220-s364_SNT0006-PR-S-day7_S363_concoct_22,P29,W3,P29_W3,SNT,1,D07,5/21/23,PR,concoct,1775049,40,73850,98,Bacteria,Bacillota,Bacilli,Erysipelotrichales,Erysipelotrichaceae,Massilicoli,Massilicoli timonensis,Massilicoli timonensis_1,134
p23220-s364_SNT0006-PR-S-day7,p23220-s364_SNT0006-PR-S-day7_S363_metabat2_18,P29,W3,P29_W3,SNT,1,D07,5/21/23,PR,metabat2,4464212,177,52614,96,Bacteria,Bacteroidota,Bacteroidia,Bacteroidales,Tannerellaceae,Parabacteroides,Parabacteroides merdae,Parabacteroides merdae_1,28
p23220-s364_SNT0006-PR-S-day7,p23220-s364_SNT0006-PR-S-day7_S363_metabat2_36,P29,W3,P29_W3,SNT,1,D07,5/21/23,PR,metabat2,2651160,554,5750,96,Bacteria,Actinomycetota,Actinomycetes,Actinomycetales,Actinomycetaceae,Actinomyces,Actinomyces oris,Actinomyces oris_1,329
p23220-s364_SNT0006-PR-S-day7,p23220-s364_SNT0006-PR-S-day7_S363_concoct_67,P29,W3,P29_W3,SNT,1,D07,5/21/23,PR,concoct,2689533,56,99450,98,Bacteria,Bacillota,Clostridia,Oscillospirales,Acutalibacteraceae,Hominenteromicrobium,Hominenteromicrobium mulieris,Hominenteromicrobium mulieris_1,18
p23220-s364_SNT0006-PR-S-day7,p23220-s364_SNT0006-PR-S-day7_S363_metabat2_20,P29,W3,P29_W3,SNT,1,D07,5/21/23,PR,metabat2,2541759,58,63816,98,Bacteria,Bacillota,Clostridia,Lachnospirales,Lachnospiraceae,Wujia,Wujia hominis,Wujia hominis_1,43
p23220-s364_SNT0006-PR-S-day7,p23220-s364_SNT0006-PR-S-day7_S363_concoct_62,P29,W3,P29_W3,SNT,1,D07,5/21/23,PR,concoct,1853080,135,20951,98,Bacteria,Bacillota,Clostridia,Christensenellales,CAG-138,SFEL01,SFEL01 sp004557245,SFEL01 sp004557245_1,60
p23220-s364_SNT0006-PR-S-day7,p23220-s364_SNT0006-PR-S-day7_S363_concoct_58,P29,W3,P29_W3,SNT,1,D07,5/21/23,PR,concoct,3816118,29,468266,100,Bacteria,Bacillota,Clostridia,Lachnospirales,Lachnospiraceae,Anaerostipes,Anaerostipes caccae,Anaerostipes caccae_1,56
p23220-s364_SNT0006-PR-S-day7,p23220-s364_SNT0006-PR-S-day7_S363_concoct_28,P29,W3,P29_W3,SNT,1,D07,5/21/23,PR,concoct,2505745,155,24103,100,Bacteria,Bacillota,Clostridia,Oscillospirales,Oscillospiraceae,Scatomorpha,Scatomorpha merdavium,Scatomorpha merdavium_1,159
p23220-s364_SNT0006-PR-S-day7,p23220-s364_SNT0006-PR-S-day7_S363_metabat2_41,P29,W3,P29_W3,SNT,1,D07,5/21/23,PR,metabat2,6787598,126,108090,94,Bacteria,Bacteroidota,Bacteroidia,Bacteroidales,Bacteroidaceae,Bacteroides,Bacteroides cellulosilyticus,Bacteroides cellulosilyticus_1,261
p23220-s364_SNT0006-PR-S-day7,p23220-s364_SNT0006-PR-S-day7_S363_metabat2_14,P29,W3,P29_W3,SNT,1,D07,5/21/23,PR,metabat2,2738126,58,99003,94,Bacteria,Verrucomicrobiota,Verrucomicrobiia,Verrucomicrobiales,Akkermansiaceae,Akkermansia,Akkermansia muciniphila,Akkermansia muciniphila_1,6
p23220-s364_SNT0006-PR-S-day7,p23220-s364_SNT0006-PR-S-day7_S363_metabat2_43,P29,W3,P29_W3,SNT,1,D07,5/21/23,PR,metabat2,2098534,68,46564,94,Bacteria,Bacillota,Clostridia,Oscillospirales,Ruminococcaceae,Ruminococcus_C,Ruminococcus_C sp000980705,Ruminococcus_C sp000980705_1,52
p23220-s364_SNT0006-PR-S-day7,p23220-s364_SNT0006-PR-S-day7_S363_concoct_15,P29,W3,P29_W3,SNT,1,D07,5/21/23,PR,concoct,2735468,136,31334,100,Bacteria,Bacillota,Clostridia,UBA1381,UBA1381,Hominilimicola,Hominilimicola fabiformis,Hominilimicola fabiformis_1,24
p23220-s364_SNT0006-PR-S-day7,p23220-s364_SNT0006-PR-S-day7_S363_concoct_0,P29,W3,P29_W3,SNT,1,D07,5/21/23,PR,concoct,1807011,663,3108,92,Bacteria,Bacillota,Clostridia,Peptostreptococcales,Anaerovoracaceae,Lentihominibacter,Lentihominibacter excrementipullorum,Lentihominibacter excrementipullorum_1,110
p23220-s364_SNT0006-PR-S-day7,p23220-s364_SNT0006-PR-S-day7_S363_metabat2_22,P29,W3,P29_W3,SNT,1,D07,5/21/23,PR,metabat2,1903022,39,62842,96,Bacteria,Bacillota,Clostridia,Oscillospirales,Acutalibacteraceae,Ruminococcoides,Ruminococcoides intestinale,Ruminococcoides intestinale_1,8
p23220-s364_SNT0006-PR-S-day7,p23220-s364_SNT0006-PR-S-day7_S363_concoct_50,P29,W3,P29_W3,SNT,1,D07,5/21/23,PR,concoct,4324449,89,85655,90,Unclassified Bacteria,NA,NA,NA,NA,NA,Unclassified Bacteria sp.,NA,NA
p23220-s364_SNT0006-PR-S-day7,p23220-s364_SNT0006-PR-S-day7_S363_metabat2_33,P29,W3,P29_W3,SNT,1,D07,5/21/23,PR,metabat2,2038366,384,6929,92,Bacteria,Bacillota,Negativicutes,Acidaminococcales,Acidaminococcaceae,Phascolarctobacterium,Phascolarctobacterium faecium,Phascolarctobacterium faecium_1,17
p23220-s364_SNT0006-PR-S-day7,p23220-s364_SNT0006-PR-S-day7_S363_metabat2_44,P29,W3,P29_W3,SNT,1,D07,5/21/23,PR,metabat2,5422643,323,25750,94,Bacteria,Bacillota,Clostridia,Lachnospirales,Lachnospiraceae,Blautia,Blautia coccoides,Blautia coccoides_1,145
p23220-s364_SNT0006-PR-S-day7,p23220-s364_SNT0006-PR-S-day7_S363_metabat2_8,P29,W3,P29_W3,SNT,1,D07,5/21/23,PR,metabat2,3795474,35,244382,94,Bacteria,Bacillota,Clostridia,Lachnospirales,Lachnospiraceae,Clostridium_AP,Clostridium_AP sp000509125,Clostridium_AP sp000509125_1,34
p23220-s364_SNT0006-PR-S-day7,p23220-s364_SNT0006-PR-S-day7_S363_concoct_57,P29,W3,P29_W3,SNT,1,D07,5/21/23,PR,concoct,2126882,681,4006,88,Bacteria,Actinomycetota,Actinomycetes,Actinomycetales,Actinomycetaceae,Pauljensenia,Pauljensenia sp000185285,Pauljensenia sp000185285_1,581
p23220-s364_SNT0006-PR-S-day7,p23220-s364_SNT0006-PR-S-day7_S363_metabat2_9,P29,W3,P29_W3,SNT,1,D07,5/21/23,PR,metabat2,3115452,320,15498,92,Bacteria,Bacillota,Clostridia,Christensenellales,Aristaeellaceae,Pullichristensenella,Pullichristensenella stercorigallinarum,Pullichristensenella stercorigallinarum_1,284
p23220-s364_SNT0006-PR-S-day7,p23220-s364_SNT0006-PR-S-day7_S363_concoct_1,P29,W3,P29_W3,SNT,1,D07,5/21/23,PR,concoct,2765070,841,3769,82,Bacteria,Bacteroidota,Bacteroidia,Bacteroidales,Marinifilaceae,Odoribacter,Odoribacter splanchnicus,Odoribacter splanchnicus_1,21
p23220-s364_SNT0006-PR-S-day7,p23220-s364_SNT0006-PR-S-day7_S363_metabat2_40,P29,W3,P29_W3,SNT,1,D07,5/21/23,PR,metabat2,2881390,645,5497,86,Bacteria,Bacillota,Clostridia,Oscillospirales,Acutalibacteraceae,Fimivicinus,Fimivicinus sp900544375,Fimivicinus sp900544375_1,29
p23220-s364_SNT0006-PR-S-day7,p23220-s364_SNT0006-PR-S-day7_S363_metabat2_31,P29,W3,P29_W3,SNT,1,D07,5/21/23,PR,metabat2,2400868,721,3660,88,Bacteria,Bacillota,Clostridia,Christensenellales,UBA1750,Spyradocola,Spyradocola sp905193155,Spyradocola sp905193155_1,395
p23220-s364_SNT0006-PR-S-day7,p23220-s364_SNT0006-PR-S-day7_S363_concoct_76,P29,W3,P29_W3,SNT,1,D07,5/21/23,PR,concoct,2761853,1016,3154,86,Bacteria,Actinomycetota,Coriobacteriia,Coriobacteriales,Eggerthellaceae,Eggerthella,Eggerthella lenta,Eggerthella lenta_1,3
p23220-s364_SNT0006-PR-S-day7,p23220-s364_SNT0006-PR-S-day7_S363_metabat2_4,P29,W3,P29_W3,SNT,1,D07,5/21/23,PR,metabat2,2030837,501,4784,84,Bacteria,Bacillota,Clostridia,Christensenellales,Aristaeellaceae,Limiplasma,Limiplasma pullicola,Limiplasma pullicola_1,434
p23220-s364_SNT0006-PR-S-day7,p23220-s364_SNT0006-PR-S-day7_S363_concoct_53,P29,W3,P29_W3,SNT,1,D07,5/21/23,PR,concoct,5432146,336,28451,69,Bacteria,Pseudomonadota,Gammaproteobacteria,Enterobacterales,Enterobacteriaceae,Escherichia,Escherichia coli,Escherichia coli_1,16
p23220-s364_SNT0006-PR-S-day7,p23220-s364_SNT0006-PR-S-day7_S363_concoct_78,P29,W3,P29_W3,SNT,1,D07,5/21/23,PR,concoct,3519128,818,4917,88,Bacteria,Bacteroidota,Bacteroidia,Bacteroidales,Rikenellaceae,Alistipes,Alistipes shahii,NA,NA
p23220-s365_SNT0007PR-S-day0,p23220-s365_SNT0007PR-S-day0_S364_metabat2_6,P30,W2,P30_W2,SNT,1,D00,5/14/23,PR,metabat2,3194057,26,171785,100,Bacteria,Bacteroidota,Bacteroidia,Bacteroidales,Rikenellaceae,Alistipes,Alistipes onderdonkii,Alistipes onderdonkii_1,14
p23220-s365_SNT0007PR-S-day0,p23220-s365_SNT0007PR-S-day0_S364_metabat2_10,P30,W2,P30_W2,SNT,1,D00,5/14/23,PR,metabat2,5065840,81,97509,100,Bacteria,Pseudomonadota,Gammaproteobacteria,Enterobacterales,Enterobacteriaceae,Citrobacter_A,Citrobacter_A farmeri,Citrobacter_A farmeri_1,600
p23220-s365_SNT0007PR-S-day0,p23220-s365_SNT0007PR-S-day0_S364_maxbin2_007,P30,W2,P30_W2,SNT,1,D00,5/14/23,PR,maxbin2,2441473,124,36898,100,Bacteria,Actinomycetota,Actinomycetes,Actinomycetales,Actinomycetaceae,Pauljensenia,Pauljensenia variabilis,Pauljensenia variabilis_1,580
p23220-s365_SNT0007PR-S-day0,p23220-s365_SNT0007PR-S-day0_S364_metabat2_7,P30,W2,P30_W2,SNT,1,D00,5/14/23,PR,metabat2,3131734,387,11204,100,Bacteria,Actinomycetota,Coriobacteriia,Coriobacteriales,Eggerthellaceae,Eggerthella,Eggerthella lenta,Eggerthella lenta_1,3
p23220-s365_SNT0007PR-S-day0,p23220-s365_SNT0007PR-S-day0_S364_concoct_48,P30,W2,P30_W2,SNT,1,D00,5/14/23,PR,concoct,2135005,83,76284,98,Bacteria,Bacillota,Negativicutes,Veillonellales,Veillonellaceae,Veillonella,Veillonella parvula_F,Veillonella parvula_F_3,465
p23220-s365_SNT0007PR-S-day0,p23220-s365_SNT0007PR-S-day0_S364_maxbin2_009,P30,W2,P30_W2,SNT,1,D00,5/14/23,PR,maxbin2,2274160,321,11742,98,Bacteria,Actinomycetota,Actinomycetes,Actinomycetales,Bifidobacteriaceae,Bifidobacterium,Bifidobacterium dentium,Bifidobacterium dentium_1,140
p23220-s365_SNT0007PR-S-day0,p23220-s365_SNT0007PR-S-day0_S364_metabat2_11,P30,W2,P30_W2,SNT,1,D00,5/14/23,PR,metabat2,5599946,92,98137,100,Bacteria,Bacillota,Clostridia,Lachnospirales,Lachnospiraceae,Blautia,Blautia coccoides,Blautia coccoides_1,145
p23220-s365_SNT0007PR-S-day0,p23220-s365_SNT0007PR-S-day0_S364_concoct_0,P30,W2,P30_W2,SNT,1,D00,5/14/23,PR,concoct,5617852,388,20939,94,Bacteria,Bacillota,Clostridia,Lachnospirales,Lachnospiraceae,Enterocloster,Enterocloster aldenensis,Enterocloster aldenensis_1,559
p23220-s365_SNT0007PR-S-day0,p23220-s365_SNT0007PR-S-day0_S364_concoct_4,P30,W2,P30_W2,SNT,1,D00,5/14/23,PR,concoct,724137,436,1659,59,Bacteria,Actinomycetota,Coriobacteriia,Coriobacteriales,Atopobiaceae,Lancefieldella,Lancefieldella parvula,Lancefieldella parvula_1,478
p23220-s365_SNT0007PR-S-day0,p23220-s365_SNT0007PR-S-day0_S364_metabat2_1,P30,W2,P30_W2,SNT,1,D00,5/14/23,PR,metabat2,810764,368,2136,53,Bacteria,Bacillota,Clostridia,Lachnospirales,Lachnospiraceae,Anaerostipes,Anaerostipes caccae,NA,NA
p23220-s365_SNT0007PR-S-day0,p23220-s365_SNT0007PR-S-day0_S364_maxbin2_017,P30,W2,P30_W2,SNT,1,D00,5/14/23,PR,maxbin2,3250197,1951,1636,82,Bacteria,Bacillota,Bacilli,Lactobacillales,Enterococcaceae,,Enterococcaceae sp.,NA,NA
p23220-s366_SNT0007PR-S-day7,p23220-s366_SNT0007PR-S-day7_S365_concoct_2,P30,W3,P30_W3,SNT,1,D07,5/21/23,PR,concoct,2186724,29,107702,100,Bacteria,Actinomycetota,Actinomycetes,Actinomycetales,Actinomycetaceae,Winkia,Winkia anitrata,Winkia anitrata_1,573
p23220-s366_SNT0007PR-S-day7,p23220-s366_SNT0007PR-S-day7_S365_concoct_49,P30,W3,P30_W3,SNT,1,D07,5/21/23,PR,concoct,4641506,106,76388,100,Bacteria,Pseudomonadota,Gammaproteobacteria,Enterobacterales,Enterobacteriaceae,Citrobacter_B,Citrobacter_B koseri,Citrobacter_B koseri_1,601
p23220-s366_SNT0007PR-S-day7,p23220-s366_SNT0007PR-S-day7_S365_concoct_10,P30,W3,P30_W3,SNT,1,D07,5/21/23,PR,concoct,3781744,93,69579,100,Bacteria,Pseudomonadota,Gammaproteobacteria,Enterobacterales,Enterobacteriaceae,Proteus,Proteus mirabilis,Proteus mirabilis_1,100
p23220-s366_SNT0007PR-S-day7,p23220-s366_SNT0007PR-S-day7_S365_concoct_48,P30,W3,P30_W3,SNT,1,D07,5/21/23,PR,concoct,3065109,174,30976,100,Bacteria,Bacillota,Bacilli,Lactobacillales,Enterococcaceae,Enterococcus,Enterococcus faecalis,Enterococcus faecalis_1,2
p23220-s366_SNT0007PR-S-day7,p23220-s366_SNT0007PR-S-day7_S365_metabat2_10,P30,W3,P30_W3,SNT,1,D07,5/21/23,PR,metabat2,2190407,98,29545,98,Bacteria,Bacteroidota,Bacteroidia,Bacteroidales,Porphyromonadaceae,Porphyromonas,Porphyromonas sp902489635,Porphyromonas sp902489635_3,569
p23220-s366_SNT0007PR-S-day7,p23220-s366_SNT0007PR-S-day7_S365_concoct_5,P30,W3,P30_W3,SNT,1,D07,5/21/23,PR,concoct,6798070,228,49717,100,Bacteria,Pseudomonadota,Gammaproteobacteria,Pseudomonadales,Pseudomonadaceae,Pseudomonas,Pseudomonas aeruginosa,Pseudomonas aeruginosa_1,66
p23220-s366_SNT0007PR-S-day7,p23220-s366_SNT0007PR-S-day7_S365_concoct_22,P30,W3,P30_W3,SNT,1,D07,5/21/23,PR,concoct,2539257,183,22269,98,Bacteria,Bacillota,Clostridia,Oscillospirales,Oscillospiraceae,Vescimonas,Vescimonas coprocola,Vescimonas coprocola_1,7
p23220-s366_SNT0007PR-S-day7,p23220-s366_SNT0007PR-S-day7_S365_concoct_3,P30,W3,P30_W3,SNT,1,D07,5/21/23,PR,concoct,1585643,446,4425,92,Bacteria,Bacillota,Negativicutes,Veillonellales,Veillonellaceae,Veillonella,Veillonella atypica,Veillonella atypica_1,468
p23220-s366_SNT0007PR-S-day7,p23220-s366_SNT0007PR-S-day7_S365_concoct_8,P30,W3,P30_W3,SNT,1,D07,5/21/23,PR,concoct,2496347,618,5590,94,Bacteria,Bacillota,Clostridia,Tissierellales,Peptoniphilaceae,Finegoldia,Finegoldia magna,NA,NA
p23220-s366_SNT0007PR-S-day7,p23220-s366_SNT0007PR-S-day7_S365_concoct_19,P30,W3,P30_W3,SNT,1,D07,5/21/23,PR,concoct,2023187,442,6150,96,Bacteria,Actinomycetota,Coriobacteriia,Coriobacteriales,Coriobacteriaceae,Collinsella,Collinsella sp902362275,Collinsella sp902362275_1,162
p23220-s366_SNT0007PR-S-day7,p23220-s366_SNT0007PR-S-day7_S365_concoct_6,P30,W3,P30_W3,SNT,1,D07,5/21/23,PR,concoct,3453503,1893,1852,90,Bacteria,Bacillota,Negativicutes,Veillonellales,Dialisteraceae,Dialister,Dialister invisus,NA,NA
p23220-s366_SNT0007PR-S-day7,p23220-s366_SNT0007PR-S-day7_S365_concoct_7,P30,W3,P30_W3,SNT,1,D07,5/21/23,PR,concoct,2120264,1273,1686,59,Bacteria,Bacteroidota,Bacteroidia,Bacteroidales,Rikenellaceae,Alistipes,Alistipes onderdonkii,Alistipes onderdonkii_3,491
p23220-s367_SNT0007PR-S-day14,p23220-s367_SNT0007PR-S-day14_S366_metabat2_8,P30,W4,P30_W4,SNT,1,D14,5/28/23,PR,metabat2,2225429,103,38005,100,Bacteria,Actinomycetota,Actinomycetes,Actinomycetales,Bifidobacteriaceae,Bifidobacterium,Bifidobacterium longum,Bifidobacterium longum_1,13
p23220-s367_SNT0007PR-S-day14,p23220-s367_SNT0007PR-S-day14_S366_metabat2_27,P30,W4,P30_W4,SNT,1,D14,5/28/23,PR,metabat2,1527778,227,9724,100,NA,NA,NA,NA,NA,NA,NA,NA_1,23
p23220-s367_SNT0007PR-S-day14,p23220-s367_SNT0007PR-S-day14_S366_concoct_7,P30,W4,P30_W4,SNT,1,D14,5/28/23,PR,concoct,1997493,102,34100,98,Bacteria,Actinomycetota,Coriobacteriia,Coriobacteriales,Eggerthellaceae,Anaerotardibacter,Anaerotardibacter sp000436075,Anaerotardibacter sp000436075_1,50
p23220-s367_SNT0007PR-S-day14,p23220-s367_SNT0007PR-S-day14_S366_concoct_50,P30,W4,P30_W4,SNT,1,D14,5/28/23,PR,concoct,3367752,265,18798,98,Bacteria,Actinomycetota,Coriobacteriia,Coriobacteriales,Eggerthellaceae,Eggerthella,Eggerthella lenta,Eggerthella lenta_1,3
p23220-s367_SNT0007PR-S-day14,p23220-s367_SNT0007PR-S-day14_S366_metabat2_25,P30,W4,P30_W4,SNT,1,D14,5/28/23,PR,metabat2,2331503,41,99500,98,Bacteria,Bacillota,Clostridia,Oscillospirales,Acutalibacteraceae,Hominenteromicrobium,Hominenteromicrobium mulieris,Hominenteromicrobium mulieris_1,18
p23220-s367_SNT0007PR-S-day14,p23220-s367_SNT0007PR-S-day14_S366_metabat2_26,P30,W4,P30_W4,SNT,1,D14,5/28/23,PR,metabat2,1967231,48,70108,98,Bacteria,Bacillota,Clostridia,Christensenellales,CAG-138,PeH17,PeH17 sp000435055,PeH17 sp000435055_1,26
p23220-s367_SNT0007PR-S-day14,p23220-s367_SNT0007PR-S-day14_S366_metabat2_38,P30,W4,P30_W4,SNT,1,D14,5/28/23,PR,metabat2,2661169,61,65661,98,Bacteria,Bacillota,Clostridia,Oscillospirales,Oscillospiraceae,Scatomorpha,Scatomorpha sp900545405,Scatomorpha sp900545405_1,106
p23220-s367_SNT0007PR-S-day14,p23220-s367_SNT0007PR-S-day14_S366_concoct_76,P30,W4,P30_W4,SNT,1,D14,5/28/23,PR,concoct,2164414,298,9971,98,Bacteria,Bacillota,Clostridia,Oscillospirales,Oscillospiraceae,Evtepia,Evtepia gabavorous,Evtepia gabavorous_1,19
p23220-s367_SNT0007PR-S-day14,p23220-s367_SNT0007PR-S-day14_S366_metabat2_44,P30,W4,P30_W4,SNT,1,D14,5/28/23,PR,metabat2,2718740,181,25663,100,Bacteria,Bacillota,Clostridia,Lachnospirales,Lachnospiraceae,Anaerostipes,Anaerostipes hadrus,Anaerostipes hadrus_1,15
p23220-s367_SNT0007PR-S-day14,p23220-s367_SNT0007PR-S-day14_S366_metabat2_3,P30,W4,P30_W4,SNT,1,D14,5/28/23,PR,metabat2,2346888,123,31553,96,Bacteria,Bacillota,Clostridia,Lachnospirales,Lachnospiraceae,Mediterraneibacter,Mediterraneibacter torques,Mediterraneibacter torques_1,5
p23220-s367_SNT0007PR-S-day14,p23220-s367_SNT0007PR-S-day14_S366_metabat2_50,P30,W4,P30_W4,SNT,1,D14,5/28/23,PR,metabat2,2783696,130,36080,94,Bacteria,Bacillota,Clostridia,Oscillospirales,Oscillospiraceae,CAG-170,CAG-170 sp000432135,CAG-170 sp000432135_1,55
p23220-s367_SNT0007PR-S-day14,p23220-s367_SNT0007PR-S-day14_S366_concoct_44,P30,W4,P30_W4,SNT,1,D14,5/28/23,PR,concoct,1898416,21,197122,96,Bacteria,Bacillota,Clostridia,Oscillospirales,Acutalibacteraceae,CAG-217,CAG-217 sp000436335,CAG-217 sp000436335_1,46
p23220-s367_SNT0007PR-S-day14,p23220-s367_SNT0007PR-S-day14_S366_concoct_89,P30,W4,P30_W4,SNT,1,D14,5/28/23,PR,concoct,2334217,37,194301,96,Bacteria,Bacillota,Clostridia,Oscillospirales,Acutalibacteraceae,Ruminococcoides,Ruminococcoides intestinale,Ruminococcoides intestinale_1,8
p23220-s367_SNT0007PR-S-day14,p23220-s367_SNT0007PR-S-day14_S366_metabat2_10,P30,W4,P30_W4,SNT,1,D14,5/28/23,PR,metabat2,4297112,213,30151,90,Bacteria,Bacteroidota,Bacteroidia,Bacteroidales,Tannerellaceae,Parabacteroides,Parabacteroides distasonis,Parabacteroides distasonis_1,1
p23220-s367_SNT0007PR-S-day14,p23220-s367_SNT0007PR-S-day14_S366_concoct_37,P30,W4,P30_W4,SNT,1,D14,5/28/23,PR,concoct,1616341,387,5129,94,Bacteria,Bacillota,Clostridia,Oscillospirales,Acutalibacteraceae,Pseudoruminococcus,Pseudoruminococcus massiliensis,Pseudoruminococcus massiliensis_1,86
p23220-s367_SNT0007PR-S-day14,p23220-s367_SNT0007PR-S-day14_S366_concoct_117,P30,W4,P30_W4,SNT,1,D14,5/28/23,PR,concoct,2444637,394,12600,100,Bacteria,Actinomycetota,Coriobacteriia,Coriobacteriales,Coriobacteriaceae,Collinsella,Collinsella sp902362275,Collinsella sp902362275_1,162
p23220-s367_SNT0007PR-S-day14,p23220-s367_SNT0007PR-S-day14_S366_concoct_25,P30,W4,P30_W4,SNT,1,D14,5/28/23,PR,concoct,2212885,538,5630,88,Bacteria,Bacillota,Clostridia,Oscillospirales,Butyricicoccaceae,Ventrousia,Ventrousia sp.,Ventrousia sp._1,409
p23220-s367_SNT0007PR-S-day14,p23220-s367_SNT0007PR-S-day14_S366_concoct_57,P30,W4,P30_W4,SNT,1,D14,5/28/23,PR,concoct,1894422,367,6941,86,Bacteria,Bacillota,Clostridia,Peptostreptococcales,Anaerovoracaceae,Fimisoma,Fimisoma sp000435715,Fimisoma sp000435715_1,36
p23220-s367_SNT0007PR-S-day14,p23220-s367_SNT0007PR-S-day14_S366_concoct_59,P30,W4,P30_W4,SNT,1,D14,5/28/23,PR,concoct,2088710,880,2633,86,Bacteria,Bacillota,Clostridia,Oscillospirales,Ruminococcaceae,Hominimerdicola,Hominimerdicola aceti,Hominimerdicola aceti_1,22
p23220-s367_SNT0007PR-S-day14,p23220-s367_SNT0007PR-S-day14_S366_metabat2_67,P30,W4,P30_W4,SNT,1,D14,5/28/23,PR,metabat2,2024635,74,47207,92,Bacteria,Bacillota,Clostridia,Oscillospirales,Oscillospiraceae,Vescimonas,Vescimonas coprocola,Vescimonas coprocola_1,7
p23220-s367_SNT0007PR-S-day14,p23220-s367_SNT0007PR-S-day14_S366_concoct_106,P30,W4,P30_W4,SNT,1,D14,5/28/23,PR,concoct,2121065,569,4591,82,Bacteria,Bacillota,Clostridia,Oscillospirales,Ruminococcaceae,Gemmiger,Gemmiger qucibialis,Gemmiger qucibialis_1,12
p23220-s367_SNT0007PR-S-day14,p23220-s367_SNT0007PR-S-day14_S366_metabat2_14,P30,W4,P30_W4,SNT,1,D14,5/28/23,PR,metabat2,2551067,362,10167,96,Bacteria,Bacteroidota,Bacteroidia,Bacteroidales,Rikenellaceae,Alistipes_A,Alistipes_A ihumii,Alistipes_A ihumii_1,194
p23220-s367_SNT0007PR-S-day14,p23220-s367_SNT0007PR-S-day14_S366_maxbin2_014,P30,W4,P30_W4,SNT,1,D14,5/28/23,PR,maxbin2,2336006,578,19440,88,Bacteria,Bacteroidota,Bacteroidia,Bacteroidales,Rikenellaceae,Alistipes,Alistipes sp.,NA,NA
p23220-s367_SNT0007PR-S-day14,p23220-s367_SNT0007PR-S-day14_S366_metabat2_59,P30,W4,P30_W4,SNT,1,D14,5/28/23,PR,metabat2,1176335,41,44879,73,Bacteria,Bacillota,Negativicutes,Veillonellales,Dialisteraceae,Dialister,Dialister invisus,NA,NA
p23220-s367_SNT0007PR-S-day14,p23220-s367_SNT0007PR-S-day14_S366_concoct_94,P30,W4,P30_W4,SNT,1,D14,5/28/23,PR,concoct,1502417,793,1998,76,Bacteria,Actinomycetota,Actinomycetes,Mycobacteriales,Mycobacteriaceae,Corynebacterium,Corynebacterium urealyticum,Corynebacterium urealyticum_1,585
p23220-s367_SNT0007PR-S-day14,p23220-s367_SNT0007PR-S-day14_S366_concoct_5,P30,W4,P30_W4,SNT,1,D14,5/28/23,PR,concoct,2058797,494,5514,69,Bacteria,Bacillota,Clostridia,Lachnospirales,Lachnospiraceae,Lachnospira,Lachnospira sp003451515,Lachnospira sp003451515_1,195
p23220-s367_SNT0007PR-S-day14,p23220-s367_SNT0007PR-S-day14_S366_metabat2_36,P30,W4,P30_W4,SNT,1,D14,5/28/23,PR,metabat2,2387615,388,8608,59,Bacteria,Bacillota,Clostridia,Lachnospirales,Lachnospiraceae,Gallintestinimicrobium,Gallintestinimicrobium propionicum,Gallintestinimicrobium propionicum_1,39
p23220-s367_SNT0007PR-S-day14,p23220-s367_SNT0007PR-S-day14_S366_concoct_102,P30,W4,P30_W4,SNT,1,D14,5/28/23,PR,concoct,7669688,2369,3422,69,Bacteria,Bacteroidota,Bacteroidia,Bacteroidales,Bacteroidaceae,Phocaeicola,Phocaeicola sp.,NA,NA
p23220-s367_SNT0007PR-S-day14,p23220-s367_SNT0007PR-S-day14_S366_metabat2_29,P30,W4,P30_W4,SNT,1,D14,5/28/23,PR,metabat2,3281721,381,12883,76,Bacteria,Bacillota,Clostridia,Lachnospirales,Lachnospiraceae,Blautia_A,Blautia_A wexlerae,Blautia_A wexlerae_1,51
p23220-s367_SNT0007PR-S-day14,p23220-s367_SNT0007PR-S-day14_S366_metabat2_63,P30,W4,P30_W4,SNT,1,D14,5/28/23,PR,metabat2,2119705,632,3665,78,Bacteria,Bacillota,Clostridia,Lachnospirales,Lachnospiraceae,Anthropogastromicrobium,Anthropogastromicrobium aceti,Anthropogastromicrobium aceti_1,35
p23220-s367_SNT0007PR-S-day14,p23220-s367_SNT0007PR-S-day14_S366_concoct_35,P30,W4,P30_W4,SNT,1,D14,5/28/23,PR,concoct,3502272,1404,2689,78,Bacteria,Bacillota,Clostridia,Oscillospirales,Ruminococcaceae,Faecalibacterium,Faecalibacterium sp.,NA,NA
p23220-s367_SNT0007PR-S-day14,p23220-s367_SNT0007PR-S-day14_S366_maxbin2_045,P30,W4,P30_W4,SNT,1,D14,5/28/23,PR,maxbin2,839013,140,7087,63,Bacteria,Bacteroidota,Bacteroidia,Bacteroidales,Tannerellaceae,Parabacteroides,Parabacteroides sp.,NA,NA
p23220-s367_SNT0007PR-S-day14,p23220-s367_SNT0007PR-S-day14_S366_metabat2_48,P30,W4,P30_W4,SNT,1,D14,5/28/23,PR,metabat2,2080279,451,5508,71,Bacteria,Bacillota,Clostridia,Christensenellales,Aristaeellaceae,Limiplasma,Limiplasma merdipullorum,NA,NA
p23220-s368_SNT0007PR-S-day21,p23220-s368_SNT0007PR-S-day21_S367_concoct_85,P30,W5,P30_W5,SNT,1,D21,6/4/23,PR,concoct,2139208,84,62240,100,Bacteria,Actinomycetota,Coriobacteriia,Coriobacteriales,Eggerthellaceae,Anaerotardibacter,Anaerotardibacter sp000436075,Anaerotardibacter sp000436075_1,50
p23220-s368_SNT0007PR-S-day21,p23220-s368_SNT0007PR-S-day21_S367_concoct_74,P30,W5,P30_W5,SNT,1,D21,6/4/23,PR,concoct,3590117,819,5253,98,Bacteria,Desulfobacterota_I,Desulfovibrionia,Desulfovibrionales,Desulfovibrionaceae,Bilophila,Bilophila wadsworthia,Bilophila wadsworthia_3,62
p23220-s368_SNT0007PR-S-day21,p23220-s368_SNT0007PR-S-day21_S367_metabat2_22,P30,W5,P30_W5,SNT,1,D21,6/4/23,PR,metabat2,2312610,107,35387,100,Bacteria,Bacillota,Clostridia,Lachnospirales,Lachnospiraceae,Mediterraneibacter,Mediterraneibacter torques,Mediterraneibacter torques_1,5
p23220-s368_SNT0007PR-S-day21,p23220-s368_SNT0007PR-S-day21_S367_concoct_93,P30,W5,P30_W5,SNT,1,D21,6/4/23,PR,concoct,2841050,79,77370,98,Bacteria,Bacillota,Clostridia,Oscillospirales,Oscillospiraceae,Scatomorpha,Scatomorpha sp900545405,Scatomorpha sp900545405_1,106
p23220-s368_SNT0007PR-S-day21,p23220-s368_SNT0007PR-S-day21_S367_metabat2_27,P30,W5,P30_W5,SNT,1,D21,6/4/23,PR,metabat2,1919207,74,46678,98,Bacteria,Bacillota,Clostridia,Christensenellales,CAG-138,PeH17,PeH17 sp000435055,PeH17 sp000435055_1,26
p23220-s368_SNT0007PR-S-day21,p23220-s368_SNT0007PR-S-day21_S367_metabat2_11,P30,W5,P30_W5,SNT,1,D21,6/4/23,PR,metabat2,1874188,262,11404,98,Bacteria,Actinomycetota,Coriobacteriia,Coriobacteriales,Coriobacteriaceae,Collinsella,Collinsella sp.,Collinsella sp._1,31
p23220-s368_SNT0007PR-S-day21,p23220-s368_SNT0007PR-S-day21_S367_metabat2_19,P30,W5,P30_W5,SNT,1,D21,6/4/23,PR,metabat2,2355631,69,56498,100,Bacteria,Bacillota,Clostridia,Lachnospirales,Lachnospiraceae,Roseburia_C,Roseburia_C amylophila,Roseburia_C amylophila_1,40
p23220-s368_SNT0007PR-S-day21,p23220-s368_SNT0007PR-S-day21_S367_metabat2_6,P30,W5,P30_W5,SNT,1,D21,6/4/23,PR,metabat2,2026904,116,27625,94,Bacteria,Bacteroidota,Bacteroidia,Bacteroidales,Rikenellaceae,Alistipes,Alistipes putredinis,Alistipes putredinis_1,4
p23220-s368_SNT0007PR-S-day21,p23220-s368_SNT0007PR-S-day21_S367_metabat2_48,P30,W5,P30_W5,SNT,1,D21,6/4/23,PR,metabat2,2151068,68,47871,94,Bacteria,Bacillota,Clostridia,Oscillospirales,Acutalibacteraceae,Hominenteromicrobium,Hominenteromicrobium mulieris,Hominenteromicrobium mulieris_1,18
p23220-s368_SNT0007PR-S-day21,p23220-s368_SNT0007PR-S-day21_S367_concoct_11,P30,W5,P30_W5,SNT,1,D21,6/4/23,PR,concoct,2559610,329,11005,94,Bacteria,Bacillota,Clostridia,Oscillospirales,Ruminococcaceae,Hominimerdicola,Hominimerdicola aceti,Hominimerdicola aceti_1,22
p23220-s368_SNT0007PR-S-day21,p23220-s368_SNT0007PR-S-day21_S367_metabat2_8,P30,W5,P30_W5,SNT,1,D21,6/4/23,PR,metabat2,2682159,249,16957,96,Bacteria,Bacillota,Clostridia,Lachnospirales,Lachnospiraceae,Gallintestinimicrobium,Gallintestinimicrobium propionicum,Gallintestinimicrobium propionicum_1,39
p23220-s368_SNT0007PR-S-day21,p23220-s368_SNT0007PR-S-day21_S367_concoct_51,P30,W5,P30_W5,SNT,1,D21,6/4/23,PR,concoct,1893206,415,5614,96,Bacteria,Bacillota,Clostridia,Oscillospirales,Acutalibacteraceae,Pseudoruminococcus,Pseudoruminococcus massiliensis,Pseudoruminococcus massiliensis_1,86
p23220-s368_SNT0007PR-S-day21,p23220-s368_SNT0007PR-S-day21_S367_metabat2_41,P30,W5,P30_W5,SNT,1,D21,6/4/23,PR,metabat2,2170865,132,23827,90,Bacteria,Bacillota,Clostridia,Oscillospirales,Ruminococcaceae,Ruminococcus_C,Ruminococcus_C sp000980705,Ruminococcus_C sp000980705_1,52
p23220-s368_SNT0007PR-S-day21,p23220-s368_SNT0007PR-S-day21_S367_metabat2_46,P30,W5,P30_W5,SNT,1,D21,6/4/23,PR,metabat2,2914312,365,11485,92,Bacteria,Bacillota,Clostridia,Oscillospirales,Oscillospiraceae,CAG-170,CAG-170 sp000432135,CAG-170 sp000432135_1,55
p23220-s368_SNT0007PR-S-day21,p23220-s368_SNT0007PR-S-day21_S367_concoct_13,P30,W5,P30_W5,SNT,1,D21,6/4/23,PR,concoct,2110184,607,4100,92,Bacteria,Bacillota,Clostridia,Christensenellales,CAG-138,Pelethousia,Pelethousia gallinarum,Pelethousia gallinarum_1,142
p23220-s368_SNT0007PR-S-day21,p23220-s368_SNT0007PR-S-day21_S367_metabat2_52,P30,W5,P30_W5,SNT,1,D21,6/4/23,PR,metabat2,2813000,70,98587,94,Bacteria,Bacillota,Clostridia,Lachnospirales,Lachnospiraceae,Agathobacter,Agathobacter faecis,Agathobacter faecis_1,80
p23220-s368_SNT0007PR-S-day21,p23220-s368_SNT0007PR-S-day21_S367_metabat2_30,P30,W5,P30_W5,SNT,1,D21,6/4/23,PR,metabat2,2233592,215,14913,96,Bacteria,Bacillota,Clostridia,Lachnospirales,Lachnospiraceae,Mediterraneibacter,Mediterraneibacter faecis,Mediterraneibacter faecis_1,320
p23220-s368_SNT0007PR-S-day21,p23220-s368_SNT0007PR-S-day21_S367_metabat2_53,P30,W5,P30_W5,SNT,1,D21,6/4/23,PR,metabat2,1909690,28,123530,92,Bacteria,Bacillota,Clostridia,Oscillospirales,Acutalibacteraceae,CAG-217,CAG-217 sp000436335,CAG-217 sp000436335_1,46
p23220-s368_SNT0007PR-S-day21,p23220-s368_SNT0007PR-S-day21_S367_metabat2_47,P30,W5,P30_W5,SNT,1,D21,6/4/23,PR,metabat2,5584061,546,13703,94,Bacteria,Bacillota,Clostridia,Lachnospirales,Lachnospiraceae,Eisenbergiella,Eisenbergiella tayi,Eisenbergiella tayi_1,79
p23220-s368_SNT0007PR-S-day21,p23220-s368_SNT0007PR-S-day21_S367_concoct_12,P30,W5,P30_W5,SNT,1,D21,6/4/23,PR,concoct,2306172,427,6963,94,Bacteria,Bacillota,Clostridia,Oscillospirales,Ruminococcaceae,Gemmiger,Gemmiger qucibialis,Gemmiger qucibialis_1,12
p23220-s368_SNT0007PR-S-day21,p23220-s368_SNT0007PR-S-day21_S367_concoct_72,P30,W5,P30_W5,SNT,1,D21,6/4/23,PR,concoct,1964277,66,43363,88,Bacteria,Bacillota,Clostridia,Oscillospirales,Oscillospiraceae,Vescimonas,Vescimonas coprocola,Vescimonas coprocola_1,7
p23220-s368_SNT0007PR-S-day21,p23220-s368_SNT0007PR-S-day21_S367_metabat2_63,P30,W5,P30_W5,SNT,1,D21,6/4/23,PR,metabat2,2911930,684,4910,88,Bacteria,Actinomycetota,Coriobacteriia,Coriobacteriales,Eggerthellaceae,Eggerthella,Eggerthella lenta,Eggerthella lenta_1,3
p23220-s368_SNT0007PR-S-day21,p23220-s368_SNT0007PR-S-day21_S367_concoct_26,P30,W5,P30_W5,SNT,1,D21,6/4/23,PR,concoct,3106560,247,18017,94,Unclassified Bacteria,NA,NA,NA,NA,NA,Unclassified Bacteria sp.,NA,NA
p23220-s368_SNT0007PR-S-day21,p23220-s368_SNT0007PR-S-day21_S367_metabat2_57,P30,W5,P30_W5,SNT,1,D21,6/4/23,PR,metabat2,1803332,265,10116,88,Bacteria,Bacillota,Clostridia,Oscillospirales,Acutalibacteraceae,Ruminococcoides,Ruminococcoides intestinale,Ruminococcoides intestinale_1,8
p23220-s368_SNT0007PR-S-day21,p23220-s368_SNT0007PR-S-day21_S367_concoct_5,P30,W5,P30_W5,SNT,1,D21,6/4/23,PR,concoct,1294899,525,2880,82,NA,NA,NA,NA,NA,NA,NA,NA_1,23
p23220-s368_SNT0007PR-S-day21,p23220-s368_SNT0007PR-S-day21_S367_metabat2_15,P30,W5,P30_W5,SNT,1,D21,6/4/23,PR,metabat2,1367945,421,3615,75,Bacteria,Actinomycetota,Actinomycetes,Actinomycetales,Bifidobacteriaceae,Bifidobacterium,Bifidobacterium longum,Bifidobacterium longum_1,13
p23220-s368_SNT0007PR-S-day21,p23220-s368_SNT0007PR-S-day21_S367_concoct_55,P30,W5,P30_W5,SNT,1,D21,6/4/23,PR,concoct,4229942,334,26049,78,Bacteria,Bacteroidota,Bacteroidia,Bacteroidales,Rikenellaceae,Alistipes,Alistipes putredinis,NA,NA
p23220-s368_SNT0007PR-S-day21,p23220-s368_SNT0007PR-S-day21_S367_concoct_43,P30,W5,P30_W5,SNT,1,D21,6/4/23,PR,concoct,2808515,492,7201,78,Bacteria,Bacillota,Clostridia,Oscillospirales,Ruminococcaceae,Ruthenibacterium,Ruthenibacterium lactatiformans,Ruthenibacterium lactatiformans_1,11
p23220-s368_SNT0007PR-S-day21,p23220-s368_SNT0007PR-S-day21_S367_metabat2_13,P30,W5,P30_W5,SNT,1,D21,6/4/23,PR,metabat2,3986015,269,23409,71,Bacteria,Bacteroidota,Bacteroidia,Bacteroidales,Bacteroidaceae,Phocaeicola,Phocaeicola vulgatus,Phocaeicola vulgatus_1,44
p23220-s368_SNT0007PR-S-day21,p23220-s368_SNT0007PR-S-day21_S367_concoct_30,P30,W5,P30_W5,SNT,1,D21,6/4/23,PR,concoct,1977946,281,9043,69,Bacteria,Bacillota,Clostridia,Peptostreptococcales,Anaerovoracaceae,Fimisoma,Fimisoma sp000435715,Fimisoma sp000435715_1,36
p23220-s368_SNT0007PR-S-day21,p23220-s368_SNT0007PR-S-day21_S367_concoct_86,P30,W5,P30_W5,SNT,1,D21,6/4/23,PR,concoct,2533946,557,5429,75,Bacteria,Bacillota,Clostridia,Christensenellales,Aristaeellaceae,Limiplasma,Limiplasma merdipullorum,Limiplasma merdipullorum_1,138
p23220-s368_SNT0007PR-S-day21,p23220-s368_SNT0007PR-S-day21_S367_concoct_59,P30,W5,P30_W5,SNT,1,D21,6/4/23,PR,concoct,4206524,561,11025,63,Bacteria,Bacteroidota,Bacteroidia,Bacteroidales,Tannerellaceae,Parabacteroides,Parabacteroides distasonis,Parabacteroides distasonis_1,1
p23220-s368_SNT0007PR-S-day21,p23220-s368_SNT0007PR-S-day21_S367_concoct_65,P30,W5,P30_W5,SNT,1,D21,6/4/23,PR,concoct,1981858,688,3266,63,Bacteria,Bacteroidota,Bacteroidia,Bacteroidales,Rikenellaceae,Alistipes_A,Alistipes_A ihumii,Alistipes_A ihumii_1,194
p23220-s368_SNT0007PR-S-day21,p23220-s368_SNT0007PR-S-day21_S367_concoct_53,P30,W5,P30_W5,SNT,1,D21,6/4/23,PR,concoct,1351000,724,1969,71,Bacteria,Bacillota,Clostridia,Lachnospirales,Lachnospiraceae,Lachnospira,Lachnospira sp003451515,Lachnospira sp003451515_2,525
p23220-s368_SNT0007PR-S-day21,p23220-s368_SNT0007PR-S-day21_S367_concoct_35,P30,W5,P30_W5,SNT,1,D21,6/4/23,PR,concoct,2973905,785,4337,92,Unclassified Bacteria,NA,NA,NA,NA,NA,Unclassified Bacteria sp.,NA,NA
p23220-s368_SNT0007PR-S-day21,p23220-s368_SNT0007PR-S-day21_S367_metabat2_45,P30,W5,P30_W5,SNT,1,D21,6/4/23,PR,metabat2,3820875,237,27450,53,Bacteria,Bacteroidota,Bacteroidia,Bacteroidales,Bacteroidaceae,Bacteroides,Bacteroides uniformis,Bacteroides uniformis_1,37
p23220-s368_SNT0007PR-S-day21,p23220-s368_SNT0007PR-S-day21_S367_metabat2_49,P30,W5,P30_W5,SNT,1,D21,6/4/23,PR,metabat2,3679504,1233,3063,59,Bacteria,Bacillota,Clostridia,Lachnospirales,Lachnospiraceae,Anthropogastromicrobium,Anthropogastromicrobium sp.,Anthropogastromicrobium sp._1,35
p23220-s368_SNT0007PR-S-day21,p23220-s368_SNT0007PR-S-day21_S367_concoct_25,P30,W5,P30_W5,SNT,1,D21,6/4/23,PR,concoct,2612690,782,3931,51,Bacteria,Bacteroidota,Bacteroidia,Bacteroidales,Barnesiellaceae,Barnesiella,Barnesiella intestinihominis,Barnesiella intestinihominis_1,9
p23220-s369_SNT0007PR-S-day28,p23220-s369_SNT0007PR-S-day28_S368_metabat2_47,P30,W6,P30_W6,SNT,1,D28,6/12/23,PR,metabat2,2173799,181,18474,100,Bacteria,Actinomycetota,Actinomycetes,Actinomycetales,Bifidobacteriaceae,Bifidobacterium,Bifidobacterium longum,Bifidobacterium longum_1,13
p23220-s369_SNT0007PR-S-day28,p23220-s369_SNT0007PR-S-day28_S368_metabat2_7,P30,W6,P30_W6,SNT,1,D28,6/12/23,PR,metabat2,2088398,59,53773,100,Bacteria,Actinomycetota,Coriobacteriia,Coriobacteriales,Coriobacteriaceae,Collinsella,Collinsella sp.,Collinsella sp._1,31
p23220-s369_SNT0007PR-S-day28,p23220-s369_SNT0007PR-S-day28_S368_metabat2_9,P30,W6,P30_W6,SNT,1,D28,6/12/23,PR,metabat2,1966615,39,78048,98,Bacteria,Bacillota,Clostridia,Christensenellales,CAG-138,PeH17,PeH17 sp000435055,PeH17 sp000435055_1,26
p23220-s369_SNT0007PR-S-day28,p23220-s369_SNT0007PR-S-day28_S368_metabat2_3,P30,W6,P30_W6,SNT,1,D28,6/12/23,PR,metabat2,2599924,127,49476,98,Bacteria,Bacillota,Clostridia,Oscillospirales,Oscillospiraceae,Scatomorpha,Scatomorpha sp.,Scatomorpha sp._1,106
p23220-s369_SNT0007PR-S-day28,p23220-s369_SNT0007PR-S-day28_S368_metabat2_54,P30,W6,P30_W6,SNT,1,D28,6/12/23,PR,metabat2,2339493,103,31986,98,Bacteria,Bacillota,Clostridia,Lachnospirales,Lachnospiraceae,Mediterraneibacter,Mediterraneibacter torques,Mediterraneibacter torques_1,5
p23220-s369_SNT0007PR-S-day28,p23220-s369_SNT0007PR-S-day28_S368_concoct_8,P30,W6,P30_W6,SNT,1,D28,6/12/23,PR,concoct,2432997,186,19980,96,Bacteria,Bacillota,Clostridia,Oscillospirales,Ruminococcaceae,Fournierella,Fournierella excrementavium,Fournierella excrementavium_1,139
p23220-s369_SNT0007PR-S-day28,p23220-s369_SNT0007PR-S-day28_S368_concoct_67,P30,W6,P30_W6,SNT,1,D28,6/12/23,PR,concoct,2529558,384,9083,96,Bacteria,Bacillota,Clostridia,Oscillospirales,Ruminococcaceae,Gemmiger,Gemmiger qucibialis,Gemmiger qucibialis_1,12
p23220-s369_SNT0007PR-S-day28,p23220-s369_SNT0007PR-S-day28_S368_concoct_27,P30,W6,P30_W6,SNT,1,D28,6/12/23,PR,concoct,3445256,236,26172,98,Bacteria,Bacillota,Clostridia,Christensenellales,Aristaeellaceae,Limiplasma,Limiplasma merdipullorum,Limiplasma merdipullorum_1,138
p23220-s369_SNT0007PR-S-day28,p23220-s369_SNT0007PR-S-day28_S368_metabat2_32,P30,W6,P30_W6,SNT,1,D28,6/12/23,PR,metabat2,2109977,306,9554,98,Bacteria,Bacillota,Clostridia,Oscillospirales,Acutalibacteraceae,Pseudoruminococcus,Pseudoruminococcus massiliensis,Pseudoruminococcus massiliensis_1,86
p23220-s369_SNT0007PR-S-day28,p23220-s369_SNT0007PR-S-day28_S368_metabat2_56,P30,W6,P30_W6,SNT,1,D28,6/12/23,PR,metabat2,2904226,123,42749,100,Bacteria,Bacillota,Clostridia,Lachnospirales,Lachnospiraceae,Roseburia_C,Roseburia_C amylophila,Roseburia_C amylophila_1,40
p23220-s369_SNT0007PR-S-day28,p23220-s369_SNT0007PR-S-day28_S368_concoct_48,P30,W6,P30_W6,SNT,1,D28,6/12/23,PR,concoct,4484320,191,34782,92,Bacteria,Bacteroidota,Bacteroidia,Bacteroidales,Tannerellaceae,Parabacteroides,Parabacteroides distasonis,Parabacteroides distasonis_1,1
p23220-s369_SNT0007PR-S-day28,p23220-s369_SNT0007PR-S-day28_S368_concoct_19,P30,W6,P30_W6,SNT,1,D28,6/12/23,PR,concoct,1861462,58,50748,94,Bacteria,Bacillota,Clostridia,Oscillospirales,Oscillospiraceae,Vescimonas,Vescimonas coprocola,Vescimonas coprocola_1,7
p23220-s369_SNT0007PR-S-day28,p23220-s369_SNT0007PR-S-day28_S368_concoct_98,P30,W6,P30_W6,SNT,1,D28,6/12/23,PR,concoct,2122430,356,8344,94,Bacteria,Bacillota,Clostridia,Oscillospirales,Acutalibacteraceae,Hominenteromicrobium,Hominenteromicrobium mulieris,Hominenteromicrobium mulieris_1,18
p23220-s369_SNT0007PR-S-day28,p23220-s369_SNT0007PR-S-day28_S368_concoct_65,P30,W6,P30_W6,SNT,1,D28,6/12/23,PR,concoct,1944324,17,210976,96,Bacteria,Bacillota,Clostridia,Oscillospirales,Acutalibacteraceae,CAG-217,CAG-217 sp000436335,CAG-217 sp000436335_1,46
p23220-s369_SNT0007PR-S-day28,p23220-s369_SNT0007PR-S-day28_S368_metabat2_39,P30,W6,P30_W6,SNT,1,D28,6/12/23,PR,metabat2,1897570,54,53963,96,Bacteria,Bacillota,Clostridia,Oscillospirales,Acutalibacteraceae,Ruminococcoides,Ruminococcoides intestinale,Ruminococcoides intestinale_1,8
p23220-s369_SNT0007PR-S-day28,p23220-s369_SNT0007PR-S-day28_S368_concoct_12,P30,W6,P30_W6,SNT,1,D28,6/12/23,PR,concoct,1976980,671,3469,90,Bacteria,Bacillota,Clostridia,Christensenellales,CAG-138,Pelethousia,Pelethousia gallinarum,Pelethousia gallinarum_1,142
p23220-s369_SNT0007PR-S-day28,p23220-s369_SNT0007PR-S-day28_S368_metabat2_45,P30,W6,P30_W6,SNT,1,D28,6/12/23,PR,metabat2,2922192,81,70316,88,Bacteria,Bacteroidota,Bacteroidia,Bacteroidales,Rikenellaceae,Alistipes,Alistipes onderdonkii,Alistipes onderdonkii_1,14
p23220-s369_SNT0007PR-S-day28,p23220-s369_SNT0007PR-S-day28_S368_concoct_0,P30,W6,P30_W6,SNT,1,D28,6/12/23,PR,concoct,1475061,506,3582,87,NA,NA,NA,NA,NA,NA,NA,NA_1,23
p23220-s369_SNT0007PR-S-day28,p23220-s369_SNT0007PR-S-day28_S368_metabat2_17,P30,W6,P30_W6,SNT,1,D28,6/12/23,PR,metabat2,2935560,308,14803,80,Bacteria,Bacillota,Clostridia,Lachnospirales,Lachnospiraceae,Blautia_A,Blautia_A wexlerae,Blautia_A wexlerae_1,51
p23220-s369_SNT0007PR-S-day28,p23220-s369_SNT0007PR-S-day28_S368_metabat2_13,P30,W6,P30_W6,SNT,1,D28,6/12/23,PR,metabat2,2306001,386,7915,67,Bacteria,Bacillota,Clostridia,Oscillospirales,Oscillospiraceae,CAG-170,CAG-170 sp000432135,CAG-170 sp000432135_1,55
p23220-s369_SNT0007PR-S-day28,p23220-s369_SNT0007PR-S-day28_S368_concoct_84,P30,W6,P30_W6,SNT,1,D28,6/12/23,PR,concoct,3849277,151,40495,78,Bacteria,Bacteroidota,Bacteroidia,Bacteroidales,Bacteroidaceae,Bacteroides,Bacteroides uniformis,Bacteroides uniformis_1,37
p23220-s369_SNT0007PR-S-day28,p23220-s369_SNT0007PR-S-day28_S368_concoct_62,P30,W6,P30_W6,SNT,1,D28,6/12/23,PR,concoct,1647991,512,3822,84,Bacteria,Bacillota,Clostridia,Peptostreptococcales,Anaerovoracaceae,Fimisoma,Fimisoma sp000435715,Fimisoma sp000435715_1,36
p23220-s369_SNT0007PR-S-day28,p23220-s369_SNT0007PR-S-day28_S368_concoct_3,P30,W6,P30_W6,SNT,1,D28,6/12/23,PR,concoct,1277684,647,2091,76,Bacteria,Actinomycetota,Coriobacteriia,Coriobacteriales,Eggerthellaceae,Anaerotardibacter,Anaerotardibacter sp000436075,Anaerotardibacter sp000436075_1,50
p23220-s369_SNT0007PR-S-day28,p23220-s369_SNT0007PR-S-day28_S368_metabat2_18,P30,W6,P30_W6,SNT,1,D28,6/12/23,PR,metabat2,780139,84,12184,63,Bacteria,Bacillota,Negativicutes,Veillonellales,Dialisteraceae,Dialister,Dialister invisus,NA,NA
p23220-s369_SNT0007PR-S-day28,p23220-s369_SNT0007PR-S-day28_S368_concoct_41,P30,W6,P30_W6,SNT,1,D28,6/12/23,PR,concoct,1733198,592,3259,71,Bacteria,Bacillota,Clostridia,Oscillospirales,Oscillospiraceae,Evtepia,Evtepia gabavorous,Evtepia gabavorous_1,19
p23220-s369_SNT0007PR-S-day28,p23220-s369_SNT0007PR-S-day28_S368_concoct_57,P30,W6,P30_W6,SNT,1,D28,6/12/23,PR,concoct,2274817,357,8698,63,Bacteria,Bacillota,Clostridia,Lachnospirales,Lachnospiraceae,Gallintestinimicrobium,Gallintestinimicrobium propionicum,Gallintestinimicrobium propionicum_1,39
p23220-s369_SNT0007PR-S-day28,p23220-s369_SNT0007PR-S-day28_S368_metabat2_21,P30,W6,P30_W6,SNT,1,D28,6/12/23,PR,metabat2,2500285,744,3638,65,Bacteria,Actinomycetota,Coriobacteriia,Coriobacteriales,Eggerthellaceae,Eggerthella,Eggerthella lenta,Eggerthella lenta_1,3
p23220-s369_SNT0007PR-S-day28,p23220-s369_SNT0007PR-S-day28_S368_maxbin2_019,P30,W6,P30_W6,SNT,1,D28,6/12/23,PR,maxbin2,939646,50,18871,61,Bacteria,Bacillota,Clostridia,Lachnospirales,Lachnospiraceae,,Lachnospiraceae sp.,NA,NA
p23220-s369_SNT0007PR-S-day28,p23220-s369_SNT0007PR-S-day28_S368_metabat2_29,P30,W6,P30_W6,SNT,1,D28,6/12/23,PR,metabat2,1009784,445,2237,51,Bacteria,Desulfobacterota_I,Desulfovibrionia,Desulfovibrionales,Desulfovibrionaceae,Bilophila,Bilophila wadsworthia,NA,NA
p23220-s370_SNT0008PR-S-day0,p23220-s370_SNT0008PR-S-day0_S369_concoct_25,P31,W2,P31_W2,SNT,1,D00,5/14/23,PR,concoct,3582584,51,207784,100,Bacteria,Bacteroidota,Bacteroidia,Bacteroidales,Rikenellaceae,Alistipes,Alistipes onderdonkii,Alistipes onderdonkii_1,14
p23220-s370_SNT0008PR-S-day0,p23220-s370_SNT0008PR-S-day0_S369_concoct_8,P31,W2,P31_W2,SNT,1,D00,5/14/23,PR,concoct,2323124,54,72861,100,Bacteria,Actinomycetota,Actinomycetes,Actinomycetales,Bifidobacteriaceae,Bifidobacterium,Bifidobacterium longum,Bifidobacterium longum_2,297
p23220-s370_SNT0008PR-S-day0,p23220-s370_SNT0008PR-S-day0_S369_concoct_75,P31,W2,P31_W2,SNT,1,D00,5/14/23,PR,concoct,4337866,227,27805,100,Bacteria,Bacillota,Clostridia,Eubacteriales,Eubacteriaceae,Eubacterium,Eubacterium callanderi,Eubacterium callanderi_1,53
p23220-s370_SNT0008PR-S-day0,p23220-s370_SNT0008PR-S-day0_S369_concoct_96,P31,W2,P31_W2,SNT,1,D00,5/14/23,PR,concoct,1785462,269,9239,100,NA,NA,NA,NA,NA,NA,NA,NA_2,151
p23220-s370_SNT0008PR-S-day0,p23220-s370_SNT0008PR-S-day0_S369_metabat2_41,P31,W2,P31_W2,SNT,1,D00,5/14/23,PR,metabat2,2990414,289,16841,98,Bacteria,Actinomycetota,Coriobacteriia,Coriobacteriales,Eggerthellaceae,Eggerthella,Eggerthella lenta,Eggerthella lenta_1,3
p23220-s370_SNT0008PR-S-day0,p23220-s370_SNT0008PR-S-day0_S369_metabat2_12,P31,W2,P31_W2,SNT,1,D00,5/14/23,PR,metabat2,2309937,44,79104,96,Bacteria,Bacillota,Clostridia,Oscillospirales,Oscillospiraceae,Scatomorpha,Scatomorpha merdavium,Scatomorpha merdavium_1,159
p23220-s370_SNT0008PR-S-day0,p23220-s370_SNT0008PR-S-day0_S369_concoct_92,P31,W2,P31_W2,SNT,1,D00,5/14/23,PR,concoct,2812718,51,91645,94,Bacteria,Verrucomicrobiota,Verrucomicrobiia,Verrucomicrobiales,Akkermansiaceae,Akkermansia,Akkermansia muciniphila,Akkermansia muciniphila_1,6
p23220-s370_SNT0008PR-S-day0,p23220-s370_SNT0008PR-S-day0_S369_concoct_38,P31,W2,P31_W2,SNT,1,D00,5/14/23,PR,concoct,2463185,380,9190,94,Bacteria,Bacteroidota,Bacteroidia,Bacteroidales,Bacteroidaceae,Prevotella,Prevotella sp003447235,Prevotella sp003447235_1,291
p23220-s370_SNT0008PR-S-day0,p23220-s370_SNT0008PR-S-day0_S369_concoct_27,P31,W2,P31_W2,SNT,1,D00,5/14/23,PR,concoct,1743373,91,33573,96,Bacteria,Bacillota,Bacilli,Lactobacillales,Lactobacillaceae,Limosilactobacillus,Limosilactobacillus fermentum,Limosilactobacillus fermentum_1,211
p23220-s370_SNT0008PR-S-day0,p23220-s370_SNT0008PR-S-day0_S369_metabat2_36,P31,W2,P31_W2,SNT,1,D00,5/14/23,PR,metabat2,2623939,72,59638,98,Bacteria,Bacillota,Clostridia,Lachnospirales,Lachnospiraceae,Mediterraneibacter,Mediterraneibacter sp900120155,Mediterraneibacter sp900120155_1,540
p23220-s370_SNT0008PR-S-day0,p23220-s370_SNT0008PR-S-day0_S369_metabat2_44,P31,W2,P31_W2,SNT,1,D00,5/14/23,PR,metabat2,2858833,88,55797,98,Bacteria,Bacillota,Bacilli,Lactobacillales,Lactobacillaceae,Lacticaseibacillus,Lacticaseibacillus paracasei,Lacticaseibacillus paracasei_1,152
p23220-s370_SNT0008PR-S-day0,p23220-s370_SNT0008PR-S-day0_S369_concoct_55,P31,W2,P31_W2,SNT,1,D00,5/14/23,PR,concoct,1849694,294,8536,92,Bacteria,Bacteroidota,Bacteroidia,Bacteroidales,Bacteroidaceae,Prevotella,Prevotella bivia,Prevotella bivia_1,180
p23220-s370_SNT0008PR-S-day0,p23220-s370_SNT0008PR-S-day0_S369_metabat2_33,P31,W2,P31_W2,SNT,1,D00,5/14/23,PR,metabat2,2082702,40,88666,94,Bacteria,Bacillota,Clostridia,Oscillospirales,Oscillospiraceae,Vescimonas,Vescimonas sp000435975,Vescimonas sp000435975_1,93
p23220-s370_SNT0008PR-S-day0,p23220-s370_SNT0008PR-S-day0_S369_metabat2_32,P31,W2,P31_W2,SNT,1,D00,5/14/23,PR,metabat2,3475548,336,19091,94,Bacteria,Bacillota,Bacilli,Lactobacillales,Enterococcaceae,Enterococcus,Enterococcus faecalis,Enterococcus faecalis_1,2
p23220-s370_SNT0008PR-S-day0,p23220-s370_SNT0008PR-S-day0_S369_concoct_16,P31,W2,P31_W2,SNT,1,D00,5/14/23,PR,concoct,4242019,157,42003,98,Unclassified Bacteria,NA,NA,NA,NA,NA,Unclassified Bacteria sp.,NA,NA
p23220-s370_SNT0008PR-S-day0,p23220-s370_SNT0008PR-S-day0_S369_concoct_33,P31,W2,P31_W2,SNT,1,D00,5/14/23,PR,concoct,2601596,179,19601,92,Bacteria,Bacillota,Clostridia,Oscillospirales,Ruminococcaceae,Ruthenibacterium,Ruthenibacterium sp018380115,Ruthenibacterium sp018380115_1,118
p23220-s370_SNT0008PR-S-day0,p23220-s370_SNT0008PR-S-day0_S369_metabat2_35,P31,W2,P31_W2,SNT,1,D00,5/14/23,PR,metabat2,3021586,64,80945,98,Bacteria,Bacillota,Clostridia,Oscillospirales,Acutalibacteraceae,Fimivicinus,Fimivicinus sp900544715,Fimivicinus sp900544715_1,116
p23220-s370_SNT0008PR-S-day0,p23220-s370_SNT0008PR-S-day0_S369_concoct_72,P31,W2,P31_W2,SNT,1,D00,5/14/23,PR,concoct,5188045,711,9413,86,Bacteria,Bacillota,Clostridia,Lachnospirales,Lachnospiraceae,Blautia,Blautia hominis,Blautia hominis_1,313
p23220-s370_SNT0008PR-S-day0,p23220-s370_SNT0008PR-S-day0_S369_metabat2_24,P31,W2,P31_W2,SNT,1,D00,5/14/23,PR,metabat2,3580844,178,32177,86,Bacteria,Bacillota,Clostridia,Lachnospirales,Lachnospiraceae,Clostridium_AP,Clostridium_AP sp000509125,Clostridium_AP sp000509125_1,34
p23220-s370_SNT0008PR-S-day0,p23220-s370_SNT0008PR-S-day0_S369_metabat2_28,P31,W2,P31_W2,SNT,1,D00,5/14/23,PR,metabat2,2714754,609,5181,84,Bacteria,Bacillota,Clostridia,Oscillospirales,Ruminococcaceae,Ruthenibacterium,Ruthenibacterium lactatiformans,Ruthenibacterium lactatiformans_1,11
p23220-s370_SNT0008PR-S-day0,p23220-s370_SNT0008PR-S-day0_S369_concoct_84,P31,W2,P31_W2,SNT,1,D00,5/14/23,PR,concoct,1149328,564,2153,76,Bacteria,Bacillota,Clostridia,Oscillospirales,Acutalibacteraceae,UMGS1071,UMGS1071 sp900542375,UMGS1071 sp900542375_1,91
p23220-s370_SNT0008PR-S-day0,p23220-s370_SNT0008PR-S-day0_S369_concoct_21,P31,W2,P31_W2,SNT,1,D00,5/14/23,PR,concoct,4559385,743,7544,100,Bacteria,Bacillota,Negativicutes,Veillonellales,Dialisteraceae,Dialister,Dialister sp900541485,NA,NA
p23220-s370_SNT0008PR-S-day0,p23220-s370_SNT0008PR-S-day0_S369_concoct_40,P31,W2,P31_W2,SNT,1,D00,5/14/23,PR,concoct,7796131,578,30884,94,Unclassified Bacteria,NA,NA,NA,NA,NA,Unclassified Bacteria sp.,NA,NA
p23220-s370_SNT0008PR-S-day0,p23220-s370_SNT0008PR-S-day0_S369_concoct_57,P31,W2,P31_W2,SNT,1,D00,5/14/23,PR,concoct,2521021,626,4705,67,Bacteria,Bacillota,Clostridia,Peptostreptococcales,Anaerovoracaceae,Hominibacterium,Hominibacterium hominis,Hominibacterium hominis_1,242
p23220-s370_SNT0008PR-S-day0,p23220-s370_SNT0008PR-S-day0_S369_concoct_35,P31,W2,P31_W2,SNT,1,D00,5/14/23,PR,concoct,4687519,170,39776,63,Bacteria,Bacteroidota,Bacteroidia,Bacteroidales,Tannerellaceae,Parabacteroides,Parabacteroides distasonis,Parabacteroides distasonis_1,1
p23220-s370_SNT0008PR-S-day0,p23220-s370_SNT0008PR-S-day0_S369_metabat2_11,P31,W2,P31_W2,SNT,1,D00,5/14/23,PR,metabat2,3408469,244,22698,61,Bacteria,Bacillota,Clostridia,Lachnospirales,Lachnospiraceae,Extibacter,Extibacter hylemonae,Extibacter hylemonae_1,125
p23220-s370_SNT0008PR-S-day0,p23220-s370_SNT0008PR-S-day0_S369_concoct_6,P31,W2,P31_W2,SNT,1,D00,5/14/23,PR,concoct,897442,492,1858,53,Bacteria,Actinomycetota,Actinomycetes,Actinomycetales,Bifidobacteriaceae,Alloscardovia,Alloscardovia omnicolens,Alloscardovia omnicolens_1,304
p23220-s371_SNT0008PR-S-day7,p23220-s371_SNT0008PR-S-day7_S370_concoct_77,P31,W3,P31_W3,SNT,1,D07,5/21/23,PR,concoct,4706337,112,64268,100,Bacteria,Bacteroidota,Bacteroidia,Bacteroidales,Tannerellaceae,Parabacteroides,Parabacteroides distasonis,Parabacteroides distasonis_1,1
p23220-s371_SNT0008PR-S-day7,p23220-s371_SNT0008PR-S-day7_S370_metabat2_26,P31,W3,P31_W3,SNT,1,D07,5/21/23,PR,metabat2,1905180,60,49405,100,Bacteria,Bacteroidota,Bacteroidia,Bacteroidales,Porphyromonadaceae,Porphyromonas_A,Porphyromonas_A bennonis,Porphyromonas_A bennonis_2,583
p23220-s371_SNT0008PR-S-day7,p23220-s371_SNT0008PR-S-day7_S370_concoct_84,P31,W3,P31_W3,SNT,1,D07,5/21/23,PR,concoct,4304105,152,47227,100,Bacteria,Bacillota,Clostridia,Eubacteriales,Eubacteriaceae,Eubacterium,Eubacterium callanderi,Eubacterium callanderi_1,53
p23220-s371_SNT0008PR-S-day7,p23220-s371_SNT0008PR-S-day7_S370_concoct_81,P31,W3,P31_W3,SNT,1,D07,5/21/23,PR,concoct,1940269,178,18057,100,NA,NA,NA,NA,NA,NA,NA,NA_2,151
p23220-s371_SNT0008PR-S-day7,p23220-s371_SNT0008PR-S-day7_S370_metabat2_13,P31,W3,P31_W3,SNT,1,D07,5/21/23,PR,metabat2,2411291,278,12395,98,Bacteria,Desulfobacterota_I,Desulfovibrionia,Desulfovibrionales,Desulfovibrionaceae,Desulfovibrio,Desulfovibrio sp900319575,Desulfovibrio sp900319575_1,361
p23220-s371_SNT0008PR-S-day7,p23220-s371_SNT0008PR-S-day7_S370_concoct_56,P31,W3,P31_W3,SNT,1,D07,5/21/23,PR,concoct,2126377,73,41415,96,Bacteria,Bacillota,Clostridia,Peptostreptococcales,Anaerovoracaceae,Fimisoma,Fimisoma sp000435715,Fimisoma sp000435715_1,36
p23220-s371_SNT0008PR-S-day7,p23220-s371_SNT0008PR-S-day7_S370_metabat2_5,P31,W3,P31_W3,SNT,1,D07,5/21/23,PR,metabat2,3556535,91,80534,100,Bacteria,Bacillota,Clostridia,Lachnospirales,Lachnospiraceae,Clostridium_AP,Clostridium_AP sp000509125,Clostridium_AP sp000509125_1,34
p23220-s371_SNT0008PR-S-day7,p23220-s371_SNT0008PR-S-day7_S370_concoct_47,P31,W3,P31_W3,SNT,1,D07,5/21/23,PR,concoct,2793746,47,93145,94,Bacteria,Verrucomicrobiota,Verrucomicrobiia,Verrucomicrobiales,Akkermansiaceae,Akkermansia,Akkermansia muciniphila,Akkermansia muciniphila_1,6
p23220-s371_SNT0008PR-S-day7,p23220-s371_SNT0008PR-S-day7_S370_metabat2_29,P31,W3,P31_W3,SNT,1,D07,5/21/23,PR,metabat2,4347132,194,38277,94,Bacteria,Bacteroidota,Bacteroidia,Bacteroidales,Tannerellaceae,Parabacteroides,Parabacteroides merdae,Parabacteroides merdae_1,28
p23220-s371_SNT0008PR-S-day7,p23220-s371_SNT0008PR-S-day7_S370_concoct_8,P31,W3,P31_W3,SNT,1,D07,5/21/23,PR,concoct,1662150,109,23954,94,Bacteria,Campylobacterota,Campylobacteria,Campylobacterales,Campylobacteraceae,Campylobacter_B,Campylobacter_B hominis,Campylobacter_B hominis_1,115
p23220-s371_SNT0008PR-S-day7,p23220-s371_SNT0008PR-S-day7_S370_concoct_80,P31,W3,P31_W3,SNT,1,D07,5/21/23,PR,concoct,2152941,374,7893,94,Bacteria,Bacillota,Negativicutes,Veillonellales,Megasphaeraceae,Megasphaera,Megasphaera sp001546855,Megasphaera sp001546855_1,265
p23220-s371_SNT0008PR-S-day7,p23220-s371_SNT0008PR-S-day7_S370_concoct_38,P31,W3,P31_W3,SNT,1,D07,5/21/23,PR,concoct,3097691,103,70661,96,Bacteria,Bacillota,Clostridia,Oscillospirales,Oscillospiraceae,Vescimonas,Vescimonas sp000435975,Vescimonas sp000435975_1,93
p23220-s371_SNT0008PR-S-day7,p23220-s371_SNT0008PR-S-day7_S370_metabat2_40,P31,W3,P31_W3,SNT,1,D07,5/21/23,PR,metabat2,3236103,52,104363,92,Bacteria,Bacteroidota,Bacteroidia,Bacteroidales,Rikenellaceae,Alistipes,Alistipes onderdonkii,Alistipes onderdonkii_1,14
p23220-s371_SNT0008PR-S-day7,p23220-s371_SNT0008PR-S-day7_S370_metabat2_14,P31,W3,P31_W3,SNT,1,D07,5/21/23,PR,metabat2,3107389,233,22246,92,Bacteria,Actinomycetota,Coriobacteriia,Coriobacteriales,Eggerthellaceae,Eggerthella,Eggerthella lenta,Eggerthella lenta_1,3
p23220-s371_SNT0008PR-S-day7,p23220-s371_SNT0008PR-S-day7_S370_metabat2_25,P31,W3,P31_W3,SNT,1,D07,5/21/23,PR,metabat2,2989146,39,137167,98,Bacteria,Bacillota,Clostridia,Oscillospirales,Acutalibacteraceae,Fimivicinus,Fimivicinus sp900544715,Fimivicinus sp900544715_1,116
p23220-s371_SNT0008PR-S-day7,p23220-s371_SNT0008PR-S-day7_S370_concoct_33,P31,W3,P31_W3,SNT,1,D07,5/21/23,PR,concoct,2158791,336,9123,88,Bacteria,Actinomycetota,Actinomycetes,Actinomycetales,Bifidobacteriaceae,Bifidobacterium,Bifidobacterium longum,Bifidobacterium longum_2,297
p23220-s371_SNT0008PR-S-day7,p23220-s371_SNT0008PR-S-day7_S370_metabat2_46,P31,W3,P31_W3,SNT,1,D07,5/21/23,PR,metabat2,2518091,163,27592,90,Bacteria,Bacillota,Bacilli,Lactobacillales,Enterococcaceae,Enterococcus,Enterococcus faecalis,Enterococcus faecalis_1,2
p23220-s371_SNT0008PR-S-day7,p23220-s371_SNT0008PR-S-day7_S370_metabat2_28,P31,W3,P31_W3,SNT,1,D07,5/21/23,PR,metabat2,2920864,106,42912,92,Bacteria,Bacillota,Bacilli,Lactobacillales,Lactobacillaceae,Lacticaseibacillus,Lacticaseibacillus paracasei,Lacticaseibacillus paracasei_1,152
p23220-s371_SNT0008PR-S-day7,p23220-s371_SNT0008PR-S-day7_S370_metabat2_48,P31,W3,P31_W3,SNT,1,D07,5/21/23,PR,metabat2,4378829,182,46545,98,Bacteria,Bacillota,Bacilli,Lactobacillales,Enterococcaceae,Enterococcus_A,Enterococcus_A avium,NA,NA
p23220-s371_SNT0008PR-S-day7,p23220-s371_SNT0008PR-S-day7_S370_concoct_60,P31,W3,P31_W3,SNT,1,D07,5/21/23,PR,concoct,1412483,453,3775,78,Bacteria,Actinomycetota,Actinomycetes,Actinomycetales,Bifidobacteriaceae,Alloscardovia,Alloscardovia omnicolens,Alloscardovia omnicolens_1,304
p23220-s371_SNT0008PR-S-day7,p23220-s371_SNT0008PR-S-day7_S370_concoct_30,P31,W3,P31_W3,SNT,1,D07,5/21/23,PR,concoct,1821909,473,4789,80,Bacteria,Bacillota,Negativicutes,Veillonellales,Veillonellaceae,Veillonella_A,Veillonella_A seminalis,Veillonella_A seminalis_1,675
p23220-s371_SNT0008PR-S-day7,p23220-s371_SNT0008PR-S-day7_S370_metabat2_20,P31,W3,P31_W3,SNT,1,D07,5/21/23,PR,metabat2,3650715,411,12873,76,Bacteria,Bacillota,Clostridia,Lachnospirales,Lachnospiraceae,Extibacter,Extibacter hylemonae,Extibacter hylemonae_1,125
p23220-s371_SNT0008PR-S-day7,p23220-s371_SNT0008PR-S-day7_S370_concoct_91,P31,W3,P31_W3,SNT,1,D07,5/21/23,PR,concoct,4316181,1590,2891,98,Bacteria,Bacillota,Negativicutes,Veillonellales,Dialisteraceae,Dialister,Dialister sp900541485,NA,NA
p23220-s371_SNT0008PR-S-day7,p23220-s371_SNT0008PR-S-day7_S370_concoct_29,P31,W3,P31_W3,SNT,1,D07,5/21/23,PR,concoct,2391862,552,5763,63,Bacteria,Bacillota,Clostridia,Oscillospirales,Ruminococcaceae,Ruthenibacterium,Ruthenibacterium sp018380115,Ruthenibacterium sp018380115_1,118
p23220-s372_SNT0008PR-S-day14,p23220-s372_SNT0008PR-S-day14_S371_concoct_10,P31,W4,P31_W4,SNT,1,D14,5/28/23,PR,concoct,6471676,133,95547,100,Bacteria,Pseudomonadota,Gammaproteobacteria,Pseudomonadales,Pseudomonadaceae,Pseudomonas,Pseudomonas aeruginosa,Pseudomonas aeruginosa_1,66
p23220-s372_SNT0008PR-S-day14,p23220-s372_SNT0008PR-S-day14_S371_metabat2_15,P31,W4,P31_W4,SNT,1,D14,5/28/23,PR,metabat2,2251047,72,63326,100,Bacteria,Bacteroidota,Bacteroidia,Bacteroidales,Bacteroidaceae,Prevotella,Prevotella bivia,Prevotella bivia_1,180
p23220-s372_SNT0008PR-S-day14,p23220-s372_SNT0008PR-S-day14_S371_metabat2_8,P31,W4,P31_W4,SNT,1,D14,5/28/23,PR,metabat2,2028605,93,34268,100,Bacteria,Bacteroidota,Bacteroidia,Bacteroidales,Porphyromonadaceae,Porphyromonas,Porphyromonas asaccharolytica,Porphyromonas asaccharolytica_1,248
p23220-s372_SNT0008PR-S-day14,p23220-s372_SNT0008PR-S-day14_S371_concoct_47,P31,W4,P31_W4,SNT,1,D14,5/28/23,PR,concoct,2219685,74,46396,98,Bacteria,Bacteroidota,Bacteroidia,Bacteroidales,Porphyromonadaceae,Porphyromonas_A,Porphyromonas_A somerae,Porphyromonas_A somerae_1,150
p23220-s372_SNT0008PR-S-day14,p23220-s372_SNT0008PR-S-day14_S371_metabat2_16,P31,W4,P31_W4,SNT,1,D14,5/28/23,PR,metabat2,1473138,293,6368,98,Bacteria,Bacteroidota,Bacteroidia,Bacteroidales,Porphyromonadaceae,Porphyromonas,Porphyromonas sp902489445,Porphyromonas sp902489445_1,114
p23220-s372_SNT0008PR-S-day14,p23220-s372_SNT0008PR-S-day14_S371_concoct_12,P31,W4,P31_W4,SNT,1,D14,5/28/23,PR,concoct,2444984,301,11932,96,Bacteria,Bacillota,Negativicutes,Veillonellales,Megasphaeraceae,Megasphaera,Megasphaera sp001546855,Megasphaera sp001546855_1,265
p23220-s372_SNT0008PR-S-day14,p23220-s372_SNT0008PR-S-day14_S371_concoct_2,P31,W4,P31_W4,SNT,1,D14,5/28/23,PR,concoct,2314680,559,5157,96,Bacteria,Bacillota,Bacilli,Lactobacillales,Enterococcaceae,Enterococcus_B,Enterococcus_B faecium,Enterococcus_B faecium_1,27
p23220-s372_SNT0008PR-S-day14,p23220-s372_SNT0008PR-S-day14_S371_concoct_33,P31,W4,P31_W4,SNT,1,D14,5/28/23,PR,concoct,1075386,484,2427,67,Bacteria,Bacillota,Negativicutes,Veillonellales,Dialisteraceae,Dialister,Dialister sp900541485,Dialister sp900541485_3,690
p23220-s372_SNT0008PR-S-day14,p23220-s372_SNT0008PR-S-day14_S371_concoct_5,P31,W4,P31_W4,SNT,1,D14,5/28/23,PR,concoct,902080,602,1433,59,Bacteria,Actinomycetota,Actinomycetes,Mycobacteriales,Mycobacteriaceae,Lawsonella,Lawsonella sp018376445,NA,NA
p23220-s372_SNT0008PR-S-day14,p23220-s372_SNT0008PR-S-day14_S371_concoct_40,P31,W4,P31_W4,SNT,1,D14,5/28/23,PR,concoct,658942,376,1772,53,Bacteria,Campylobacterota,Campylobacteria,Campylobacterales,Campylobacteraceae,Campylobacter_B,Campylobacter_B hominis,Campylobacter_B hominis_3,677
p23220-s372_SNT0008PR-S-day14,p23220-s372_SNT0008PR-S-day14_S371_metabat2_10,P31,W4,P31_W4,SNT,1,D14,5/28/23,PR,metabat2,2107653,473,5448,51,Bacteria,Bacteroidota,Bacteroidia,Bacteroidales,Bacteroidaceae,Prevotella,Prevotella sp900547085,Prevotella sp900547085_1,710
p23220-s372_SNT0008PR-S-day14,p23220-s372_SNT0008PR-S-day14_S371_concoct_43,P31,W4,P31_W4,SNT,1,D14,5/28/23,PR,concoct,1099590,380,3202,73,Bacteria,Bacteroidota,Bacteroidia,Bacteroidales,Bacteroidaceae,Prevotella,Prevotella sp900547085,NA,NA
p23220-s373_SNT0009PR-S-day0,p23220-s373_SNT0009PR-S-day0_S372_concoct_59,P49,W8,P49_W8,SNT,2,D00,6/28/23,PR,concoct,4505983,108,64124,100,Bacteria,Bacteroidota,Bacteroidia,Bacteroidales,Tannerellaceae,Parabacteroides,Parabacteroides distasonis,Parabacteroides distasonis_1,1
p23220-s373_SNT0009PR-S-day0,p23220-s373_SNT0009PR-S-day0_S372_metabat2_23,P49,W8,P49_W8,SNT,2,D00,6/28/23,PR,metabat2,2860968,121,35778,100,Bacteria,Desulfobacterota_I,Desulfovibrionia,Desulfovibrionales,Desulfovibrionaceae,Desulfovibrio,Desulfovibrio sp900243745,Desulfovibrio sp900243745_1,87
p23220-s373_SNT0009PR-S-day0,p23220-s373_SNT0009PR-S-day0_S372_concoct_52,P49,W8,P49_W8,SNT,2,D00,6/28/23,PR,concoct,3433365,270,21621,100,Bacteria,Bacteroidota,Bacteroidia,Bacteroidales,Rikenellaceae,Alistipes,Alistipes finegoldii,Alistipes finegoldii_1,164
p23220-s373_SNT0009PR-S-day0,p23220-s373_SNT0009PR-S-day0_S372_concoct_19,P49,W8,P49_W8,SNT,2,D00,6/28/23,PR,concoct,3992657,97,70206,98,Bacteria,Bacillota,Bacilli,Erysipelotrichales,Erysipelotrichaceae,Clostridium_AQ,Clostridium_AQ innocuum,Clostridium_AQ innocuum_1,20
p23220-s373_SNT0009PR-S-day0,p23220-s373_SNT0009PR-S-day0_S372_metabat2_21,P49,W8,P49_W8,SNT,2,D00,6/28/23,PR,metabat2,2406163,523,5938,98,Bacteria,Bacillota,Bacilli,Lactobacillales,Enterococcaceae,Enterococcus,Enterococcus faecalis,Enterococcus faecalis_1,2
p23220-s373_SNT0009PR-S-day0,p23220-s373_SNT0009PR-S-day0_S372_metabat2_9,P49,W8,P49_W8,SNT,2,D00,6/28/23,PR,metabat2,2104539,315,8573,96,Bacteria,Pseudomonadota,Gammaproteobacteria,Burkholderiales,Burkholderiaceae,Parasutterella,Parasutterella gallistercoris,Parasutterella gallistercoris_1,231
p23220-s373_SNT0009PR-S-day0,p23220-s373_SNT0009PR-S-day0_S372_concoct_2,P49,W8,P49_W8,SNT,2,D00,6/28/23,PR,concoct,2481119,311,11382,98,Bacteria,Bacillota,Clostridia,Oscillospirales,Acutalibacteraceae,Hominenteromicrobium,Hominenteromicrobium sp900549945,Hominenteromicrobium sp900549945_1,92
p23220-s373_SNT0009PR-S-day0,p23220-s373_SNT0009PR-S-day0_S372_concoct_39,P49,W8,P49_W8,SNT,2,D00,6/28/23,PR,concoct,2098010,452,5874,94,Bacteria,Bacillota,Negativicutes,Acidaminococcales,Acidaminococcaceae,Phascolarctobacterium,Phascolarctobacterium faecium,Phascolarctobacterium faecium_1,17
p23220-s373_SNT0009PR-S-day0,p23220-s373_SNT0009PR-S-day0_S372_concoct_43,P49,W8,P49_W8,SNT,2,D00,6/28/23,PR,concoct,7252085,608,18324,96,Bacteria,Bacillota,Clostridia,Lachnospirales,Lachnospiraceae,Enterocloster,Enterocloster clostridioformis,Enterocloster clostridioformis_1,204
p23220-s373_SNT0009PR-S-day0,p23220-s373_SNT0009PR-S-day0_S372_metabat2_8,P49,W8,P49_W8,SNT,2,D00,6/28/23,PR,metabat2,2839911,254,17938,96,Bacteria,Bacillota,Clostridia,Oscillospirales,Ruminococcaceae,Ruthenibacterium,Ruthenibacterium lactatiformans,Ruthenibacterium lactatiformans_1,11
p23220-s373_SNT0009PR-S-day0,p23220-s373_SNT0009PR-S-day0_S372_concoct_40,P49,W8,P49_W8,SNT,2,D00,6/28/23,PR,concoct,3014874,746,5060,96,Bacteria,Pseudomonadota,Gammaproteobacteria,Enterobacterales,Enterobacteriaceae,Proteus,Proteus mirabilis,Proteus mirabilis_1,100
p23220-s373_SNT0009PR-S-day0,p23220-s373_SNT0009PR-S-day0_S372_metabat2_2,P49,W8,P49_W8,SNT,2,D00,6/28/23,PR,metabat2,8045162,738,19815,78,Bacteria,Bacteroidota,Bacteroidia,Bacteroidales,Bacteroidaceae,Bacteroides,Bacteroides ovatus,NA,NA
p23220-s373_SNT0009PR-S-day0,p23220-s373_SNT0009PR-S-day0_S372_metabat2_4,P49,W8,P49_W8,SNT,2,D00,6/28/23,PR,metabat2,5771036,291,39093,98,Bacteria,Bacteroidota,Bacteroidia,Bacteroidales,Bacteroidaceae,Phocaeicola,Phocaeicola vulgatus,NA,NA
p23220-s373_SNT0009PR-S-day0,p23220-s373_SNT0009PR-S-day0_S372_concoct_5,P49,W8,P49_W8,SNT,2,D00,6/28/23,PR,concoct,5656758,640,9803,63,Unclassified Bacteria,NA,NA,NA,NA,NA,Unclassified Bacteria sp.,NA,NA
p23220-s373_SNT0009PR-S-day0,p23220-s373_SNT0009PR-S-day0_S372_maxbin2_028,P49,W8,P49_W8,SNT,2,D00,6/28/23,PR,maxbin2,1574465,978,1554,57,Bacteria,Bacillota,Clostridia,Peptostreptococcales,Peptostreptococcaceae,Clostridioides,Clostridioides sp.,NA,NA
p23220-s373_SNT0009PR-S-day0,p23220-s373_SNT0009PR-S-day0_S372_maxbin2_030,P49,W8,P49_W8,SNT,2,D00,6/28/23,PR,maxbin2,3395176,1489,2573,61,Bacteria,Pseudomonadota,Gammaproteobacteria,Enterobacterales,Enterobacteriaceae,Escherichia,Escherichia coli,NA,NA
p23220-s374_SNT0009PR-S-day7,p23220-s374_SNT0009PR-S-day7_S373_concoct_57,P49,W9,P49_W9,SNT,2,D07,7/5/23,PR,concoct,4506333,90,79135,100,Bacteria,Bacteroidota,Bacteroidia,Bacteroidales,Tannerellaceae,Parabacteroides,Parabacteroides distasonis,Parabacteroides distasonis_1,1
p23220-s374_SNT0009PR-S-day7,p23220-s374_SNT0009PR-S-day7_S373_metabat2_19,P49,W9,P49_W9,SNT,2,D07,7/5/23,PR,metabat2,2838456,77,63542,100,Bacteria,Bacillota,Bacilli,Lactobacillales,Enterococcaceae,Enterococcus,Enterococcus faecalis,Enterococcus faecalis_1,2
p23220-s374_SNT0009PR-S-day7,p23220-s374_SNT0009PR-S-day7_S373_metabat2_50,P49,W9,P49_W9,SNT,2,D07,7/5/23,PR,metabat2,2225053,149,25181,100,Bacteria,Pseudomonadota,Gammaproteobacteria,Burkholderiales,Burkholderiaceae,Parasutterella,Parasutterella gallistercoris,Parasutterella gallistercoris_1,231
p23220-s374_SNT0009PR-S-day7,p23220-s374_SNT0009PR-S-day7_S373_metabat2_22,P49,W9,P49_W9,SNT,2,D07,7/5/23,PR,metabat2,2031779,84,31700,98,Bacteria,Bacteroidota,Bacteroidia,Bacteroidales,Rikenellaceae,Alistipes,Alistipes putredinis,Alistipes putredinis_1,4
p23220-s374_SNT0009PR-S-day7,p23220-s374_SNT0009PR-S-day7_S373_concoct_35,P49,W9,P49_W9,SNT,2,D07,7/5/23,PR,concoct,4062579,418,14715,98,Bacteria,Desulfobacterota_I,Desulfovibrionia,Desulfovibrionales,Desulfovibrionaceae,Bilophila,Bilophila wadsworthia,Bilophila wadsworthia_3,62
p23220-s374_SNT0009PR-S-day7,p23220-s374_SNT0009PR-S-day7_S373_concoct_45,P49,W9,P49_W9,SNT,2,D07,7/5/23,PR,concoct,1529434,531,3334,98,Bacteria,Cyanobacteriota,Vampirovibrionia,Gastranaerophilales,Gastranaerophilaceae,CAG-196,CAG-196 sp002102975,CAG-196 sp002102975_1,218
p23220-s374_SNT0009PR-S-day7,p23220-s374_SNT0009PR-S-day7_S373_metabat2_43,P49,W9,P49_W9,SNT,2,D07,7/5/23,PR,metabat2,2165774,63,50738,98,Bacteria,Bacillota,Clostridia,Oscillospirales,Acutalibacteraceae,Hominenteromicrobium,Hominenteromicrobium sp900549945,Hominenteromicrobium sp900549945_1,92
p23220-s374_SNT0009PR-S-day7,p23220-s374_SNT0009PR-S-day7_S373_concoct_63,P49,W9,P49_W9,SNT,2,D07,7/5/23,PR,concoct,1698424,222,10122,98,Bacteria,Bacillota,Clostridia,Oscillospirales,Oscillospiraceae,Vescimonas,Vescimonas coprocola,Vescimonas coprocola_1,7
p23220-s374_SNT0009PR-S-day7,p23220-s374_SNT0009PR-S-day7_S373_metabat2_55,P49,W9,P49_W9,SNT,2,D07,7/5/23,PR,metabat2,2768935,46,93396,94,Bacteria,Verrucomicrobiota,Verrucomicrobiia,Verrucomicrobiales,Akkermansiaceae,Akkermansia,Akkermansia muciniphila,Akkermansia muciniphila_1,6
p23220-s374_SNT0009PR-S-day7,p23220-s374_SNT0009PR-S-day7_S373_concoct_80,P49,W9,P49_W9,SNT,2,D07,7/5/23,PR,concoct,2317340,176,20462,96,Bacteria,Bacillota,Negativicutes,Acidaminococcales,Acidaminococcaceae,Phascolarctobacterium,Phascolarctobacterium faecium,Phascolarctobacterium faecium_1,17
p23220-s374_SNT0009PR-S-day7,p23220-s374_SNT0009PR-S-day7_S373_metabat2_18,P49,W9,P49_W9,SNT,2,D07,7/5/23,PR,metabat2,2377458,171,21653,94,Bacteria,Bacillota,Clostridia,Oscillospirales,Ruminococcaceae,Ruminococcus_C,Ruminococcus_C sp000980705,Ruminococcus_C sp000980705_1,52
p23220-s374_SNT0009PR-S-day7,p23220-s374_SNT0009PR-S-day7_S373_metabat2_13,P49,W9,P49_W9,SNT,2,D07,7/5/23,PR,metabat2,1451760,448,3427,94,Bacteria,Pseudomonadota,Gammaproteobacteria,Burkholderiales,Burkholderiaceae,Sutterella,Sutterella wadsworthensis_A,Sutterella wadsworthensis_A_1,10
p23220-s374_SNT0009PR-S-day7,p23220-s374_SNT0009PR-S-day7_S373_concoct_58,P49,W9,P49_W9,SNT,2,D07,7/5/23,PR,concoct,2018323,22,185918,96,Bacteria,Bacillota,Clostridia,Oscillospirales,Acutalibacteraceae,CAG-217,CAG-217 sp000436335,CAG-217 sp000436335_1,46
p23220-s374_SNT0009PR-S-day7,p23220-s374_SNT0009PR-S-day7_S373_metabat2_54,P49,W9,P49_W9,SNT,2,D07,7/5/23,PR,metabat2,1943008,105,31002,96,Bacteria,Bacillota,Clostridia,Oscillospirales,Acutalibacteraceae,Ruminococcoides,Ruminococcoides intestinale,Ruminococcoides intestinale_1,8
p23220-s374_SNT0009PR-S-day7,p23220-s374_SNT0009PR-S-day7_S373_metabat2_20,P49,W9,P49_W9,SNT,2,D07,7/5/23,PR,metabat2,4772487,372,22471,90,Bacteria,Bacteroidota,Bacteroidia,Bacteroidales,Bacteroidaceae,Phocaeicola,Phocaeicola vulgatus,Phocaeicola vulgatus_1,44
p23220-s374_SNT0009PR-S-day7,p23220-s374_SNT0009PR-S-day7_S373_metabat2_47,P49,W9,P49_W9,SNT,2,D07,7/5/23,PR,metabat2,3329570,355,15334,90,Bacteria,Bacillota,Clostridia,Oscillospirales,Oscillospiraceae,CAG-170,CAG-170 sp000432135,CAG-170 sp000432135_1,55
p23220-s374_SNT0009PR-S-day7,p23220-s374_SNT0009PR-S-day7_S373_concoct_111,P49,W9,P49_W9,SNT,2,D07,7/5/23,PR,concoct,2963168,364,10604,90,Bacteria,Bacteroidota,Bacteroidia,Bacteroidales,Barnesiellaceae,Barnesiella,Barnesiella intestinihominis,Barnesiella intestinihominis_1,9
p23220-s374_SNT0009PR-S-day7,p23220-s374_SNT0009PR-S-day7_S373_metabat2_29,P49,W9,P49_W9,SNT,2,D07,7/5/23,PR,metabat2,2736691,171,25488,96,Bacteria,Bacillota,Clostridia,Lachnospirales,Lachnospiraceae,Sellimonas,Sellimonas intestinalis,Sellimonas intestinalis_1,42
p23220-s374_SNT0009PR-S-day7,p23220-s374_SNT0009PR-S-day7_S373_concoct_14,P49,W9,P49_W9,SNT,2,D07,7/5/23,PR,concoct,2589824,1256,2272,80,Bacteria,Pseudomonadota,Gammaproteobacteria,Enterobacterales,Enterobacteriaceae,Escherichia,Escherichia coli,Escherichia coli_1,16
p23220-s374_SNT0009PR-S-day7,p23220-s374_SNT0009PR-S-day7_S373_metabat2_38,P49,W9,P49_W9,SNT,2,D07,7/5/23,PR,metabat2,2742104,274,14240,78,Bacteria,Verrucomicrobiota,Verrucomicrobiia,Verrucomicrobiales,Akkermansiaceae,Akkermansia,Akkermansia sp900545155,Akkermansia sp900545155_1,132
p23220-s374_SNT0009PR-S-day7,p23220-s374_SNT0009PR-S-day7_S373_metabat2_51,P49,W9,P49_W9,SNT,2,D07,7/5/23,PR,metabat2,4468387,485,13524,80,Bacteria,Bacillota,Clostridia,Oscillospirales,Oscillospiraceae,Flavonifractor,Flavonifractor plautii,Flavonifractor plautii_1,63
p23220-s374_SNT0009PR-S-day7,p23220-s374_SNT0009PR-S-day7_S373_concoct_21,P49,W9,P49_W9,SNT,2,D07,7/5/23,PR,concoct,2199280,549,4989,82,Bacteria,Bacteroidota,Bacteroidia,Bacteroidales,Muribaculaceae,Limisoma,Limisoma sp000437795,Limisoma sp000437795_1,686
p23220-s374_SNT0009PR-S-day7,p23220-s374_SNT0009PR-S-day7_S373_concoct_27,P49,W9,P49_W9,SNT,2,D07,7/5/23,PR,concoct,2518188,1099,2520,78,Bacteria,Actinomycetota,Coriobacteriia,Coriobacteriales,Eggerthellaceae,Eggerthella,Eggerthella lenta,Eggerthella lenta_1,3
p23220-s374_SNT0009PR-S-day7,p23220-s374_SNT0009PR-S-day7_S373_metabat2_34,P49,W9,P49_W9,SNT,2,D07,7/5/23,PR,metabat2,1554949,535,2994,71,Bacteria,Bacillota,Clostridia,Oscillospirales,Butyricicoccaceae,Butyricicoccus,Butyricicoccus sp900547195,Butyricicoccus sp900547195_1,429
p23220-s374_SNT0009PR-S-day7,p23220-s374_SNT0009PR-S-day7_S373_metabat2_17,P49,W9,P49_W9,SNT,2,D07,7/5/23,PR,metabat2,1486820,291,6560,90,Bacteria,Bacillota,Clostridia,Oscillospirales,Oscillospiraceae,Hominicoprocola,Hominicoprocola sp900317525,Hominicoprocola sp900317525_1,38
p23220-s374_SNT0009PR-S-day7,p23220-s374_SNT0009PR-S-day7_S373_concoct_37,P49,W9,P49_W9,SNT,2,D07,7/5/23,PR,concoct,3209109,677,5837,75,Bacteria,Bacillota,Clostridia,Lachnospirales,Lachnospiraceae,Roseburia_C,Roseburia_C amylophila,Roseburia_C amylophila_1,40
p23220-s374_SNT0009PR-S-day7,p23220-s374_SNT0009PR-S-day7_S373_concoct_32,P49,W9,P49_W9,SNT,2,D07,7/5/23,PR,concoct,1210202,688,1817,63,Bacteria,Bacteroidota,Bacteroidia,Bacteroidales,Porphyromonadaceae,Porphyromonas,Porphyromonas vaginalis,Porphyromonas vaginalis_2,572
p23220-s374_SNT0009PR-S-day7,p23220-s374_SNT0009PR-S-day7_S373_concoct_42,P49,W9,P49_W9,SNT,2,D07,7/5/23,PR,concoct,2064592,1247,1649,73,Bacteria,Actinomycetota,Actinomycetes,Actinomycetales,Bifidobacteriaceae,Bifidobacterium,Bifidobacterium breve,NA,NA
p23220-s375_SNT0009PR-S-day14,p23220-s375_SNT0009PR-S-day14_S374_concoct_28,P49,W10,P49_W10,SNT,2,D14,7/12/23,PR,concoct,1684341,411,5575,100,Bacteria,Bacillota,Clostridia,Tissierellales,Peptoniphilaceae,Anaerococcus,Anaerococcus vaginalis,Anaerococcus vaginalis_2,356
p23220-s375_SNT0009PR-S-day14,p23220-s375_SNT0009PR-S-day14_S374_concoct_34,P49,W10,P49_W10,SNT,2,D14,7/12/23,PR,concoct,1393542,23,142217,98,Bacteria,Bacillota,Clostridia,Tissierellales,Peptoniphilaceae,Murdochiella,Murdochiella sp902488755,Murdochiella sp902488755_1,117
p23220-s375_SNT0009PR-S-day14,p23220-s375_SNT0009PR-S-day14_S374_concoct_73,P49,W10,P49_W10,SNT,2,D14,7/12/23,PR,concoct,1724096,43,86584,98,Bacteria,Bacteroidota,Bacteroidia,Bacteroidales,Porphyromonadaceae,Porphyromonas,Porphyromonas sp902489445,Porphyromonas sp902489445_1,114
p23220-s375_SNT0009PR-S-day14,p23220-s375_SNT0009PR-S-day14_S374_metabat2_5,P49,W10,P49_W10,SNT,2,D14,7/12/23,PR,metabat2,4545519,154,65736,98,Bacteria,Bacteroidota,Bacteroidia,Bacteroidales,Bacteroidaceae,Phocaeicola,Phocaeicola vulgatus,Phocaeicola vulgatus_1,44
p23220-s375_SNT0009PR-S-day14,p23220-s375_SNT0009PR-S-day14_S374_concoct_58,P49,W10,P49_W10,SNT,2,D14,7/12/23,PR,concoct,2095118,402,6933,98,Bacteria,Actinomycetota,Actinomycetes,Actinomycetales,Bifidobacteriaceae,Bifidobacterium,Bifidobacterium breve,Bifidobacterium breve_1,95
p23220-s375_SNT0009PR-S-day14,p23220-s375_SNT0009PR-S-day14_S374_concoct_31,P49,W10,P49_W10,SNT,2,D14,7/12/23,PR,concoct,2929307,440,8393,96,Bacteria,Bacteroidota,Bacteroidia,Bacteroidales,Rikenellaceae,Alistipes,Alistipes shahii,Alistipes shahii_1,123
p23220-s375_SNT0009PR-S-day14,p23220-s375_SNT0009PR-S-day14_S374_concoct_71,P49,W10,P49_W10,SNT,2,D14,7/12/23,PR,concoct,2171791,371,7537,98,Bacteria,Bacillota,Negativicutes,Acidaminococcales,Acidaminococcaceae,Phascolarctobacterium,Phascolarctobacterium faecium,Phascolarctobacterium faecium_1,17
p23220-s375_SNT0009PR-S-day14,p23220-s375_SNT0009PR-S-day14_S374_metabat2_2,P49,W10,P49_W10,SNT,2,D14,7/12/23,PR,metabat2,2788670,39,113470,94,Bacteria,Verrucomicrobiota,Verrucomicrobiia,Verrucomicrobiales,Akkermansiaceae,Akkermansia,Akkermansia muciniphila,Akkermansia muciniphila_1,6
p23220-s375_SNT0009PR-S-day14,p23220-s375_SNT0009PR-S-day14_S374_metabat2_33,P49,W10,P49_W10,SNT,2,D14,7/12/23,PR,metabat2,2479649,100,43319,96,Bacteria,Bacillota,Clostridia,Lachnospirales,Lachnospiraceae,Mediterraneibacter,Mediterraneibacter torques,Mediterraneibacter torques_1,5
p23220-s375_SNT0009PR-S-day14,p23220-s375_SNT0009PR-S-day14_S374_metabat2_40,P49,W10,P49_W10,SNT,2,D14,7/12/23,PR,metabat2,2172465,332,10066,96,Bacteria,Bacillota,Clostridia,Peptostreptococcales,Anaerovoracaceae,S5-A14a,S5-A14a sp900553025,S5-A14a sp900553025_1,113
p23220-s375_SNT0009PR-S-day14,p23220-s375_SNT0009PR-S-day14_S374_metabat2_14,P49,W10,P49_W10,SNT,2,D14,7/12/23,PR,metabat2,1795353,256,11192,92,Bacteria,Bacteroidota,Bacteroidia,Bacteroidales,Porphyromonadaceae,Porphyromonas,Porphyromonas vaginalis,Porphyromonas vaginalis_1,570
p23220-s375_SNT0009PR-S-day14,p23220-s375_SNT0009PR-S-day14_S374_metabat2_22,P49,W10,P49_W10,SNT,2,D14,7/12/23,PR,metabat2,1517380,287,6923,92,Bacteria,Bacillota,Negativicutes,Veillonellales,Dialisteraceae,Dialister,Dialister sp900541485,Dialister sp900541485_1,264
p23220-s375_SNT0009PR-S-day14,p23220-s375_SNT0009PR-S-day14_S374_metabat2_28,P49,W10,P49_W10,SNT,2,D14,7/12/23,PR,metabat2,4937475,79,124672,94,Bacteria,Bacteroidota,Bacteroidia,Bacteroidales,Bacteroidaceae,Bacteroides,Bacteroides caccae,Bacteroides caccae_1,257
p23220-s375_SNT0009PR-S-day14,p23220-s375_SNT0009PR-S-day14_S374_concoct_77,P49,W10,P49_W10,SNT,2,D14,7/12/23,PR,concoct,1886915,196,14444,94,Bacteria,Bacillota,Clostridia,Lachnospirales,Lachnospiraceae,Moryella,Moryella indoligenes,Moryella indoligenes_1,430
p23220-s375_SNT0009PR-S-day14,p23220-s375_SNT0009PR-S-day14_S374_metabat2_24,P49,W10,P49_W10,SNT,2,D14,7/12/23,PR,metabat2,3550333,844,4997,92,Bacteria,Pseudomonadota,Gammaproteobacteria,Enterobacterales,Enterobacteriaceae,Escherichia,Escherichia coli,Escherichia coli_1,16
p23220-s375_SNT0009PR-S-day14,p23220-s375_SNT0009PR-S-day14_S374_metabat2_15,P49,W10,P49_W10,SNT,2,D14,7/12/23,PR,metabat2,1884314,104,24683,94,Bacteria,Bacillota,Clostridia,Oscillospirales,Oscillospiraceae,Hominicoprocola,Hominicoprocola sp900317525,Hominicoprocola sp900317525_1,38
p23220-s375_SNT0009PR-S-day14,p23220-s375_SNT0009PR-S-day14_S374_concoct_65,P49,W10,P49_W10,SNT,2,D14,7/12/23,PR,concoct,5788620,564,14193,96,Bacteria,Bacillota,Clostridia,Lachnospirales,Lachnospiraceae,Enterocloster,Enterocloster bolteae,Enterocloster bolteae_1,148
p23220-s375_SNT0009PR-S-day14,p23220-s375_SNT0009PR-S-day14_S374_concoct_9,P49,W10,P49_W10,SNT,2,D14,7/12/23,PR,concoct,1591315,740,2364,88,Bacteria,Bacteroidota,Bacteroidia,Bacteroidales,Porphyromonadaceae,Porphyromonas_A,Porphyromonas_A sp001808555,Porphyromonas_A sp001808555_1,331
p23220-s375_SNT0009PR-S-day14,p23220-s375_SNT0009PR-S-day14_S374_concoct_47,P49,W10,P49_W10,SNT,2,D14,7/12/23,PR,concoct,861046,270,3706,86,Bacteria,Bacillota,Clostridia,Peptostreptococcales,Anaerovoracaceae,S5-A14a,S5-A14a sp900553025,NA,NA
p23220-s375_SNT0009PR-S-day14,p23220-s375_SNT0009PR-S-day14_S374_concoct_63,P49,W10,P49_W10,SNT,2,D14,7/12/23,PR,concoct,7543629,103,123770,98,Bacteria,Bacillota,Clostridia,Lachnospirales,Lachnospiraceae,Eisenbergiella,Eisenbergiella tayi,Eisenbergiella tayi_1,79
p23220-s375_SNT0009PR-S-day14,p23220-s375_SNT0009PR-S-day14_S374_metabat2_17,P49,W10,P49_W10,SNT,2,D14,7/12/23,PR,metabat2,1466034,91,25019,78,Bacteria,Bacteroidota,Bacteroidia,Bacteroidales,Bacteroidaceae,Prevotella,Prevotella corporis,Prevotella corporis_1,183
p23220-s375_SNT0009PR-S-day14,p23220-s375_SNT0009PR-S-day14_S374_concoct_10,P49,W10,P49_W10,SNT,2,D14,7/12/23,PR,concoct,1089700,427,2885,75,Bacteria,Bacillota,Clostridia,Tissierellales,Peptoniphilaceae,CAMYOU01,CAMYOU01 sp.,CAMYOU01 sp._1,305
p23220-s375_SNT0009PR-S-day14,p23220-s375_SNT0009PR-S-day14_S374_concoct_14,P49,W10,P49_W10,SNT,2,D14,7/12/23,PR,concoct,1494343,657,2569,76,Bacteria,Bacillota,Clostridia,Christensenellales,CAG-138,PeH17,PeH17 sp000435055,PeH17 sp000435055_1,26
p23220-s375_SNT0009PR-S-day14,p23220-s375_SNT0009PR-S-day14_S374_metabat2_12,P49,W10,P49_W10,SNT,2,D14,7/12/23,PR,metabat2,2483137,678,4066,75,Bacteria,Bacillota,Clostridia,Oscillospirales,Oscillospiraceae,CAG-170,CAG-170 sp000432135,CAG-170 sp000432135_1,55
p23220-s375_SNT0009PR-S-day14,p23220-s375_SNT0009PR-S-day14_S374_concoct_22,P49,W10,P49_W10,SNT,2,D14,7/12/23,PR,concoct,2753806,964,3415,76,Bacteria,Bacillota,Clostridia,Oscillospirales,Ruminococcaceae,Fournierella,Fournierella sp900543285,Fournierella sp900543285_1,120
p23220-s375_SNT0009PR-S-day14,p23220-s375_SNT0009PR-S-day14_S374_concoct_35,P49,W10,P49_W10,SNT,2,D14,7/12/23,PR,concoct,2486993,862,3559,71,Bacteria,Desulfobacterota_I,Desulfovibrionia,Desulfovibrionales,Desulfovibrionaceae,Desulfovibrio,Desulfovibrio sp900243745,Desulfovibrio sp900243745_1,87
p23220-s375_SNT0009PR-S-day14,p23220-s375_SNT0009PR-S-day14_S374_concoct_41,P49,W10,P49_W10,SNT,2,D14,7/12/23,PR,concoct,5741423,225,40050,65,Unclassified,NA,NA,NA,NA,NA,Unclassified sp.,NA,NA
p23220-s375_SNT0009PR-S-day14,p23220-s375_SNT0009PR-S-day14_S374_metabat2_36,P49,W10,P49_W10,SNT,2,D14,7/12/23,PR,metabat2,1992949,106,24839,61,Bacteria,Bacteroidota,Bacteroidia,Bacteroidales,Bacteroidaceae,Prevotella,Prevotella colorans,Prevotella colorans_1,269
p23220-s375_SNT0009PR-S-day14,p23220-s375_SNT0009PR-S-day14_S374_concoct_59,P49,W10,P49_W10,SNT,2,D14,7/12/23,PR,concoct,1869234,461,5081,75,Bacteria,Bacteroidota,Bacteroidia,Bacteroidales,Bacteroidaceae,Prevotella,Prevotella disiens,Prevotella disiens_1,222
p23220-s375_SNT0009PR-S-day14,p23220-s375_SNT0009PR-S-day14_S374_concoct_39,P49,W10,P49_W10,SNT,2,D14,7/12/23,PR,concoct,1539589,640,2704,67,Bacteria,Actinomycetota,Actinomycetes,Mycobacteriales,Mycobacteriaceae,Lawsonella,Lawsonella sp.,Lawsonella sp._1,333
p23220-s375_SNT0009PR-S-day14,p23220-s375_SNT0009PR-S-day14_S374_metabat2_1,P49,W10,P49_W10,SNT,2,D14,7/12/23,PR,metabat2,3566772,426,11858,100,Bacteria,Bacteroidota,Bacteroidia,Bacteroidales,Bacteroidaceae,Prevotella,Prevotella timonensis,NA,NA
p23220-s376_SNT0009PR-S-day21,p23220-s376_SNT0009PR-S-day21_S375_metabat2_60,P49,W11,P49_W11,SNT,2,D21,7/19/23,PR,metabat2,2795149,42,110144,100,Bacteria,Bacillota,Bacilli,Lactobacillales,Enterococcaceae,Enterococcus,Enterococcus faecalis,Enterococcus faecalis_1,2
p23220-s376_SNT0009PR-S-day21,p23220-s376_SNT0009PR-S-day21_S375_metabat2_29,P49,W11,P49_W11,SNT,2,D21,7/19/23,PR,metabat2,4079000,404,15020,98,Bacteria,Desulfobacterota_I,Desulfovibrionia,Desulfovibrionales,Desulfovibrionaceae,Bilophila,Bilophila wadsworthia,Bilophila wadsworthia_3,62
p23220-s376_SNT0009PR-S-day21,p23220-s376_SNT0009PR-S-day21_S375_concoct_99,P49,W11,P49_W11,SNT,2,D21,7/19/23,PR,concoct,2611797,82,47635,100,Bacteria,Bacillota,Clostridia,Lachnospirales,Lachnospiraceae,Mediterraneibacter,Mediterraneibacter torques,Mediterraneibacter torques_1,5
p23220-s376_SNT0009PR-S-day21,p23220-s376_SNT0009PR-S-day21_S375_concoct_56,P49,W11,P49_W11,SNT,2,D21,7/19/23,PR,concoct,1922849,261,10178,98,Bacteria,Bacillota,Clostridia,Christensenellales,CAG-138,PeH17,PeH17 sp000435055,PeH17 sp000435055_1,26
p23220-s376_SNT0009PR-S-day21,p23220-s376_SNT0009PR-S-day21_S375_concoct_107,P49,W11,P49_W11,SNT,2,D21,7/19/23,PR,concoct,2173866,328,8643,98,Bacteria,Bacillota,Negativicutes,Acidaminococcales,Acidaminococcaceae,Phascolarctobacterium,Phascolarctobacterium faecium,Phascolarctobacterium faecium_1,17
p23220-s376_SNT0009PR-S-day21,p23220-s376_SNT0009PR-S-day21_S375_concoct_50,P49,W11,P49_W11,SNT,2,D21,7/19/23,PR,concoct,2829515,35,117381,94,Bacteria,Verrucomicrobiota,Verrucomicrobiia,Verrucomicrobiales,Akkermansiaceae,Akkermansia,Akkermansia muciniphila,Akkermansia muciniphila_1,6
p23220-s376_SNT0009PR-S-day21,p23220-s376_SNT0009PR-S-day21_S375_concoct_111,P49,W11,P49_W11,SNT,2,D21,7/19/23,PR,concoct,3706000,528,10730,94,Bacteria,Bacillota,Bacilli,Erysipelotrichales,Erysipelotrichaceae,Clostridium_AQ,Clostridium_AQ innocuum,Clostridium_AQ innocuum_1,20
p23220-s376_SNT0009PR-S-day21,p23220-s376_SNT0009PR-S-day21_S375_metabat2_65,P49,W11,P49_W11,SNT,2,D21,7/19/23,PR,metabat2,2993924,353,12402,96,Bacteria,Actinomycetota,Coriobacteriia,Coriobacteriales,Eggerthellaceae,Eggerthella,Eggerthella lenta,Eggerthella lenta_1,3
p23220-s376_SNT0009PR-S-day21,p23220-s376_SNT0009PR-S-day21_S375_concoct_67,P49,W11,P49_W11,SNT,2,D21,7/19/23,PR,concoct,2400206,337,10072,96,Bacteria,Bacillota,Clostridia,Oscillospirales,Ruminococcaceae,Gemmiger,Gemmiger qucibialis,Gemmiger qucibialis_1,12
p23220-s376_SNT0009PR-S-day21,p23220-s376_SNT0009PR-S-day21_S375_metabat2_67,P49,W11,P49_W11,SNT,2,D21,7/19/23,PR,metabat2,1918726,360,6835,92,Bacteria,Bacillota,Clostridia,Oscillospirales,CAG-272,HGM12669,HGM12669 sp900761935,HGM12669 sp900761935_1,376
p23220-s376_SNT0009PR-S-day21,p23220-s376_SNT0009PR-S-day21_S375_metabat2_41,P49,W11,P49_W11,SNT,2,D21,7/19/23,PR,metabat2,2111278,91,35464,94,Bacteria,Bacillota,Clostridia,Oscillospirales,Oscillospiraceae,Vescimonas,Vescimonas coprocola,Vescimonas coprocola_1,7
p23220-s376_SNT0009PR-S-day21,p23220-s376_SNT0009PR-S-day21_S375_metabat2_55,P49,W11,P49_W11,SNT,2,D21,7/19/23,PR,metabat2,2169597,467,5577,94,Bacteria,Bacillota,Clostridia,Oscillospirales,Ruminococcaceae,Hominimerdicola,Hominimerdicola aceti,Hominimerdicola aceti_1,22
p23220-s376_SNT0009PR-S-day21,p23220-s376_SNT0009PR-S-day21_S375_metabat2_37,P49,W11,P49_W11,SNT,2,D21,7/19/23,PR,metabat2,1992943,183,16074,96,Bacteria,Bacillota,Clostridia,Oscillospirales,Acutalibacteraceae,Ruminococcoides,Ruminococcoides intestinale,Ruminococcoides intestinale_1,8
p23220-s376_SNT0009PR-S-day21,p23220-s376_SNT0009PR-S-day21_S375_concoct_24,P49,W11,P49_W11,SNT,2,D21,7/19/23,PR,concoct,3654158,357,14861,96,Bacteria,Bacillota,Clostridia,Lachnospirales,Lachnospiraceae,Blautia,Blautia pullicola,Blautia pullicola_1,234
p23220-s376_SNT0009PR-S-day21,p23220-s376_SNT0009PR-S-day21_S375_concoct_57,P49,W11,P49_W11,SNT,2,D21,7/19/23,PR,concoct,2708012,172,22617,98,Bacteria,Bacillota,Clostridia,Oscillospirales,Acutalibacteraceae,Fimivicinus,Fimivicinus sp900544375,Fimivicinus sp900544375_1,29
p23220-s376_SNT0009PR-S-day21,p23220-s376_SNT0009PR-S-day21_S375_concoct_23,P49,W11,P49_W11,SNT,2,D21,7/19/23,PR,concoct,2487271,643,4733,88,Bacteria,Desulfobacterota_I,Desulfovibrionia,Desulfovibrionales,Desulfovibrionaceae,Desulfovibrio,Desulfovibrio sp900243745,Desulfovibrio sp900243745_1,87
p23220-s376_SNT0009PR-S-day21,p23220-s376_SNT0009PR-S-day21_S375_concoct_106,P49,W11,P49_W11,SNT,2,D21,7/19/23,PR,concoct,1713323,99,24527,90,Bacteria,Bacillota,Clostridia,Oscillospirales,Oscillospiraceae,Hominicoprocola,Hominicoprocola sp900317525,Hominicoprocola sp900317525_1,38
p23220-s376_SNT0009PR-S-day21,p23220-s376_SNT0009PR-S-day21_S375_metabat2_49,P49,W11,P49_W11,SNT,2,D21,7/19/23,PR,metabat2,2295106,274,11199,84,Bacteria,Bacteroidota,Bacteroidia,Bacteroidales,Bacteroidaceae,Prevotella,Prevotella colorans,Prevotella colorans_1,269
p23220-s376_SNT0009PR-S-day21,p23220-s376_SNT0009PR-S-day21_S375_metabat2_12,P49,W11,P49_W11,SNT,2,D21,7/19/23,PR,metabat2,2551870,52,109964,84,Bacteria,Bacillota,Clostridia,Oscillospirales,Acutalibacteraceae,Hominenteromicrobium,Hominenteromicrobium sp900549945,Hominenteromicrobium sp900549945_1,92
p23220-s376_SNT0009PR-S-day21,p23220-s376_SNT0009PR-S-day21_S375_metabat2_20,P49,W11,P49_W11,SNT,2,D21,7/19/23,PR,metabat2,2647043,190,21636,82,Bacteria,Bacillota,Clostridia,Lachnospirales,Lachnospiraceae,Sellimonas,Sellimonas intestinalis,Sellimonas intestinalis_1,42
p23220-s376_SNT0009PR-S-day21,p23220-s376_SNT0009PR-S-day21_S375_concoct_79,P49,W11,P49_W11,SNT,2,D21,7/19/23,PR,concoct,2049828,1041,2081,84,Bacteria,Bacillota,Bacilli,Lactobacillales,Lactobacillaceae,Lacticaseibacillus,Lacticaseibacillus rhamnosus,Lacticaseibacillus rhamnosus_1,68
p23220-s376_SNT0009PR-S-day21,p23220-s376_SNT0009PR-S-day21_S375_concoct_37,P49,W11,P49_W11,SNT,2,D21,7/19/23,PR,concoct,1642333,854,2029,76,Bacteria,Bacillota,Clostridia,Christensenellales,CAG-138,Pelethousia,Pelethousia gallinarum,Pelethousia gallinarum_1,142
p23220-s376_SNT0009PR-S-day21,p23220-s376_SNT0009PR-S-day21_S375_metabat2_22,P49,W11,P49_W11,SNT,2,D21,7/19/23,PR,metabat2,2104273,259,11621,73,Bacteria,Bacteroidota,Bacteroidia,Bacteroidales,Rikenellaceae,Alistipes,Alistipes putredinis,Alistipes putredinis_1,4
p23220-s376_SNT0009PR-S-day21,p23220-s376_SNT0009PR-S-day21_S375_metabat2_10,P49,W11,P49_W11,SNT,2,D21,7/19/23,PR,metabat2,2139143,544,4543,75,Bacteria,Bacillota,Clostridia,Oscillospirales,Ruminococcaceae,Ruthenibacterium,Ruthenibacterium sp018380115,Ruthenibacterium sp018380115_1,118
p23220-s376_SNT0009PR-S-day21,p23220-s376_SNT0009PR-S-day21_S375_concoct_102,P49,W11,P49_W11,SNT,2,D21,7/19/23,PR,concoct,1201911,544,2422,73,Bacteria,Bacillota,Clostridia,Oscillospirales,Acutalibacteraceae,UMGS1071,UMGS1071 sp900542375,UMGS1071 sp900542375_1,91
p23220-s376_SNT0009PR-S-day21,p23220-s376_SNT0009PR-S-day21_S375_concoct_8,P49,W11,P49_W11,SNT,2,D21,7/19/23,PR,concoct,2361972,608,4459,90,Bacteria,Bacillota,Clostridia,Christensenellales,Aristaeellaceae,Limiplasma,Limiplasma merdipullorum,Limiplasma merdipullorum_1,138
p23220-s376_SNT0009PR-S-day21,p23220-s376_SNT0009PR-S-day21_S375_metabat2_11,P49,W11,P49_W11,SNT,2,D21,7/19/23,PR,metabat2,2955036,544,7114,71,Bacteria,Bacillota,Clostridia,Oscillospirales,Ruminococcaceae,Fournierella,Fournierella sp900543285,Fournierella sp900543285_1,120
p23220-s376_SNT0009PR-S-day21,p23220-s376_SNT0009PR-S-day21_S375_concoct_62,P49,W11,P49_W11,SNT,2,D21,7/19/23,PR,concoct,4241597,342,17767,67,Bacteria,Bacteroidota,Bacteroidia,Bacteroidales,Tannerellaceae,Parabacteroides,Parabacteroides distasonis,Parabacteroides distasonis_1,1
p23220-s376_SNT0009PR-S-day21,p23220-s376_SNT0009PR-S-day21_S375_concoct_87,P49,W11,P49_W11,SNT,2,D21,7/19/23,PR,concoct,1432560,634,2409,67,Bacteria,Actinomycetota,Coriobacteriia,Coriobacteriales,Eggerthellaceae,Anaerotardibacter,Anaerotardibacter sp000436075,Anaerotardibacter sp000436075_1,50
p23220-s376_SNT0009PR-S-day21,p23220-s376_SNT0009PR-S-day21_S375_concoct_82,P49,W11,P49_W11,SNT,2,D21,7/19/23,PR,concoct,4437717,241,37322,96,Bacteria,Actinomycetota,Actinomycetes,Actinomycetales,Bifidobacteriaceae,Bifidobacterium,Bifidobacterium breve,NA,NA
p23220-s376_SNT0009PR-S-day21,p23220-s376_SNT0009PR-S-day21_S375_concoct_80,P49,W11,P49_W11,SNT,2,D21,7/19/23,PR,concoct,2312839,656,4002,88,Bacteria,Bacillota,Clostridia,Oscillospirales,Oscillospiraceae,CAG-170,CAG-170 sp000432135,NA,NA
p23220-s376_SNT0009PR-S-day21,p23220-s376_SNT0009PR-S-day21_S375_concoct_19,P49,W11,P49_W11,SNT,2,D21,7/19/23,PR,concoct,2217724,176,20137,65,Bacteria,Bacillota,Clostridia,Oscillospirales,Acutalibacteraceae,Hominenteromicrobium,Hominenteromicrobium mulieris,Hominenteromicrobium mulieris_1,18
p23220-s376_SNT0009PR-S-day21,p23220-s376_SNT0009PR-S-day21_S375_metabat2_51,P49,W11,P49_W11,SNT,2,D21,7/19/23,PR,metabat2,5360580,1453,4216,84,Bacteria,Bacillota,Clostridia,Lachnospirales,Lachnospiraceae,Blautia_A,Blautia_A wexlerae,NA,NA
p23220-s376_SNT0009PR-S-day21,p23220-s376_SNT0009PR-S-day21_S375_concoct_94,P49,W11,P49_W11,SNT,2,D21,7/19/23,PR,concoct,8410222,733,14719,90,Bacteria,Bacteroidota,Bacteroidia,Bacteroidales,Bacteroidaceae,Phocaeicola,Phocaeicola vulgatus,NA,NA
p23220-s377_SNT0009PR-S-day28,p23220-s377_SNT0009PR-S-day28_S376_concoct_46,P49,W12,P49_W12,SNT,2,D28,7/26/23,PR,concoct,2533854,51,88599,100,Bacteria,Bacteroidota,Bacteroidia,Bacteroidales,Bacteroidaceae,Prevotella,Prevotella colorans,Prevotella colorans_1,269
p23220-s377_SNT0009PR-S-day28,p23220-s377_SNT0009PR-S-day28_S376_concoct_67,P49,W12,P49_W12,SNT,2,D28,7/26/23,PR,concoct,1699845,72,41780,100,Bacteria,Bacteroidota,Bacteroidia,Bacteroidales,Porphyromonadaceae,Porphyromonas,Porphyromonas sp902489445,Porphyromonas sp902489445_1,114
p23220-s377_SNT0009PR-S-day28,p23220-s377_SNT0009PR-S-day28_S376_metabat2_3,P49,W12,P49_W12,SNT,2,D28,7/26/23,PR,metabat2,1861796,159,18357,100,Bacteria,Actinomycetota,Actinomycetes,Mycobacteriales,Mycobacteriaceae,Lawsonella,Lawsonella sp018376445,Lawsonella sp018376445_1,253
p23220-s377_SNT0009PR-S-day28,p23220-s377_SNT0009PR-S-day28_S376_concoct_78,P49,W12,P49_W12,SNT,2,D28,7/26/23,PR,concoct,1457537,457,3954,100,Bacteria,Bacillota,Clostridia,Tissierellales,Peptoniphilaceae,Anaerococcus,Anaerococcus vaginalis,Anaerococcus vaginalis_2,356
p23220-s377_SNT0009PR-S-day28,p23220-s377_SNT0009PR-S-day28_S376_concoct_68,P49,W12,P49_W12,SNT,2,D28,7/26/23,PR,concoct,1389086,31,89251,98,Bacteria,Bacillota,Clostridia,Tissierellales,Peptoniphilaceae,Murdochiella,Murdochiella sp902488755,Murdochiella sp902488755_1,117
p23220-s377_SNT0009PR-S-day28,p23220-s377_SNT0009PR-S-day28_S376_metabat2_30,P49,W12,P49_W12,SNT,2,D28,7/26/23,PR,metabat2,5403735,310,34973,98,Bacteria,Bacteroidota,Bacteroidia,Bacteroidales,Bacteroidaceae,Phocaeicola,Phocaeicola vulgatus,Phocaeicola vulgatus_1,44
p23220-s377_SNT0009PR-S-day28,p23220-s377_SNT0009PR-S-day28_S376_metabat2_12,P49,W12,P49_W12,SNT,2,D28,7/26/23,PR,metabat2,2154862,72,50105,100,Bacteria,Actinomycetota,Coriobacteriia,Coriobacteriales,Coriobacteriaceae,Collinsella,Collinsella sp.,Collinsella sp._1,31
p23220-s377_SNT0009PR-S-day28,p23220-s377_SNT0009PR-S-day28_S376_concoct_61,P49,W12,P49_W12,SNT,2,D28,7/26/23,PR,concoct,2161094,320,9498,100,Bacteria,Bacillota,Negativicutes,Acidaminococcales,Acidaminococcaceae,Phascolarctobacterium,Phascolarctobacterium faecium,Phascolarctobacterium faecium_1,17
p23220-s377_SNT0009PR-S-day28,p23220-s377_SNT0009PR-S-day28_S376_concoct_107,P49,W12,P49_W12,SNT,2,D28,7/26/23,PR,concoct,2444896,86,40923,98,Bacteria,Bacillota,Clostridia,Lachnospirales,Lachnospiraceae,Mediterraneibacter,Mediterraneibacter torques,Mediterraneibacter torques_1,5
p23220-s377_SNT0009PR-S-day28,p23220-s377_SNT0009PR-S-day28_S376_concoct_110,P49,W12,P49_W12,SNT,2,D28,7/26/23,PR,concoct,2044793,80,34727,98,Bacteria,Bacillota,Clostridia,Oscillospirales,Oscillospiraceae,Vescimonas,Vescimonas coprocola,Vescimonas coprocola_1,7
p23220-s377_SNT0009PR-S-day28,p23220-s377_SNT0009PR-S-day28_S376_metabat2_43,P49,W12,P49_W12,SNT,2,D28,7/26/23,PR,metabat2,3786667,750,6109,92,Bacteria,Desulfobacterota_I,Desulfovibrionia,Desulfovibrionales,Desulfovibrionaceae,Bilophila,Bilophila wadsworthia,Bilophila wadsworthia_3,62
p23220-s377_SNT0009PR-S-day28,p23220-s377_SNT0009PR-S-day28_S376_metabat2_27,P49,W12,P49_W12,SNT,2,D28,7/26/23,PR,metabat2,1968493,60,53534,94,Bacteria,Bacillota,Clostridia,Oscillospirales,Oscillospiraceae,Hominicoprocola,Hominicoprocola sp900317525,Hominicoprocola sp900317525_1,38
p23220-s377_SNT0009PR-S-day28,p23220-s377_SNT0009PR-S-day28_S376_concoct_4,P49,W12,P49_W12,SNT,2,D28,7/26/23,PR,concoct,2141624,146,24861,96,Bacteria,Bacillota,Clostridia,Oscillospirales,Acutalibacteraceae,Ruminococcoides,Ruminococcoides intestinale,Ruminococcoides intestinale_1,8
p23220-s377_SNT0009PR-S-day28,p23220-s377_SNT0009PR-S-day28_S376_concoct_8,P49,W12,P49_W12,SNT,2,D28,7/26/23,PR,concoct,4912045,82,122606,90,Bacteria,Pseudomonadota,Gammaproteobacteria,Enterobacterales,Enterobacteriaceae,Escherichia,Escherichia coli,Escherichia coli_1,16
p23220-s377_SNT0009PR-S-day28,p23220-s377_SNT0009PR-S-day28_S376_concoct_26,P49,W12,P49_W12,SNT,2,D28,7/26/23,PR,concoct,2629564,281,13430,90,Bacteria,Verrucomicrobiota,Verrucomicrobiia,Verrucomicrobiales,Akkermansiaceae,Akkermansia,Akkermansia muciniphila,Akkermansia muciniphila_1,6
p23220-s377_SNT0009PR-S-day28,p23220-s377_SNT0009PR-S-day28_S376_concoct_87,P49,W12,P49_W12,SNT,2,D28,7/26/23,PR,concoct,2783846,789,4364,90,Bacteria,Actinomycetota,Coriobacteriia,Coriobacteriales,Eggerthellaceae,Eggerthella,Eggerthella lenta,Eggerthella lenta_1,3
p23220-s377_SNT0009PR-S-day28,p23220-s377_SNT0009PR-S-day28_S376_metabat2_8,P49,W12,P49_W12,SNT,2,D28,7/26/23,PR,metabat2,3079226,283,18073,96,Bacteria,Bacillota,Clostridia,Oscillospirales,Oscillospiraceae,CAG-170,CAG-170 sp000432135,CAG-170 sp000432135_1,55
p23220-s377_SNT0009PR-S-day28,p23220-s377_SNT0009PR-S-day28_S376_concoct_37,P49,W12,P49_W12,SNT,2,D28,7/26/23,PR,concoct,1463532,398,4425,90,Bacteria,Bacillota,Clostridia,Peptostreptococcales,Anaerovoracaceae,S5-A14a,S5-A14a sp900553025,S5-A14a sp900553025_1,113
p23220-s377_SNT0009PR-S-day28,p23220-s377_SNT0009PR-S-day28_S376_concoct_60,P49,W12,P49_W12,SNT,2,D28,7/26/23,PR,concoct,901274,361,2864,84,Bacteria,Bacillota,Clostridia,Peptostreptococcales,Anaerovoracaceae,Alterileibacterium,Alterileibacterium massiliense,Alterileibacterium massiliense_2,358
p23220-s377_SNT0009PR-S-day28,p23220-s377_SNT0009PR-S-day28_S376_metabat2_58,P49,W12,P49_W12,SNT,2,D28,7/26/23,PR,metabat2,1445562,419,3942,86,Bacteria,Bacillota,Clostridia,Christensenellales,CAG-138,PeH17,PeH17 sp000435055,PeH17 sp000435055_1,26
p23220-s377_SNT0009PR-S-day28,p23220-s377_SNT0009PR-S-day28_S376_concoct_81,P49,W12,P49_W12,SNT,2,D28,7/26/23,PR,concoct,2278187,436,6828,88,Bacteria,Bacteroidota,Bacteroidia,Bacteroidales,Bacteroidaceae,Prevotella,Prevotella disiens,Prevotella disiens_1,222
p23220-s377_SNT0009PR-S-day28,p23220-s377_SNT0009PR-S-day28_S376_metabat2_19,P49,W12,P49_W12,SNT,2,D28,7/26/23,PR,metabat2,2236362,185,18139,90,Bacteria,Bacillota,Clostridia,Oscillospirales,Ruminococcaceae,Gemmiger,Gemmiger formicilis,Gemmiger formicilis_1,72
p23220-s377_SNT0009PR-S-day28,p23220-s377_SNT0009PR-S-day28_S376_concoct_3,P49,W12,P49_W12,SNT,2,D28,7/26/23,PR,concoct,7153493,1789,4709,88,Bacteria,Bacillota,Clostridia,Lachnospirales,Lachnospiraceae,Eisenbergiella,Eisenbergiella tayi,NA,NA
p23220-s377_SNT0009PR-S-day28,p23220-s377_SNT0009PR-S-day28_S376_metabat2_41,P49,W12,P49_W12,SNT,2,D28,7/26/23,PR,metabat2,1058427,451,2304,73,Bacteria,Bacillota,Bacilli,Lactobacillales,Streptococcaceae,Streptococcus,Streptococcus vaginalis,NA,NA
p23220-s377_SNT0009PR-S-day28,p23220-s377_SNT0009PR-S-day28_S376_concoct_72,P49,W12,P49_W12,SNT,2,D28,7/26/23,PR,concoct,2953377,1576,1950,80,Bacteria,Bacillota,Clostridia,Oscillospirales,Oscillospiraceae,Scatomorpha,Scatomorpha sp900545405,NA,NA
p23220-s377_SNT0009PR-S-day28,p23220-s377_SNT0009PR-S-day28_S376_concoct_21,P49,W12,P49_W12,SNT,2,D28,7/26/23,PR,concoct,1407843,792,1855,69,Bacteria,Bacillota,Clostridia,Oscillospirales,Ruminococcaceae,Hominimerdicola,Hominimerdicola aceti,Hominimerdicola aceti_2,377
p23220-s377_SNT0009PR-S-day28,p23220-s377_SNT0009PR-S-day28_S376_concoct_112,P49,W12,P49_W12,SNT,2,D28,7/26/23,PR,concoct,1299597,698,1969,59,Bacteria,Bacillota,Clostridia,Oscillospirales,Ruminococcaceae,Ruminococcus_C,Ruminococcus_C sp000980705,Ruminococcus_C sp000980705_2,563
p23220-s377_SNT0009PR-S-day28,p23220-s377_SNT0009PR-S-day28_S376_maxbin2_050,P49,W12,P49_W12,SNT,2,D28,7/26/23,PR,maxbin2,587150,446,1305,73,Bacteria,Bacillota,Bacilli,Lactobacillales,Streptococcaceae,,Streptococcaceae sp.,NA,NA
p23220-s377_SNT0009PR-S-day28,p23220-s377_SNT0009PR-S-day28_S376_metabat2_28,P49,W12,P49_W12,SNT,2,D28,7/26/23,PR,metabat2,4088266,199,33516,51,Bacteria,Bacteroidota,Bacteroidia,Bacteroidales,Bacteroidaceae,Bacteroides,Bacteroides uniformis,Bacteroides uniformis_1,37
p23220-s377_SNT0009PR-S-day28,p23220-s377_SNT0009PR-S-day28_S376_concoct_49,P49,W12,P49_W12,SNT,2,D28,7/26/23,PR,concoct,2152414,1049,2184,51,Bacteria,Pseudomonadota,Gammaproteobacteria,Enterobacterales,Enterobacteriaceae,Proteus,Proteus mirabilis,Proteus mirabilis_1,100
p23220-s378_SNT0010PR-S-day0,p23220-s378_SNT0010PR-S-day0_S377_concoct_7,P32,W7,P32_W7,SNT,2,D00,6/21/23,PR,concoct,1621468,323,6501,97,NA,NA,NA,NA,NA,NA,NA,NA_1,23
p23220-s378_SNT0010PR-S-day0,p23220-s378_SNT0010PR-S-day0_S377_concoct_42,P32,W7,P32_W7,SNT,2,D00,6/21/23,PR,concoct,2229274,54,78981,98,Bacteria,Bacillota,Clostridia,Oscillospirales,Acutalibacteraceae,CAG-177,CAG-177 sp003538135,CAG-177 sp003538135_1,417
p23220-s378_SNT0010PR-S-day0,p23220-s378_SNT0010PR-S-day0_S377_metabat2_1,P32,W7,P32_W7,SNT,2,D00,6/21/23,PR,metabat2,2324440,84,47999,98,Bacteria,Actinomycetota,Coriobacteriia,Coriobacteriales,Coriobacteriaceae,Collinsella,Collinsella tanakaei,Collinsella tanakaei_1,190
p23220-s378_SNT0010PR-S-day0,p23220-s378_SNT0010PR-S-day0_S377_metabat2_6,P32,W7,P32_W7,SNT,2,D00,6/21/23,PR,metabat2,5213741,434,20555,98,Bacteria,Bacteroidota,Bacteroidia,Bacteroidales,Bacteroidaceae,Phocaeicola,Phocaeicola vulgatus,Phocaeicola vulgatus_1,44
p23220-s378_SNT0010PR-S-day0,p23220-s378_SNT0010PR-S-day0_S377_concoct_24,P32,W7,P32_W7,SNT,2,D00,6/21/23,PR,concoct,2825396,38,153740,94,Bacteria,Verrucomicrobiota,Verrucomicrobiia,Verrucomicrobiales,Akkermansiaceae,Akkermansia,Akkermansia muciniphila,Akkermansia muciniphila_1,6
p23220-s378_SNT0010PR-S-day0,p23220-s378_SNT0010PR-S-day0_S377_concoct_37,P32,W7,P32_W7,SNT,2,D00,6/21/23,PR,concoct,2162794,153,34073,96,Bacteria,Bacillota,Clostridia,Christensenellales,CAG-138,UMGS946,UMGS946 sp900544965,UMGS946 sp900544965_1,130
p23220-s378_SNT0010PR-S-day0,p23220-s378_SNT0010PR-S-day0_S377_concoct_11,P32,W7,P32_W7,SNT,2,D00,6/21/23,PR,concoct,2563112,49,94416,98,Bacteria,Bacillota,Clostridia,Oscillospirales,Acutalibacteraceae,Scatavimonas,Scatavimonas sp900540275,Scatavimonas sp900540275_1,73
p23220-s378_SNT0010PR-S-day0,p23220-s378_SNT0010PR-S-day0_S377_metabat2_30,P32,W7,P32_W7,SNT,2,D00,6/21/23,PR,metabat2,2068070,232,11864,94,Bacteria,Bacteroidota,Bacteroidia,Bacteroidales,Rikenellaceae,Alistipes,Alistipes putredinis,Alistipes putredinis_1,4
p23220-s378_SNT0010PR-S-day0,p23220-s378_SNT0010PR-S-day0_S377_metabat2_34,P32,W7,P32_W7,SNT,2,D00,6/21/23,PR,metabat2,2180443,74,39090,92,Bacteria,Bacillota,Clostridia,Lachnospirales,Lachnospiraceae,Massilistercora,Massilistercora timonensis,Massilistercora timonensis_1,169
p23220-s378_SNT0010PR-S-day0,p23220-s378_SNT0010PR-S-day0_S377_concoct_64,P32,W7,P32_W7,SNT,2,D00,6/21/23,PR,concoct,2625144,120,36795,98,Bacteria,Bacillota,Clostridia,Oscillospirales,Acutalibacteraceae,Fimivicinus,Fimivicinus sp900544715,Fimivicinus sp900544715_1,116
p23220-s378_SNT0010PR-S-day0,p23220-s378_SNT0010PR-S-day0_S377_concoct_61,P32,W7,P32_W7,SNT,2,D00,6/21/23,PR,concoct,3310303,189,26767,88,Unclassified Bacteria,NA,NA,NA,NA,NA,Unclassified Bacteria sp.,NA,NA
p23220-s378_SNT0010PR-S-day0,p23220-s378_SNT0010PR-S-day0_S377_metabat2_18,P32,W7,P32_W7,SNT,2,D00,6/21/23,PR,metabat2,2431267,140,33734,92,Bacteria,Bacillota,Clostridia,Oscillospirales,Oscillospiraceae,Scatomorpha,Scatomorpha sp900545405,Scatomorpha sp900545405_2,282
p23220-s378_SNT0010PR-S-day0,p23220-s378_SNT0010PR-S-day0_S377_metabat2_2,P32,W7,P32_W7,SNT,2,D00,6/21/23,PR,metabat2,3019335,214,20160,88,Bacteria,Bacillota,Clostridia,Lachnospirales,Lachnospiraceae,Anaerobutyricum,Anaerobutyricum stercoripullorum,Anaerobutyricum stercoripullorum_1,307
p23220-s378_SNT0010PR-S-day0,p23220-s378_SNT0010PR-S-day0_S377_metabat2_11,P32,W7,P32_W7,SNT,2,D00,6/21/23,PR,metabat2,4182423,856,6214,88,Bacteria,Bacillota,Clostridia,Oscillospirales,Acutalibacteraceae,Acutalibacter,Acutalibacter timonensis,Acutalibacter timonensis_1,49
p23220-s378_SNT0010PR-S-day0,p23220-s378_SNT0010PR-S-day0_S377_concoct_72,P32,W7,P32_W7,SNT,2,D00,6/21/23,PR,concoct,1822490,502,4456,86,Bacteria,Bacillota,Clostridia,Peptostreptococcales,Anaerovoracaceae,Fimisoma,Fimisoma avicola,Fimisoma avicola_1,254
p23220-s378_SNT0010PR-S-day0,p23220-s378_SNT0010PR-S-day0_S377_metabat2_24,P32,W7,P32_W7,SNT,2,D00,6/21/23,PR,metabat2,2409750,420,7909,82,Bacteria,Bacillota,Clostridia,Christensenellales,Aristaeellaceae,Pullichristensenella,Pullichristensenella sp946496415,Pullichristensenella sp946496415_1,229
p23220-s378_SNT0010PR-S-day0,p23220-s378_SNT0010PR-S-day0_S377_concoct_77,P32,W7,P32_W7,SNT,2,D00,6/21/23,PR,concoct,1203494,602,2124,88,Bacteria,Bacillota,Bacilli,Lactobacillales,Streptococcaceae,Streptococcus,Streptococcus thermophilus,Streptococcus thermophilus_1,174
p23220-s378_SNT0010PR-S-day0,p23220-s378_SNT0010PR-S-day0_S377_concoct_56,P32,W7,P32_W7,SNT,2,D00,6/21/23,PR,concoct,3530738,552,7537,82,Bacteria,Bacillota,Clostridia,Oscillospirales,Ruminococcaceae,Ruthenibacterium,Ruthenibacterium lactatiformans,NA,NA
p23220-s378_SNT0010PR-S-day0,p23220-s378_SNT0010PR-S-day0_S377_metabat2_39,P32,W7,P32_W7,SNT,2,D00,6/21/23,PR,metabat2,4679417,61,159283,67,Bacteria,Pseudomonadota,Gammaproteobacteria,Enterobacterales,Enterobacteriaceae,Escherichia,Escherichia coli,Escherichia coli_1,16
p23220-s378_SNT0010PR-S-day0,p23220-s378_SNT0010PR-S-day0_S377_concoct_25,P32,W7,P32_W7,SNT,2,D00,6/21/23,PR,concoct,350207,232,1458,67,Bacteria,Bacillota,Clostridia,TANB77,CAG-508,CAG-273,CAG-273 sp000438355,NA,NA
p23220-s378_SNT0010PR-S-day0,p23220-s378_SNT0010PR-S-day0_S377_concoct_33,P32,W7,P32_W7,SNT,2,D00,6/21/23,PR,concoct,1142332,749,1502,59,Bacteria,Bacillota,Bacilli,Erysipelotrichales,Coprobacillaceae,Thomasclavelia,Thomasclavelia ramosa,NA,NA
p23220-s378_SNT0010PR-S-day0,p23220-s378_SNT0010PR-S-day0_S377_concoct_50,P32,W7,P32_W7,SNT,2,D00,6/21/23,PR,concoct,2323163,1611,1412,73,Bacteria,Desulfobacterota_I,Desulfovibrionia,Desulfovibrionales,Desulfovibrionaceae,Bilophila,Bilophila sp.,NA,NA
p23220-s379_SNT0010PR-S-day7,p23220-s379_SNT0010PR-S-day7_S378_concoct_30,P32,W8,P32_W8,SNT,2,D07,6/28/23,PR,concoct,5050612,88,124190,100,Bacteria,Pseudomonadota,Gammaproteobacteria,Enterobacterales,Enterobacteriaceae,Escherichia,Escherichia coli,Escherichia coli_1,16
p23220-s379_SNT0010PR-S-day7,p23220-s379_SNT0010PR-S-day7_S378_concoct_56,P32,W8,P32_W8,SNT,2,D07,6/28/23,PR,concoct,6192371,637,14245,100,Bacteria,Pseudomonadota,Gammaproteobacteria,Pseudomonadales,Pseudomonadaceae,Pseudomonas,Pseudomonas aeruginosa,Pseudomonas aeruginosa_1,66
p23220-s379_SNT0010PR-S-day7,p23220-s379_SNT0010PR-S-day7_S378_concoct_46,P32,W8,P32_W8,SNT,2,D07,6/28/23,PR,concoct,1445949,501,3568,97,NA,NA,NA,NA,NA,NA,NA,NA_1,23
p23220-s379_SNT0010PR-S-day7,p23220-s379_SNT0010PR-S-day7_S378_concoct_31,P32,W8,P32_W8,SNT,2,D07,6/28/23,PR,concoct,4158790,151,46744,98,Bacteria,Bacillota,Bacilli,Erysipelotrichales,Erysipelotrichaceae,Clostridium_AQ,Clostridium_AQ innocuum,Clostridium_AQ innocuum_1,20
p23220-s379_SNT0010PR-S-day7,p23220-s379_SNT0010PR-S-day7_S378_metabat2_17,P32,W8,P32_W8,SNT,2,D07,6/28/23,PR,metabat2,3266205,140,36798,98,Bacteria,Bacillota,Bacilli,Erysipelotrichales,Erysipelotrichaceae,Dielma,Dielma fastidiosa,Dielma fastidiosa_1,192
p23220-s379_SNT0010PR-S-day7,p23220-s379_SNT0010PR-S-day7_S378_concoct_22,P32,W8,P32_W8,SNT,2,D07,6/28/23,PR,concoct,5834006,282,31581,98,Bacteria,Bacteroidota,Bacteroidia,Bacteroidales,Tannerellaceae,Parabacteroides,Parabacteroides goldsteinii,Parabacteroides goldsteinii_1,263
p23220-s379_SNT0010PR-S-day7,p23220-s379_SNT0010PR-S-day7_S378_metabat2_10,P32,W8,P32_W8,SNT,2,D07,6/28/23,PR,metabat2,2706603,360,9839,98,Bacteria,Bacillota,Clostridia,Lachnospirales,Lachnospiraceae,Anaerobutyricum,Anaerobutyricum stercoripullorum,Anaerobutyricum stercoripullorum_1,307
p23220-s379_SNT0010PR-S-day7,p23220-s379_SNT0010PR-S-day7_S378_concoct_60,P32,W8,P32_W8,SNT,2,D07,6/28/23,PR,concoct,2852699,43,158449,94,Bacteria,Verrucomicrobiota,Verrucomicrobiia,Verrucomicrobiales,Akkermansiaceae,Akkermansia,Akkermansia muciniphila,Akkermansia muciniphila_1,6
p23220-s379_SNT0010PR-S-day7,p23220-s379_SNT0010PR-S-day7_S378_concoct_66,P32,W8,P32_W8,SNT,2,D07,6/28/23,PR,concoct,1981235,136,33484,96,Bacteria,Bacillota,Clostridia,Christensenellales,CAG-138,UMGS946,UMGS946 sp900544965,UMGS946 sp900544965_1,130
p23220-s379_SNT0010PR-S-day7,p23220-s379_SNT0010PR-S-day7_S378_concoct_81,P32,W8,P32_W8,SNT,2,D07,6/28/23,PR,concoct,2549608,48,87435,98,Bacteria,Bacillota,Clostridia,Oscillospirales,Acutalibacteraceae,Scatavimonas,Scatavimonas sp900540275,Scatavimonas sp900540275_1,73
p23220-s379_SNT0010PR-S-day7,p23220-s379_SNT0010PR-S-day7_S378_metabat2_18,P32,W8,P32_W8,SNT,2,D07,6/28/23,PR,metabat2,2351983,87,36401,100,Bacteria,Bacteroidota,Bacteroidia,Bacteroidales,Rikenellaceae,Alistipes,Alistipes putredinis,Alistipes putredinis_1,4
p23220-s379_SNT0010PR-S-day7,p23220-s379_SNT0010PR-S-day7_S378_concoct_41,P32,W8,P32_W8,SNT,2,D07,6/28/23,PR,concoct,3165142,73,87307,94,Unclassified Bacteria,NA,NA,NA,NA,NA,Unclassified Bacteria sp.,NA,NA
p23220-s379_SNT0010PR-S-day7,p23220-s379_SNT0010PR-S-day7_S378_concoct_20,P32,W8,P32_W8,SNT,2,D07,6/28/23,PR,concoct,2413855,350,10687,94,Bacteria,Actinomycetota,Coriobacteriia,Coriobacteriales,Coriobacteriaceae,Collinsella,Collinsella tanakaei,Collinsella tanakaei_1,190
p23220-s379_SNT0010PR-S-day7,p23220-s379_SNT0010PR-S-day7_S378_metabat2_13,P32,W8,P32_W8,SNT,2,D07,6/28/23,PR,metabat2,2689137,238,16441,82,Bacteria,Bacillota,Clostridia,Oscillospirales,Ruminococcaceae,Ruthenibacterium,Ruthenibacterium lactatiformans,Ruthenibacterium lactatiformans_1,11
p23220-s379_SNT0010PR-S-day7,p23220-s379_SNT0010PR-S-day7_S378_metabat2_1,P32,W8,P32_W8,SNT,2,D07,6/28/23,PR,metabat2,2011741,563,4063,75,Bacteria,Bacillota,Clostridia,Christensenellales,Aristaeellaceae,Pullichristensenella,Pullichristensenella sp946496415,Pullichristensenella sp946496415_1,229
p23220-s379_SNT0010PR-S-day7,p23220-s379_SNT0010PR-S-day7_S378_metabat2_28,P32,W8,P32_W8,SNT,2,D07,6/28/23,PR,metabat2,2469998,716,3840,76,Bacteria,Bacillota,Clostridia,Oscillospirales,Acutalibacteraceae,Fimivicinus,Fimivicinus sp900544715,Fimivicinus sp900544715_1,116
p23220-s379_SNT0010PR-S-day7,p23220-s379_SNT0010PR-S-day7_S378_concoct_57,P32,W8,P32_W8,SNT,2,D07,6/28/23,PR,concoct,1264094,651,2055,69,Bacteria,Bacillota,Clostridia,Peptostreptococcales,Anaerovoracaceae,Fimisoma,Fimisoma avicola,Fimisoma avicola_2,594
p23220-s379_SNT0010PR-S-day7,p23220-s379_SNT0010PR-S-day7_S378_metabat2_3,P32,W8,P32_W8,SNT,2,D07,6/28/23,PR,metabat2,2322115,296,12342,69,Bacteria,Bacillota,Clostridia,Oscillospirales,Oscillospiraceae,Scatomorpha,Scatomorpha intestinigallinarum,Scatomorpha intestinigallinarum_1,74
p23220-s379_SNT0010PR-S-day7,p23220-s379_SNT0010PR-S-day7_S378_maxbin2_023,P32,W8,P32_W8,SNT,2,D07,6/28/23,PR,maxbin2,2626261,713,11039,69,Bacteria,Bacillota,Clostridia,,,,Clostridia sp.,NA,NA
p23220-s379_SNT0010PR-S-day7,p23220-s379_SNT0010PR-S-day7_S378_concoct_76,P32,W8,P32_W8,SNT,2,D07,6/28/23,PR,concoct,1342424,733,1923,61,Bacteria,Bacillota,Clostridia,Oscillospirales,Acutalibacteraceae,CAG-177,CAG-177 sp003538135,CAG-177 sp003538135_2,418
p23220-s379_SNT0010PR-S-day7,p23220-s379_SNT0010PR-S-day7_S378_maxbin2_039,P32,W8,P32_W8,SNT,2,D07,6/28/23,PR,maxbin2,1642179,682,3123,69,Bacteria,Bacillota,Clostridia,Oscillospirales,Oscillospiraceae,Pseudoflavonifractor,Pseudoflavonifractor sp.,NA,NA
p23220-s379_SNT0010PR-S-day7,p23220-s379_SNT0010PR-S-day7_S378_concoct_19,P32,W8,P32_W8,SNT,2,D07,6/28/23,PR,concoct,574406,328,1731,61,Bacteria,Bacillota,Clostridia,Lachnospirales,Anaerotignaceae,Metalachnospira,Metalachnospira sp900548595,Metalachnospira sp900548595_1,616
p23220-s379_SNT0010PR-S-day7,p23220-s379_SNT0010PR-S-day7_S378_metabat2_43,P32,W8,P32_W8,SNT,2,D07,6/28/23,PR,metabat2,2122850,70,45645,55,Bacteria,Bacillota,Clostridia,Lachnospirales,Lachnospiraceae,Massilistercora,Massilistercora timonensis,Massilistercora timonensis_1,169
p23220-s379_SNT0010PR-S-day7,p23220-s379_SNT0010PR-S-day7_S378_maxbin2_009,P32,W8,P32_W8,SNT,2,D07,6/28/23,PR,maxbin2,487404,17,28643,55,Bacteria,Bacteroidota,Bacteroidia,Bacteroidales,Bacteroidaceae,Phocaeicola,Phocaeicola sp.,NA,NA
p23220-s379_SNT0010PR-S-day7,p23220-s379_SNT0010PR-S-day7_S378_metabat2_7,P32,W8,P32_W8,SNT,2,D07,6/28/23,PR,metabat2,5439682,343,31976,84,Bacteria,Bacteroidota,Bacteroidia,Bacteroidales,Bacteroidaceae,Phocaeicola,Phocaeicola vulgatus,NA,NA
p23220-s379_SNT0010PR-S-day7,p23220-s379_SNT0010PR-S-day7_S378_concoct_69,P32,W8,P32_W8,SNT,2,D07,6/28/23,PR,concoct,1639176,754,2418,53,Bacteria,Bacillota,Clostridia,Oscillospirales,Ruminococcaceae,Ruthenibacterium,Ruthenibacterium merdipullorum,Ruthenibacterium merdipullorum_1,119
p23220-s379_SNT0010PR-S-day7,p23220-s379_SNT0010PR-S-day7_S378_metabat2_26,P32,W8,P32_W8,SNT,2,D07,6/28/23,PR,metabat2,2282514,643,4139,63,Bacteria,Bacillota,Clostridia,Tissierellales,Peptoniphilaceae,Finegoldia,Finegoldia magna_J,Finegoldia magna_J_1,660
p23220-s379_SNT0010PR-S-day7,p23220-s379_SNT0010PR-S-day7_S378_concoct_32,P32,W8,P32_W8,SNT,2,D07,6/28/23,PR,concoct,1290892,749,1750,51,Bacteria,Bacillota,Clostridia,Lachnospirales,Anaerotignaceae,Anaerotignum,Anaerotignum lactatifermentans,NA,NA
p23220-s380_SNT0010PR-S-day14,p23220-s380_SNT0010PR-S-day14_S379_metabat2_23,P32,W9,P32_W9,SNT,2,D14,7/5/23,PR,metabat2,4658119,49,164602,100,Bacteria,Pseudomonadota,Gammaproteobacteria,Enterobacterales,Enterobacteriaceae,Escherichia,Escherichia coli,Escherichia coli_1,16
p23220-s380_SNT0010PR-S-day14,p23220-s380_SNT0010PR-S-day14_S379_concoct_42,P32,W9,P32_W9,SNT,2,D14,7/5/23,PR,concoct,6569176,183,81050,100,Bacteria,Pseudomonadota,Gammaproteobacteria,Pseudomonadales,Pseudomonadaceae,Pseudomonas,Pseudomonas aeruginosa,Pseudomonas aeruginosa_1,66
p23220-s380_SNT0010PR-S-day14,p23220-s380_SNT0010PR-S-day14_S379_metabat2_10,P32,W9,P32_W9,SNT,2,D14,7/5/23,PR,metabat2,3947241,170,35546,98,Bacteria,Bacillota,Bacilli,Erysipelotrichales,Erysipelotrichaceae,Clostridium_AQ,Clostridium_AQ innocuum,Clostridium_AQ innocuum_1,20
p23220-s380_SNT0010PR-S-day14,p23220-s380_SNT0010PR-S-day14_S379_metabat2_14,P32,W9,P32_W9,SNT,2,D14,7/5/23,PR,metabat2,1941821,328,7332,98,Bacteria,Bacillota,Clostridia,Peptostreptococcales,Anaerovoracaceae,Fimisoma,Fimisoma avicola,Fimisoma avicola_1,254
p23220-s380_SNT0010PR-S-day14,p23220-s380_SNT0010PR-S-day14_S379_concoct_57,P32,W9,P32_W9,SNT,2,D14,7/5/23,PR,concoct,1908439,319,7969,100,Bacteria,Bacillota,Clostridia,Christensenellales,CAG-138,UMGS946,UMGS946 sp900544965,UMGS946 sp900544965_1,130
p23220-s380_SNT0010PR-S-day14,p23220-s380_SNT0010PR-S-day14_S379_concoct_14,P32,W9,P32_W9,SNT,2,D14,7/5/23,PR,concoct,2854786,52,120063,94,Bacteria,Verrucomicrobiota,Verrucomicrobiia,Verrucomicrobiales,Akkermansiaceae,Akkermansia,Akkermansia muciniphila,Akkermansia muciniphila_1,6
p23220-s380_SNT0010PR-S-day14,p23220-s380_SNT0010PR-S-day14_S379_metabat2_8,P32,W9,P32_W9,SNT,2,D14,7/5/23,PR,metabat2,2886122,45,99908,94,Bacteria,Bacteroidota,Bacteroidia,Bacteroidales,Rikenellaceae,Alistipes,Alistipes onderdonkii,Alistipes onderdonkii_1,14
p23220-s380_SNT0010PR-S-day14,p23220-s380_SNT0010PR-S-day14_S379_metabat2_25,P32,W9,P32_W9,SNT,2,D14,7/5/23,PR,metabat2,2496003,268,14738,96,Bacteria,Bacillota,Clostridia,Oscillospirales,Oscillospiraceae,Scatomorpha,Scatomorpha intestinigallinarum,Scatomorpha intestinigallinarum_1,74
p23220-s380_SNT0010PR-S-day14,p23220-s380_SNT0010PR-S-day14_S379_concoct_3,P32,W9,P32_W9,SNT,2,D14,7/5/23,PR,concoct,2541844,51,84436,98,Bacteria,Bacillota,Clostridia,Oscillospirales,Acutalibacteraceae,Scatavimonas,Scatavimonas sp900540275,Scatavimonas sp900540275_1,73
p23220-s380_SNT0010PR-S-day14,p23220-s380_SNT0010PR-S-day14_S379_concoct_20,P32,W9,P32_W9,SNT,2,D14,7/5/23,PR,concoct,3076662,465,9419,94,Bacteria,Bacillota,Bacilli,Erysipelotrichales,Erysipelotrichaceae,Dielma,Dielma fastidiosa,Dielma fastidiosa_1,192
p23220-s380_SNT0010PR-S-day14,p23220-s380_SNT0010PR-S-day14_S379_concoct_32,P32,W9,P32_W9,SNT,2,D14,7/5/23,PR,concoct,2363702,89,45524,88,Bacteria,Bacillota,Clostridia,Lachnospirales,Lachnospiraceae,Massilistercora,Massilistercora timonensis,Massilistercora timonensis_1,169
p23220-s380_SNT0010PR-S-day14,p23220-s380_SNT0010PR-S-day14_S379_metabat2_29,P32,W9,P32_W9,SNT,2,D14,7/5/23,PR,metabat2,1978261,364,6670,84,Bacteria,Bacteroidota,Bacteroidia,Bacteroidales,Rikenellaceae,Alistipes,Alistipes putredinis,Alistipes putredinis_1,4
p23220-s380_SNT0010PR-S-day14,p23220-s380_SNT0010PR-S-day14_S379_concoct_62,P32,W9,P32_W9,SNT,2,D14,7/5/23,PR,concoct,1113045,542,2262,79,NA,NA,NA,NA,NA,NA,NA,NA_1,23
p23220-s380_SNT0010PR-S-day14,p23220-s380_SNT0010PR-S-day14_S379_metabat2_26,P32,W9,P32_W9,SNT,2,D14,7/5/23,PR,metabat2,3752496,963,4650,82,Bacteria,Bacillota,Clostridia,Lachnospirales,Lachnospiraceae,Frisingicoccus,Frisingicoccus sp902471845,Frisingicoccus sp902471845_1,109
p23220-s380_SNT0010PR-S-day14,p23220-s380_SNT0010PR-S-day14_S379_concoct_25,P32,W9,P32_W9,SNT,2,D14,7/5/23,PR,concoct,2239647,1095,2244,92,Bacteria,Actinomycetota,Coriobacteriia,Coriobacteriales,Coriobacteriaceae,Collinsella,Collinsella tanakaei,NA,NA
p23220-s380_SNT0010PR-S-day14,p23220-s380_SNT0010PR-S-day14_S379_metabat2_22,P32,W9,P32_W9,SNT,2,D14,7/5/23,PR,metabat2,3468465,884,4559,100,Bacteria,Bacillota,Clostridia,Christensenellales,Aristaeellaceae,Limiplasma,Limiplasma merdipullorum,NA,NA
p23220-s380_SNT0010PR-S-day14,p23220-s380_SNT0010PR-S-day14_S379_concoct_59,P32,W9,P32_W9,SNT,2,D14,7/5/23,PR,concoct,1897915,1159,1588,75,Bacteria,Bacillota,Clostridia,Christensenellales,Aristaeellaceae,Pullichristensenella,Pullichristensenella sp946496415,NA,NA
p23220-s380_SNT0010PR-S-day14,p23220-s380_SNT0010PR-S-day14_S379_concoct_67,P32,W9,P32_W9,SNT,2,D14,7/5/23,PR,concoct,4669513,892,6128,86,Bacteria,Bacillota,Clostridia,Oscillospirales,Ruminococcaceae,Ruthenibacterium,Ruthenibacterium lactatiformans,NA,NA
p23220-s381_SNT0010PR-S-day21,p23220-s381_SNT0010PR-S-day21_S380_concoct_27,P32,W10,P32_W10,SNT,2,D21,7/12/23,PR,concoct,1858448,53,62371,100,NA,NA,NA,NA,NA,NA,NA,NA_1,23
p23220-s381_SNT0010PR-S-day21,p23220-s381_SNT0010PR-S-day21_S380_concoct_38,P32,W10,P32_W10,SNT,2,D21,7/12/23,PR,concoct,2089187,135,38760,100,Bacteria,Bacillota,Clostridia,Christensenellales,CAG-138,UMGS946,UMGS946 sp900544965,UMGS946 sp900544965_1,130
p23220-s381_SNT0010PR-S-day21,p23220-s381_SNT0010PR-S-day21_S380_metabat2_18,P32,W10,P32_W10,SNT,2,D21,7/12/23,PR,metabat2,1896082,96,31090,98,Bacteria,Bacillota,Clostridia,Oscillospirales,Oscillospiraceae,Vescimonas,Vescimonas sp000435975,Vescimonas sp000435975_1,93
p23220-s381_SNT0010PR-S-day21,p23220-s381_SNT0010PR-S-day21_S380_concoct_36,P32,W10,P32_W10,SNT,2,D21,7/12/23,PR,concoct,2564888,195,19925,98,Bacteria,Bacillota,Clostridia,Peptostreptococcales,Anaerovoracaceae,Fimisoma,Fimisoma avicola,Fimisoma avicola_1,254
p23220-s381_SNT0010PR-S-day21,p23220-s381_SNT0010PR-S-day21_S380_concoct_55,P32,W10,P32_W10,SNT,2,D21,7/12/23,PR,concoct,2542773,207,18126,98,Bacteria,Bacillota,Clostridia,Oscillospirales,Oscillospiraceae,Scatomorpha,Scatomorpha intestinigallinarum,Scatomorpha intestinigallinarum_1,74
p23220-s381_SNT0010PR-S-day21,p23220-s381_SNT0010PR-S-day21_S380_concoct_73,P32,W10,P32_W10,SNT,2,D21,7/12/23,PR,concoct,2827911,46,123620,94,Bacteria,Verrucomicrobiota,Verrucomicrobiia,Verrucomicrobiales,Akkermansiaceae,Akkermansia,Akkermansia muciniphila,Akkermansia muciniphila_1,6
p23220-s381_SNT0010PR-S-day21,p23220-s381_SNT0010PR-S-day21_S380_concoct_18,P32,W10,P32_W10,SNT,2,D21,7/12/23,PR,concoct,1503040,256,8989,96,Bacteria,Actinomycetota,Actinomycetes,Actinomycetales,Bifidobacteriaceae,Bifidobacterium,Bifidobacterium swidsinskii,Bifidobacterium swidsinskii_1,486
p23220-s381_SNT0010PR-S-day21,p23220-s381_SNT0010PR-S-day21_S380_concoct_75,P32,W10,P32_W10,SNT,2,D21,7/12/23,PR,concoct,2607035,47,133221,98,Bacteria,Bacillota,Clostridia,Oscillospirales,Acutalibacteraceae,Scatavimonas,Scatavimonas sp900540275,Scatavimonas sp900540275_1,73
p23220-s381_SNT0010PR-S-day21,p23220-s381_SNT0010PR-S-day21_S380_concoct_45,P32,W10,P32_W10,SNT,2,D21,7/12/23,PR,concoct,2301418,90,44234,98,Bacteria,Bacillota,Clostridia,Lachnospirales,Lachnospiraceae,Massilistercora,Massilistercora timonensis,Massilistercora timonensis_1,169
p23220-s381_SNT0010PR-S-day21,p23220-s381_SNT0010PR-S-day21_S380_concoct_26,P32,W10,P32_W10,SNT,2,D21,7/12/23,PR,concoct,3470216,271,27373,98,Bacteria,Bacteroidota,Bacteroidia,Bacteroidales,Rikenellaceae,Alistipes,Alistipes onderdonkii,Alistipes onderdonkii_1,14
p23220-s381_SNT0010PR-S-day21,p23220-s381_SNT0010PR-S-day21_S380_concoct_63,P32,W10,P32_W10,SNT,2,D21,7/12/23,PR,concoct,1538176,401,4989,98,Bacteria,Bacillota,Clostridia,TANB77,CAG-508,CAG-273,CAG-273 sp000438355,CAG-273 sp000438355_1,349
p23220-s381_SNT0010PR-S-day21,p23220-s381_SNT0010PR-S-day21_S380_metabat2_21,P32,W10,P32_W10,SNT,2,D21,7/12/23,PR,metabat2,2338598,169,21511,96,Bacteria,Actinomycetota,Coriobacteriia,Coriobacteriales,Coriobacteriaceae,Collinsella,Collinsella tanakaei,Collinsella tanakaei_1,190
p23220-s381_SNT0010PR-S-day21,p23220-s381_SNT0010PR-S-day21_S380_concoct_12,P32,W10,P32_W10,SNT,2,D21,7/12/23,PR,concoct,2400570,541,5735,80,Bacteria,Bacillota,Clostridia,Oscillospirales,Acutalibacteraceae,Fimivicinus,Fimivicinus sp900544715,Fimivicinus sp900544715_1,116
p23220-s381_SNT0010PR-S-day21,p23220-s381_SNT0010PR-S-day21_S380_concoct_41,P32,W10,P32_W10,SNT,2,D21,7/12/23,PR,concoct,5913579,743,11180,84,Bacteria,Bacillota,Clostridia,Lachnospirales,Lachnospiraceae,Dorea_D,Dorea_D sp900543415,NA,NA
p23220-s381_SNT0010PR-S-day21,p23220-s381_SNT0010PR-S-day21_S380_metabat2_20,P32,W10,P32_W10,SNT,2,D21,7/12/23,PR,metabat2,4332632,703,8090,65,Bacteria,Pseudomonadota,Gammaproteobacteria,Enterobacterales,Enterobacteriaceae,Escherichia,Escherichia coli,Escherichia coli_1,16
p23220-s381_SNT0010PR-S-day21,p23220-s381_SNT0010PR-S-day21_S380_metabat2_22,P32,W10,P32_W10,SNT,2,D21,7/12/23,PR,metabat2,2616822,831,3506,75,Bacteria,Bacillota,Clostridia,Christensenellales,Aristaeellaceae,Limiplasma,Limiplasma merdipullorum,NA,NA
p23220-s381_SNT0010PR-S-day21,p23220-s381_SNT0010PR-S-day21_S380_concoct_80,P32,W10,P32_W10,SNT,2,D21,7/12/23,PR,concoct,1703045,1028,1690,61,Bacteria,Bacillota,Clostridia,Lachnospirales,Lachnospiraceae,Anaerobutyricum,Anaerobutyricum stercoripullorum,Anaerobutyricum stercoripullorum_2,499
p23220-s381_SNT0010PR-S-day21,p23220-s381_SNT0010PR-S-day21_S380_concoct_7,P32,W10,P32_W10,SNT,2,D21,7/12/23,PR,concoct,1113805,680,1644,51,Bacteria,Bacillota,DTU025,DTUO25,HGM14224,HGM14224,HGM14224 sp900761905,NA,NA
p23220-s382_SNT0010PR-S-day28,p23220-s382_SNT0010PR-S-day28_S381_metabat2_6,P32,W11,P32_W11,SNT,2,D28,7/19/23,PR,metabat2,4678884,48,152010,100,Bacteria,Pseudomonadota,Gammaproteobacteria,Enterobacterales,Enterobacteriaceae,Escherichia,Escherichia coli,Escherichia coli_1,16
p23220-s382_SNT0010PR-S-day28,p23220-s382_SNT0010PR-S-day28_S381_metabat2_9,P32,W11,P32_W11,SNT,2,D28,7/19/23,PR,metabat2,3083504,55,109583,100,Bacteria,Bacteroidota,Bacteroidia,Bacteroidales,Rikenellaceae,Alistipes,Alistipes onderdonkii,Alistipes onderdonkii_1,14
p23220-s382_SNT0010PR-S-day28,p23220-s382_SNT0010PR-S-day28_S381_maxbin2_005,P32,W11,P32_W11,SNT,2,D28,7/19/23,PR,maxbin2,4127620,254,57566,98,Bacteria,Bacillota,Bacilli,Erysipelotrichales,Erysipelotrichaceae,Clostridium_AQ,Clostridium_AQ innocuum,Clostridium_AQ innocuum_1,20
p23220-s382_SNT0010PR-S-day28,p23220-s382_SNT0010PR-S-day28_S381_metabat2_10,P32,W11,P32_W11,SNT,2,D28,7/19/23,PR,metabat2,2788309,35,123620,94,Bacteria,Verrucomicrobiota,Verrucomicrobiia,Verrucomicrobiales,Akkermansiaceae,Akkermansia,Akkermansia muciniphila,Akkermansia muciniphila_1,6
p23220-s382_SNT0010PR-S-day28,p23220-s382_SNT0010PR-S-day28_S381_metabat2_17,P32,W11,P32_W11,SNT,2,D28,7/19/23,PR,metabat2,2249903,380,7656,98,Bacteria,Bacillota,Clostridia,Oscillospirales,Acutalibacteraceae,Scatavimonas,Scatavimonas sp900540275,Scatavimonas sp900540275_1,73
p23220-s382_SNT0010PR-S-day28,p23220-s382_SNT0010PR-S-day28_S381_metabat2_20,P32,W11,P32_W11,SNT,2,D28,7/19/23,PR,metabat2,2037282,76,33091,94,Bacteria,Bacillota,Clostridia,Lachnospirales,Lachnospiraceae,Massilistercora,Massilistercora timonensis,Massilistercora timonensis_1,169
p23220-s382_SNT0010PR-S-day28,p23220-s382_SNT0010PR-S-day28_S381_metabat2_2,P32,W11,P32_W11,SNT,2,D28,7/19/23,PR,metabat2,2326875,364,8439,92,Bacteria,Bacillota,Clostridia,Oscillospirales,Oscillospiraceae,Scatomorpha,Scatomorpha intestinigallinarum,Scatomorpha intestinigallinarum_1,74
p23220-s382_SNT0010PR-S-day28,p23220-s382_SNT0010PR-S-day28_S381_concoct_0,P32,W11,P32_W11,SNT,2,D28,7/19/23,PR,concoct,3553033,540,8528,94,Bacteria,Bacillota,Clostridia,Christensenellales,Aristaeellaceae,Limiplasma,Limiplasma merdipullorum,Limiplasma merdipullorum_1,138
p23220-s382_SNT0010PR-S-day28,p23220-s382_SNT0010PR-S-day28_S381_metabat2_18,P32,W11,P32_W11,SNT,2,D28,7/19/23,PR,metabat2,2663841,429,8555,94,Bacteria,Bacillota,Clostridia,Christensenellales,Aristaeellaceae,Limiplasma,Limiplasma merdipullorum,NA,NA
p23220-s382_SNT0010PR-S-day28,p23220-s382_SNT0010PR-S-day28_S381_concoct_14,P32,W11,P32_W11,SNT,2,D28,7/19/23,PR,concoct,4390613,905,5855,80,Bacteria,Bacillota,Clostridia,Peptostreptococcales,Anaerovoracaceae,Emergencia,Emergencia sp.,Emergencia sp._1,556
p23220-s382_SNT0010PR-S-day28,p23220-s382_SNT0010PR-S-day28_S381_metabat2_14,P32,W11,P32_W11,SNT,2,D28,7/19/23,PR,metabat2,1588787,465,3886,65,Bacteria,Bacteroidota,Bacteroidia,Bacteroidales,Rikenellaceae,Alistipes,Alistipes putredinis,Alistipes putredinis_1,4
p23220-s382_SNT0010PR-S-day28,p23220-s382_SNT0010PR-S-day28_S381_maxbin2_022,P32,W11,P32_W11,SNT,2,D28,7/19/23,PR,maxbin2,3366554,1912,1685,75,NA,NA,NA,NA,NA,NA,NA,NA,NA
p23220-s383_SNT0011PR-S-day0,p23220-s383_SNT0011PR-S-day0_S382_maxbin2_001,P50,W7,P50_W7,SNT,2,D00,6/21/23,PR,maxbin2,4704267,53,332053,100,Bacteria,Pseudomonadota,Gammaproteobacteria,Enterobacterales,Enterobacteriaceae,Enterobacter,Enterobacter hormaechei_C,Enterobacter hormaechei_C_1,209
p23220-s383_SNT0011PR-S-day0,p23220-s383_SNT0011PR-S-day0_S382_concoct_10,P50,W7,P50_W7,SNT,2,D00,6/21/23,PR,concoct,2977240,61,101458,100,Bacteria,Bacillota,Bacilli,Lactobacillales,Enterococcaceae,Enterococcus,Enterococcus faecalis,Enterococcus faecalis_1,2
p23220-s383_SNT0011PR-S-day0,p23220-s383_SNT0011PR-S-day0_S382_concoct_0,P50,W7,P50_W7,SNT,2,D00,6/21/23,PR,concoct,6301598,199,57918,100,Bacteria,Pseudomonadota,Gammaproteobacteria,Pseudomonadales,Pseudomonadaceae,Pseudomonas,Pseudomonas aeruginosa,Pseudomonas aeruginosa_1,66
p23220-s383_SNT0011PR-S-day0,p23220-s383_SNT0011PR-S-day0_S382_concoct_15,P50,W7,P50_W7,SNT,2,D00,6/21/23,PR,concoct,3971964,57,144828,98,Bacteria,Bacillota,Bacilli,Erysipelotrichales,Erysipelotrichaceae,Clostridium_AQ,Clostridium_AQ innocuum,Clostridium_AQ innocuum_1,20
p23220-s383_SNT0011PR-S-day0,p23220-s383_SNT0011PR-S-day0_S382_metabat2_4,P50,W7,P50_W7,SNT,2,D00,6/21/23,PR,metabat2,5902810,112,77321,100,Bacteria,Bacillota,Clostridia,Lachnospirales,Lachnospiraceae,Blautia,Blautia hominis,Blautia hominis_1,313
p23220-s383_SNT0011PR-S-day0,p23220-s383_SNT0011PR-S-day0_S382_maxbin2_007,P50,W7,P50_W7,SNT,2,D00,6/21/23,PR,maxbin2,2585646,261,16051,94,Bacteria,Bacillota,Clostridia,Oscillospirales,Ruminococcaceae,Hominimerdicola,Hominimerdicola aceti,Hominimerdicola aceti_1,22
p23220-s383_SNT0011PR-S-day0,p23220-s383_SNT0011PR-S-day0_S382_concoct_1,P50,W7,P50_W7,SNT,2,D00,6/21/23,PR,concoct,2917250,369,11281,82,Bacteria,Bacillota,Clostridia,Lachnospirales,Lachnospiraceae,Anaerostipes,Anaerostipes caccae,Anaerostipes caccae_1,56
p23220-s384_SNT0011PR-S-day7,p23220-s384_SNT0011PR-S-day7_S383_concoct_103,P50,W8,P50_W8,SNT,2,D07,6/28/23,PR,concoct,2974451,34,202245,100,Bacteria,Bacillota,Bacilli,Lactobacillales,Enterococcaceae,Enterococcus,Enterococcus faecalis,Enterococcus faecalis_1,2
p23220-s384_SNT0011PR-S-day7,p23220-s384_SNT0011PR-S-day7_S383_metabat2_17,P50,W8,P50_W8,SNT,2,D07,6/28/23,PR,metabat2,4470853,125,61655,100,Bacteria,Pseudomonadota,Gammaproteobacteria,Enterobacterales,Enterobacteriaceae,Enterobacter,Enterobacter hormaechei_C,Enterobacter hormaechei_C_1,209
p23220-s384_SNT0011PR-S-day7,p23220-s384_SNT0011PR-S-day7_S383_metabat2_38,P50,W8,P50_W8,SNT,2,D07,6/28/23,PR,metabat2,2220171,56,60556,100,Bacteria,Bacteroidota,Bacteroidia,Bacteroidales,Rikenellaceae,Alistipes,Alistipes putredinis,Alistipes putredinis_1,4
p23220-s384_SNT0011PR-S-day7,p23220-s384_SNT0011PR-S-day7_S383_concoct_55,P50,W8,P50_W8,SNT,2,D07,6/28/23,PR,concoct,1658824,247,9460,100,NA,NA,NA,NA,NA,NA,NA,NA_1,23
p23220-s384_SNT0011PR-S-day7,p23220-s384_SNT0011PR-S-day7_S383_metabat2_14,P50,W8,P50_W8,SNT,2,D07,6/28/23,PR,metabat2,2002166,140,24078,98,Bacteria,Actinomycetota,Actinomycetes,Actinomycetales,Bifidobacteriaceae,Bifidobacterium,Bifidobacterium longum,Bifidobacterium longum_1,13
p23220-s384_SNT0011PR-S-day7,p23220-s384_SNT0011PR-S-day7_S383_concoct_85,P50,W8,P50_W8,SNT,2,D07,6/28/23,PR,concoct,2100253,111,28648,96,Bacteria,Bacillota,Clostridia,Peptostreptococcales,Anaerovoracaceae,Fimisoma,Fimisoma sp000435715,Fimisoma sp000435715_1,36
p23220-s384_SNT0011PR-S-day7,p23220-s384_SNT0011PR-S-day7_S383_concoct_17,P50,W8,P50_W8,SNT,2,D07,6/28/23,PR,concoct,1987706,40,84389,98,Bacteria,Bacillota,Clostridia,Christensenellales,CAG-138,PeH17,PeH17 sp000435055,PeH17 sp000435055_1,26
p23220-s384_SNT0011PR-S-day7,p23220-s384_SNT0011PR-S-day7_S383_metabat2_39,P50,W8,P50_W8,SNT,2,D07,6/28/23,PR,metabat2,1867131,138,21902,98,Bacteria,Bacillota,Clostridia,Christensenellales,CAG-138,SFEL01,SFEL01 sp004557245,SFEL01 sp004557245_1,60
p23220-s384_SNT0011PR-S-day7,p23220-s384_SNT0011PR-S-day7_S383_metabat2_65,P50,W8,P50_W8,SNT,2,D07,6/28/23,PR,metabat2,1867197,270,10273,98,Bacteria,Actinomycetota,Coriobacteriia,Coriobacteriales,Coriobacteriaceae,Collinsella,Collinsella sp.,Collinsella sp._1,31
p23220-s384_SNT0011PR-S-day7,p23220-s384_SNT0011PR-S-day7_S383_metabat2_28,P50,W8,P50_W8,SNT,2,D07,6/28/23,PR,metabat2,2308583,90,38271,100,Bacteria,Bacillota,Clostridia,Lachnospirales,Lachnospiraceae,Mediterraneibacter,Mediterraneibacter torques,Mediterraneibacter torques_1,5
p23220-s384_SNT0011PR-S-day7,p23220-s384_SNT0011PR-S-day7_S383_metabat2_33,P50,W8,P50_W8,SNT,2,D07,6/28/23,PR,metabat2,4012023,55,140718,94,Bacteria,Bacillota,Bacilli,Erysipelotrichales,Erysipelotrichaceae,Clostridium_AQ,Clostridium_AQ innocuum,Clostridium_AQ innocuum_1,20
p23220-s384_SNT0011PR-S-day7,p23220-s384_SNT0011PR-S-day7_S383_metabat2_24,P50,W8,P50_W8,SNT,2,D07,6/28/23,PR,metabat2,2501556,323,10760,94,Bacteria,Verrucomicrobiota,Verrucomicrobiia,Verrucomicrobiales,Akkermansiaceae,Akkermansia,Akkermansia muciniphila,Akkermansia muciniphila_1,6
p23220-s384_SNT0011PR-S-day7,p23220-s384_SNT0011PR-S-day7_S383_metabat2_70,P50,W8,P50_W8,SNT,2,D07,6/28/23,PR,metabat2,2905257,84,54083,96,Bacteria,Bacillota,Clostridia,Christensenellales,Aristaeellaceae,Faecivicinus,Faecivicinus sp.,Faecivicinus sp._1,228
p23220-s384_SNT0011PR-S-day7,p23220-s384_SNT0011PR-S-day7_S383_metabat2_48,P50,W8,P50_W8,SNT,2,D07,6/28/23,PR,metabat2,2129905,161,23369,96,Bacteria,Bacillota,Clostridia,Oscillospirales,Ruminococcaceae,Faecalibacterium,Faecalibacterium duncaniae,Faecalibacterium duncaniae_1,156
p23220-s384_SNT0011PR-S-day7,p23220-s384_SNT0011PR-S-day7_S383_concoct_36,P50,W8,P50_W8,SNT,2,D07,6/28/23,PR,concoct,1737960,165,14746,96,Bacteria,Bacillota,Clostridia,Oscillospirales,Oscillospiraceae,Vescimonas,Vescimonas coprocola,Vescimonas coprocola_1,7
p23220-s384_SNT0011PR-S-day7,p23220-s384_SNT0011PR-S-day7_S383_concoct_20,P50,W8,P50_W8,SNT,2,D07,6/28/23,PR,concoct,1819661,100,32510,98,Bacteria,Bacillota,Clostridia,Christensenellales,QAND01,UMGS1975,UMGS1975 sp900546685,UMGS1975 sp900546685_1,235
p23220-s384_SNT0011PR-S-day7,p23220-s384_SNT0011PR-S-day7_S383_metabat2_11,P50,W8,P50_W8,SNT,2,D07,6/28/23,PR,metabat2,2523594,110,34507,94,Bacteria,Bacillota,Clostridia,Christensenellales,CAG-138,UBA1685,UBA1685 sp002320595,UBA1685 sp002320595_1,219
p23220-s384_SNT0011PR-S-day7,p23220-s384_SNT0011PR-S-day7_S383_metabat2_72,P50,W8,P50_W8,SNT,2,D07,6/28/23,PR,metabat2,2235978,105,31906,94,Bacteria,Bacillota,Clostridia,Oscillospirales,Acutalibacteraceae,Acutalibacter,Acutalibacter sp900548545,Acutalibacter sp900548545_1,160
p23220-s384_SNT0011PR-S-day7,p23220-s384_SNT0011PR-S-day7_S383_concoct_9,P50,W8,P50_W8,SNT,2,D07,6/28/23,PR,concoct,1995323,12,277301,96,Bacteria,Bacillota,Clostridia,Oscillospirales,Acutalibacteraceae,CAG-217,CAG-217 sp000436335,CAG-217 sp000436335_1,46
p23220-s384_SNT0011PR-S-day7,p23220-s384_SNT0011PR-S-day7_S383_concoct_3,P50,W8,P50_W8,SNT,2,D07,6/28/23,PR,concoct,2341965,398,7605,100,Bacteria,Bacillota,Clostridia,Lachnospirales,Lachnospiraceae,Anaerostipes,Anaerostipes hadrus,Anaerostipes hadrus_1,15
p23220-s384_SNT0011PR-S-day7,p23220-s384_SNT0011PR-S-day7_S383_metabat2_30,P50,W8,P50_W8,SNT,2,D07,6/28/23,PR,metabat2,2141954,153,23307,92,Bacteria,Bacillota,Clostridia,Oscillospirales,Acutalibacteraceae,Hominenteromicrobium,Hominenteromicrobium mulieris,Hominenteromicrobium mulieris_1,18
p23220-s384_SNT0011PR-S-day7,p23220-s384_SNT0011PR-S-day7_S383_concoct_76,P50,W8,P50_W8,SNT,2,D07,6/28/23,PR,concoct,2245744,271,12537,92,Bacteria,Bacillota,Clostridia,Oscillospirales,Ruminococcaceae,Porcipelethomonas,Porcipelethomonas sp900538575,Porcipelethomonas sp900538575_1,207
p23220-s384_SNT0011PR-S-day7,p23220-s384_SNT0011PR-S-day7_S383_metabat2_73,P50,W8,P50_W8,SNT,2,D07,6/28/23,PR,metabat2,2790149,239,16301,94,Bacteria,Bacillota,Clostridia,Christensenellales,Aristaeellaceae,Limiplasma,Limiplasma merdipullorum,Limiplasma merdipullorum_1,138
p23220-s384_SNT0011PR-S-day7,p23220-s384_SNT0011PR-S-day7_S383_concoct_69,P50,W8,P50_W8,SNT,2,D07,6/28/23,PR,concoct,2879495,271,17585,90,Bacteria,Bacillota,Clostridia,Oscillospirales,Ruminococcaceae,Ruthenibacterium,Ruthenibacterium lactatiformans,Ruthenibacterium lactatiformans_1,11
p23220-s384_SNT0011PR-S-day7,p23220-s384_SNT0011PR-S-day7_S383_concoct_54,P50,W8,P50_W8,SNT,2,D07,6/28/23,PR,concoct,2751243,576,6228,92,Bacteria,Bacillota,Bacilli,Lactobacillales,Lactobacillaceae,Lacticaseibacillus,Lacticaseibacillus rhamnosus,Lacticaseibacillus rhamnosus_2,102
p23220-s384_SNT0011PR-S-day7,p23220-s384_SNT0011PR-S-day7_S383_concoct_94,P50,W8,P50_W8,SNT,2,D07,6/28/23,PR,concoct,9259700,666,21137,100,Bacteria,Bacillota,Clostridia,Lachnospirales,Lachnospiraceae,Anaerostipes,Anaerostipes caccae,NA,NA
p23220-s384_SNT0011PR-S-day7,p23220-s384_SNT0011PR-S-day7_S383_concoct_63,P50,W8,P50_W8,SNT,2,D07,6/28/23,PR,concoct,2142369,666,3984,88,Bacteria,Bacillota,Clostridia,Oscillospirales,Ruminococcaceae,Hominimerdicola,Hominimerdicola aceti,Hominimerdicola aceti_1,22
p23220-s384_SNT0011PR-S-day7,p23220-s384_SNT0011PR-S-day7_S383_metabat2_60,P50,W8,P50_W8,SNT,2,D07,6/28/23,PR,metabat2,2668373,463,7559,82,Bacteria,Bacillota,Clostridia,Lachnospirales,Lachnospiraceae,Blautia_A,Blautia_A sp900066335,Blautia_A sp900066335_1,543
p23220-s384_SNT0011PR-S-day7,p23220-s384_SNT0011PR-S-day7_S383_metabat2_56,P50,W8,P50_W8,SNT,2,D07,6/28/23,PR,metabat2,1636726,510,3446,75,Bacteria,Bacillota,Clostridia,Oscillospirales,CAG-382,Woodwardiibium,Woodwardiibium gallinarum,Woodwardiibium gallinarum_1,441
p23220-s384_SNT0011PR-S-day7,p23220-s384_SNT0011PR-S-day7_S383_metabat2_40,P50,W8,P50_W8,SNT,2,D07,6/28/23,PR,metabat2,445104,143,3328,69,Bacteria,Bacillota,Clostridia,Oscillospirales,Oscillospiraceae,Scatomorpha,Scatomorpha sp900545405,NA,NA
p23220-s384_SNT0011PR-S-day7,p23220-s384_SNT0011PR-S-day7_S383_metabat2_37,P50,W8,P50_W8,SNT,2,D07,6/28/23,PR,metabat2,2127968,252,12100,69,Bacteria,Actinomycetota,Actinomycetes,Actinomycetales,Bifidobacteriaceae,Bifidobacterium,Bifidobacterium adolescentis,Bifidobacterium adolescentis_1,121
p23220-s384_SNT0011PR-S-day7,p23220-s384_SNT0011PR-S-day7_S383_concoct_62,P50,W8,P50_W8,SNT,2,D07,6/28/23,PR,concoct,4933321,651,10427,65,Bacteria,Bacillota,Clostridia,Lachnospirales,Lachnospiraceae,Blautia_A,Blautia_A hydrogenotrophica,Blautia_A hydrogenotrophica_1,48
p23220-s384_SNT0011PR-S-day7,p23220-s384_SNT0011PR-S-day7_S383_maxbin2_065,P50,W8,P50_W8,SNT,2,D07,6/28/23,PR,maxbin2,1842347,384,4811,65,Bacteria,Bacillota,Clostridia,Oscillospirales,Oscillospiraceae,,Oscillospiraceae sp.,NA,NA
p23220-s384_SNT0011PR-S-day7,p23220-s384_SNT0011PR-S-day7_S383_metabat2_58,P50,W8,P50_W8,SNT,2,D07,6/28/23,PR,metabat2,2862687,914,3364,88,Bacteria,Desulfobacterota_I,Desulfovibrionia,Desulfovibrionales,Desulfovibrionaceae,Bilophila,Bilophila wadsworthia,Bilophila wadsworthia_3,62
p23220-s384_SNT0011PR-S-day7,p23220-s384_SNT0011PR-S-day7_S383_concoct_97,P50,W8,P50_W8,SNT,2,D07,6/28/23,PR,concoct,2459177,1442,1777,65,Bacteria,Bacteroidota,Bacteroidia,Bacteroidales,Rikenellaceae,Alistipes_A,Alistipes_A sp.,NA,NA
p23220-s384_SNT0011PR-S-day7,p23220-s384_SNT0011PR-S-day7_S383_maxbin2_061,P50,W8,P50_W8,SNT,2,D07,6/28/23,PR,maxbin2,3119017,500,6534,55,Bacteria,,,,,,Bacteria sp.,NA,NA
p23220-s384_SNT0011PR-S-day7,p23220-s384_SNT0011PR-S-day7_S383_concoct_66,P50,W8,P50_W8,SNT,2,D07,6/28/23,PR,concoct,1122003,635,1828,55,Bacteria,Bacillota,Clostridia,Christensenellales,QALW01,UMGS1322,UMGS1322 sp900550765,UMGS1322 sp900550765_2,474
p23220-s384_SNT0011PR-S-day7,p23220-s384_SNT0011PR-S-day7_S383_metabat2_68,P50,W8,P50_W8,SNT,2,D07,6/28/23,PR,metabat2,2048417,396,7452,84,Bacteria,Bacillota,Clostridia,Lachnospirales,Lachnospiraceae,Dorea_A,Dorea_A longicatena,Dorea_A longicatena_1,319
p23220-s384_SNT0011PR-S-day7,p23220-s384_SNT0011PR-S-day7_S383_metabat2_53,P50,W8,P50_W8,SNT,2,D07,6/28/23,PR,metabat2,3167840,276,19665,96,Bacteria,Bacillota,Clostridia,Oscillospirales,Oscillospiraceae,CAG-170,CAG-170 sp000432135,NA,NA
p23220-s385_SNT0011PR-S-day14,p23220-s385_SNT0011PR-S-day14_S384_concoct_21,P50,W9,P50_W9,SNT,2,D14,7/5/23,PR,concoct,2977204,52,140587,100,Bacteria,Bacillota,Bacilli,Lactobacillales,Enterococcaceae,Enterococcus,Enterococcus faecalis,Enterococcus faecalis_1,2
p23220-s385_SNT0011PR-S-day14,p23220-s385_SNT0011PR-S-day14_S384_metabat2_47,P50,W9,P50_W9,SNT,2,D14,7/5/23,PR,metabat2,2198155,92,44490,100,Bacteria,Actinomycetota,Actinomycetes,Actinomycetales,Bifidobacteriaceae,Bifidobacterium,Bifidobacterium longum,Bifidobacterium longum_1,13
p23220-s385_SNT0011PR-S-day14,p23220-s385_SNT0011PR-S-day14_S384_metabat2_52,P50,W9,P50_W9,SNT,2,D14,7/5/23,PR,metabat2,1622951,145,18280,100,NA,NA,NA,NA,NA,NA,NA,NA_1,23
p23220-s385_SNT0011PR-S-day14,p23220-s385_SNT0011PR-S-day14_S384_metabat2_7,P50,W9,P50_W9,SNT,2,D14,7/5/23,PR,metabat2,2432747,287,12289,96,Bacteria,Bacillota,Clostridia,Oscillospirales,Ruminococcaceae,Fournierella,Fournierella excrementavium,Fournierella excrementavium_1,139
p23220-s385_SNT0011PR-S-day14,p23220-s385_SNT0011PR-S-day14_S384_metabat2_42,P50,W9,P50_W9,SNT,2,D14,7/5/23,PR,metabat2,1942018,229,11782,96,Bacteria,Bacillota,Clostridia,Peptostreptococcales,Anaerovoracaceae,Fimisoma,Fimisoma sp000435715,Fimisoma sp000435715_1,36
p23220-s385_SNT0011PR-S-day14,p23220-s385_SNT0011PR-S-day14_S384_metabat2_1,P50,W9,P50_W9,SNT,2,D14,7/5/23,PR,metabat2,1921579,31,108795,98,Bacteria,Bacillota,Clostridia,Christensenellales,CAG-138,PeH17,PeH17 sp000435055,PeH17 sp000435055_1,26
p23220-s385_SNT0011PR-S-day14,p23220-s385_SNT0011PR-S-day14_S384_metabat2_35,P50,W9,P50_W9,SNT,2,D14,7/5/23,PR,metabat2,3629803,662,7585,100,Bacteria,Bacillota,Clostridia,Lachnospirales,Lachnospiraceae,Anaerostipes,Anaerostipes hadrus,Anaerostipes hadrus_1,15
p23220-s385_SNT0011PR-S-day14,p23220-s385_SNT0011PR-S-day14_S384_metabat2_33,P50,W9,P50_W9,SNT,2,D14,7/5/23,PR,metabat2,2761176,74,55416,94,Bacteria,Verrucomicrobiota,Verrucomicrobiia,Verrucomicrobiales,Akkermansiaceae,Akkermansia,Akkermansia muciniphila,Akkermansia muciniphila_1,6
p23220-s385_SNT0011PR-S-day14,p23220-s385_SNT0011PR-S-day14_S384_metabat2_23,P50,W9,P50_W9,SNT,2,D14,7/5/23,PR,metabat2,2864382,111,40486,96,Bacteria,Bacillota,Clostridia,Christensenellales,Aristaeellaceae,Faecivicinus,Faecivicinus sp.,Faecivicinus sp._1,228
p23220-s385_SNT0011PR-S-day14,p23220-s385_SNT0011PR-S-day14_S384_concoct_78,P50,W9,P50_W9,SNT,2,D14,7/5/23,PR,concoct,1954362,498,4815,96,Bacteria,Bacillota,Clostridia,Oscillospirales,Acutalibacteraceae,Hominenteromicrobium,Hominenteromicrobium mulieris,Hominenteromicrobium mulieris_1,18
p23220-s385_SNT0011PR-S-day14,p23220-s385_SNT0011PR-S-day14_S384_concoct_15,P50,W9,P50_W9,SNT,2,D14,7/5/23,PR,concoct,2955706,87,62108,98,Bacteria,Bacillota,Bacilli,Lactobacillales,Lactobacillaceae,Lacticaseibacillus,Lacticaseibacillus rhamnosus,Lacticaseibacillus rhamnosus_2,102
p23220-s385_SNT0011PR-S-day14,p23220-s385_SNT0011PR-S-day14_S384_metabat2_30,P50,W9,P50_W9,SNT,2,D14,7/5/23,PR,metabat2,2243195,159,22585,98,Bacteria,Bacillota,Clostridia,Oscillospirales,Oscillospiraceae,Vescimonas,Vescimonas coprocola,Vescimonas coprocola_1,7
p23220-s385_SNT0011PR-S-day14,p23220-s385_SNT0011PR-S-day14_S384_concoct_11,P50,W9,P50_W9,SNT,2,D14,7/5/23,PR,concoct,2142210,191,16754,98,Bacteria,Bacillota,Clostridia,Lachnospirales,Lachnospiraceae,Mediterraneibacter,Mediterraneibacter torques,Mediterraneibacter torques_1,5
p23220-s385_SNT0011PR-S-day14,p23220-s385_SNT0011PR-S-day14_S384_concoct_45,P50,W9,P50_W9,SNT,2,D14,7/5/23,PR,concoct,1754566,385,6065,92,Bacteria,Bacillota,Clostridia,Christensenellales,QAND01,UMGS1975,UMGS1975 sp900546685,UMGS1975 sp900546685_1,235
p23220-s385_SNT0011PR-S-day14,p23220-s385_SNT0011PR-S-day14_S384_metabat2_53,P50,W9,P50_W9,SNT,2,D14,7/5/23,PR,metabat2,2274734,144,23569,94,Bacteria,Bacillota,Clostridia,Oscillospirales,Acutalibacteraceae,Acutalibacter,Acutalibacter sp900548545,Acutalibacter sp900548545_1,160
p23220-s385_SNT0011PR-S-day14,p23220-s385_SNT0011PR-S-day14_S384_concoct_57,P50,W9,P50_W9,SNT,2,D14,7/5/23,PR,concoct,2013030,12,406545,96,Bacteria,Bacillota,Clostridia,Oscillospirales,Acutalibacteraceae,CAG-217,CAG-217 sp000436335,CAG-217 sp000436335_1,46
p23220-s385_SNT0011PR-S-day14,p23220-s385_SNT0011PR-S-day14_S384_metabat2_12,P50,W9,P50_W9,SNT,2,D14,7/5/23,PR,metabat2,1819794,188,14698,96,Bacteria,Bacillota,Clostridia,Oscillospirales,Acutalibacteraceae,Ruminococcoides,Ruminococcoides intestinale,Ruminococcoides intestinale_1,8
p23220-s385_SNT0011PR-S-day14,p23220-s385_SNT0011PR-S-day14_S384_metabat2_48,P50,W9,P50_W9,SNT,2,D14,7/5/23,PR,metabat2,1789763,81,42733,92,Bacteria,Bacillota,Clostridia,Christensenellales,CAG-138,SFEL01,SFEL01 sp004557245,SFEL01 sp004557245_1,60
p23220-s385_SNT0011PR-S-day14,p23220-s385_SNT0011PR-S-day14_S384_concoct_68,P50,W9,P50_W9,SNT,2,D14,7/5/23,PR,concoct,2126299,474,5483,88,Bacteria,Bacillota,Clostridia,Christensenellales,CAG-138,UBA1685,UBA1685 sp002320595,UBA1685 sp002320595_1,219
p23220-s385_SNT0011PR-S-day14,p23220-s385_SNT0011PR-S-day14_S384_concoct_106,P50,W9,P50_W9,SNT,2,D14,7/5/23,PR,concoct,1979754,521,4828,88,Bacteria,Bacillota,Clostridia,UBA1212,UBA1255,Egerieisoma,Egerieisoma sp900543695,Egerieisoma sp900543695_1,203
p23220-s385_SNT0011PR-S-day14,p23220-s385_SNT0011PR-S-day14_S384_metabat2_40,P50,W9,P50_W9,SNT,2,D14,7/5/23,PR,metabat2,2156085,395,7599,90,Bacteria,Bacillota,Clostridia,Oscillospirales,Oscillospiraceae,Faecousia,Faecousia intestinalis,Faecousia intestinalis_1,65
p23220-s385_SNT0011PR-S-day14,p23220-s385_SNT0011PR-S-day14_S384_metabat2_27,P50,W9,P50_W9,SNT,2,D14,7/5/23,PR,metabat2,3032776,383,10576,88,Bacteria,Bacillota,Clostridia,Oscillospirales,Ruminococcaceae,Ruthenibacterium,Ruthenibacterium lactatiformans,Ruthenibacterium lactatiformans_1,11
p23220-s385_SNT0011PR-S-day14,p23220-s385_SNT0011PR-S-day14_S384_concoct_27,P50,W9,P50_W9,SNT,2,D14,7/5/23,PR,concoct,1940432,591,4077,80,Bacteria,Bacillota,Clostridia,Oscillospirales,Ruminococcaceae,Porcipelethomonas,Porcipelethomonas sp900538575,Porcipelethomonas sp900538575_1,207
p23220-s385_SNT0011PR-S-day14,p23220-s385_SNT0011PR-S-day14_S384_metabat2_18,P50,W9,P50_W9,SNT,2,D14,7/5/23,PR,metabat2,1546899,449,3590,88,Bacteria,Actinomycetota,Coriobacteriia,Coriobacteriales,Coriobacteriaceae,Collinsella,Collinsella sp900542895,Collinsella sp900542895_1,162
p23220-s385_SNT0011PR-S-day14,p23220-s385_SNT0011PR-S-day14_S384_metabat2_36,P50,W9,P50_W9,SNT,2,D14,7/5/23,PR,metabat2,3113891,284,17999,75,Bacteria,Bacillota,Clostridia,Lachnospirales,Lachnospiraceae,Blautia_A,Blautia_A hydrogenotrophica,Blautia_A hydrogenotrophica_1,48
p23220-s385_SNT0011PR-S-day14,p23220-s385_SNT0011PR-S-day14_S384_concoct_65,P50,W9,P50_W9,SNT,2,D14,7/5/23,PR,concoct,2642590,1388,2021,63,Bacteria,Desulfobacterota_I,Desulfovibrionia,Desulfovibrionales,Desulfovibrionaceae,Bilophila,Bilophila wadsworthia,Bilophila wadsworthia_3,62
p23220-s385_SNT0011PR-S-day14,p23220-s385_SNT0011PR-S-day14_S384_metabat2_51,P50,W9,P50_W9,SNT,2,D14,7/5/23,PR,metabat2,2027802,270,10016,57,Bacteria,Bacillota,Clostridia,Oscillospirales,Oscillospiraceae,Oscillibacter,Oscillibacter sp900551885,Oscillibacter sp900551885_1,411
p23220-s385_SNT0011PR-S-day14,p23220-s385_SNT0011PR-S-day14_S384_maxbin2_036,P50,W9,P50_W9,SNT,2,D14,7/5/23,PR,maxbin2,3588637,1660,2176,67,Bacteria,Bacteroidota,Bacteroidia,Bacteroidales,Rikenellaceae,Alistipes,Alistipes sp.,NA,NA
p23220-s385_SNT0011PR-S-day14,p23220-s385_SNT0011PR-S-day14_S384_concoct_32,P50,W9,P50_W9,SNT,2,D14,7/5/23,PR,concoct,3054533,610,6228,78,Bacteria,Bacteroidota,Bacteroidia,Bacteroidales,Rikenellaceae,Alistipes,Alistipes putredinis,NA,NA
p23220-s386_SNT0011PR-S-day21,p23220-s386_SNT0011PR-S-day21_S385_concoct_68,P50,W10,P50_W10,SNT,2,D21,7/12/23,PR,concoct,2954147,41,202245,100,Bacteria,Bacillota,Bacilli,Lactobacillales,Enterococcaceae,Enterococcus,Enterococcus faecalis,Enterococcus faecalis_1,2
p23220-s386_SNT0011PR-S-day21,p23220-s386_SNT0011PR-S-day21_S385_metabat2_22,P50,W10,P50_W10,SNT,2,D21,7/12/23,PR,metabat2,2182743,83,40184,100,Bacteria,Actinomycetota,Actinomycetes,Actinomycetales,Bifidobacteriaceae,Bifidobacterium,Bifidobacterium longum,Bifidobacterium longum_1,13
p23220-s386_SNT0011PR-S-day21,p23220-s386_SNT0011PR-S-day21_S385_metabat2_36,P50,W10,P50_W10,SNT,2,D21,7/12/23,PR,metabat2,1642379,84,33465,100,NA,NA,NA,NA,NA,NA,NA,NA_1,23
p23220-s386_SNT0011PR-S-day21,p23220-s386_SNT0011PR-S-day21_S385_metabat2_11,P50,W10,P50_W10,SNT,2,D21,7/12/23,PR,metabat2,3934890,215,43226,100,Bacteria,Bacillota,Clostridia,Lachnospirales,Lachnospiraceae,Blautia_A,Blautia_A hydrogenotrophica,Blautia_A hydrogenotrophica_1,48
p23220-s386_SNT0011PR-S-day21,p23220-s386_SNT0011PR-S-day21_S385_concoct_64,P50,W10,P50_W10,SNT,2,D21,7/12/23,PR,concoct,1979204,33,108795,98,Bacteria,Bacillota,Clostridia,Christensenellales,CAG-138,PeH17,PeH17 sp000435055,PeH17 sp000435055_1,26
p23220-s386_SNT0011PR-S-day21,p23220-s386_SNT0011PR-S-day21_S385_metabat2_38,P50,W10,P50_W10,SNT,2,D21,7/12/23,PR,metabat2,1820119,66,42432,98,Bacteria,Bacillota,Clostridia,Christensenellales,CAG-138,SFEL01,SFEL01 sp004557245,SFEL01 sp004557245_1,60
p23220-s386_SNT0011PR-S-day21,p23220-s386_SNT0011PR-S-day21_S385_metabat2_23,P50,W10,P50_W10,SNT,2,D21,7/12/23,PR,metabat2,2016483,84,38714,98,Bacteria,Bacillota,Clostridia,Oscillospirales,Oscillospiraceae,Vescimonas,Vescimonas coprocola,Vescimonas coprocola_1,7
p23220-s386_SNT0011PR-S-day21,p23220-s386_SNT0011PR-S-day21_S385_concoct_72,P50,W10,P50_W10,SNT,2,D21,7/12/23,PR,concoct,2240488,110,31544,98,Bacteria,Bacillota,Clostridia,UBA1212,UBA1255,Egerieisoma,Egerieisoma sp900543695,Egerieisoma sp900543695_1,203
p23220-s386_SNT0011PR-S-day21,p23220-s386_SNT0011PR-S-day21_S385_concoct_76,P50,W10,P50_W10,SNT,2,D21,7/12/23,PR,concoct,2015351,558,4551,98,Bacteria,Bacillota,Clostridia,Lachnospirales,Lachnospiraceae,Mediterraneibacter,Mediterraneibacter torques,Mediterraneibacter torques_1,5
p23220-s386_SNT0011PR-S-day21,p23220-s386_SNT0011PR-S-day21_S385_metabat2_46,P50,W10,P50_W10,SNT,2,D21,7/12/23,PR,metabat2,2761983,104,48379,94,Bacteria,Verrucomicrobiota,Verrucomicrobiia,Verrucomicrobiales,Akkermansiaceae,Akkermansia,Akkermansia muciniphila,Akkermansia muciniphila_1,6
p23220-s386_SNT0011PR-S-day21,p23220-s386_SNT0011PR-S-day21_S385_metabat2_5,P50,W10,P50_W10,SNT,2,D21,7/12/23,PR,metabat2,2785944,132,33367,96,Bacteria,Bacillota,Clostridia,Christensenellales,Aristaeellaceae,Faecivicinus,Faecivicinus sp.,Faecivicinus sp._1,228
p23220-s386_SNT0011PR-S-day21,p23220-s386_SNT0011PR-S-day21_S385_concoct_8,P50,W10,P50_W10,SNT,2,D21,7/12/23,PR,concoct,2991315,120,42435,98,Bacteria,Bacillota,Bacilli,Lactobacillales,Lactobacillaceae,Lacticaseibacillus,Lacticaseibacillus rhamnosus,Lacticaseibacillus rhamnosus_2,102
p23220-s386_SNT0011PR-S-day21,p23220-s386_SNT0011PR-S-day21_S385_metabat2_6,P50,W10,P50_W10,SNT,2,D21,7/12/23,PR,metabat2,2476266,62,57329,94,Bacteria,Bacillota,Clostridia,Christensenellales,CAG-138,UBA1685,UBA1685 sp002320595,UBA1685 sp002320595_1,219
p23220-s386_SNT0011PR-S-day21,p23220-s386_SNT0011PR-S-day21_S385_metabat2_24,P50,W10,P50_W10,SNT,2,D21,7/12/23,PR,metabat2,2592881,213,21409,94,Bacteria,Bacillota,Clostridia,Oscillospirales,Ruminococcaceae,Fournierella,Fournierella excrementavium,Fournierella excrementavium_1,139
p23220-s386_SNT0011PR-S-day21,p23220-s386_SNT0011PR-S-day21_S385_metabat2_45,P50,W10,P50_W10,SNT,2,D21,7/12/23,PR,metabat2,1955943,20,219871,96,Bacteria,Bacillota,Clostridia,Oscillospirales,Acutalibacteraceae,CAG-217,CAG-217 sp000436335,CAG-217 sp000436335_1,46
p23220-s386_SNT0011PR-S-day21,p23220-s386_SNT0011PR-S-day21_S385_concoct_24,P50,W10,P50_W10,SNT,2,D21,7/12/23,PR,concoct,2195948,28,180970,96,Bacteria,Bacillota,Clostridia,Oscillospirales,Acutalibacteraceae,Ruminococcoides,Ruminococcoides intestinale,Ruminococcoides intestinale_1,8
p23220-s386_SNT0011PR-S-day21,p23220-s386_SNT0011PR-S-day21_S385_metabat2_47,P50,W10,P50_W10,SNT,2,D21,7/12/23,PR,metabat2,3436013,244,23996,94,Bacteria,Bacillota,Clostridia,Oscillospirales,Ruminococcaceae,Ruthenibacterium,Ruthenibacterium lactatiformans,Ruthenibacterium lactatiformans_1,11
p23220-s386_SNT0011PR-S-day21,p23220-s386_SNT0011PR-S-day21_S385_concoct_79,P50,W10,P50_W10,SNT,2,D21,7/12/23,PR,concoct,1847572,356,6457,90,Bacteria,Bacillota,Clostridia,Oscillospirales,Acutalibacteraceae,Hominenteromicrobium,Hominenteromicrobium mulieris,Hominenteromicrobium mulieris_1,18
p23220-s386_SNT0011PR-S-day21,p23220-s386_SNT0011PR-S-day21_S385_metabat2_40,P50,W10,P50_W10,SNT,2,D21,7/12/23,PR,metabat2,1919138,441,5009,88,Bacteria,Bacillota,Clostridia,Christensenellales,CAG-138,Pelethousia,Pelethousia gallinarum,Pelethousia gallinarum_1,142
p23220-s386_SNT0011PR-S-day21,p23220-s386_SNT0011PR-S-day21_S385_metabat2_14,P50,W10,P50_W10,SNT,2,D21,7/12/23,PR,metabat2,1808534,455,4906,90,Bacteria,Bacillota,Clostridia,Lachnospirales,Lachnospiraceae,Anaerostipes,Anaerostipes hadrus,Anaerostipes hadrus_1,15
p23220-s386_SNT0011PR-S-day21,p23220-s386_SNT0011PR-S-day21_S385_metabat2_10,P50,W10,P50_W10,SNT,2,D21,7/12/23,PR,metabat2,1627873,485,3414,86,Bacteria,Actinomycetota,Coriobacteriia,Coriobacteriales,Coriobacteriaceae,Collinsella,Collinsella sp902362275,Collinsella sp902362275_1,162
p23220-s386_SNT0011PR-S-day21,p23220-s386_SNT0011PR-S-day21_S385_concoct_2,P50,W10,P50_W10,SNT,2,D21,7/12/23,PR,concoct,1431658,569,2787,80,Bacteria,Bacillota,Clostridia,Christensenellales,QAND01,UMGS1975,UMGS1975 sp900546685,UMGS1975 sp900546685_1,235
p23220-s386_SNT0011PR-S-day21,p23220-s386_SNT0011PR-S-day21_S385_concoct_31,P50,W10,P50_W10,SNT,2,D21,7/12/23,PR,concoct,1372716,705,2003,73,Bacteria,Bacillota,Clostridia,Oscillospirales,Ruminococcaceae,Porcipelethomonas,Porcipelethomonas sp900538575,Porcipelethomonas sp900538575_1,207
p23220-s386_SNT0011PR-S-day21,p23220-s386_SNT0011PR-S-day21_S385_concoct_59,P50,W10,P50_W10,SNT,2,D21,7/12/23,PR,concoct,2500192,991,2878,71,Bacteria,Bacillota,Clostridia,Christensenellales,Aristaeellaceae,Alectryocaccomicrobium,Alectryocaccomicrobium faecavium,Alectryocaccomicrobium faecavium_1,286
p23220-s386_SNT0011PR-S-day21,p23220-s386_SNT0011PR-S-day21_S385_metabat2_27,P50,W10,P50_W10,SNT,2,D21,7/12/23,PR,metabat2,2841580,698,4863,78,Bacteria,Bacteroidota,Bacteroidia,Bacteroidales,Rikenellaceae,Alistipes,Alistipes shahii,NA,NA
p23220-s386_SNT0011PR-S-day21,p23220-s386_SNT0011PR-S-day21_S385_concoct_75,P50,W10,P50_W10,SNT,2,D21,7/12/23,PR,concoct,1678569,922,1933,59,Bacteria,Bacillota,Clostridia,Peptostreptococcales,Anaerovoracaceae,Hominibacterium,Hominibacterium hominis,Hominibacterium hominis_2,512
p23220-s386_SNT0011PR-S-day21,p23220-s386_SNT0011PR-S-day21_S385_maxbin2_033,P50,W10,P50_W10,SNT,2,D21,7/12/23,PR,maxbin2,2357877,493,5348,55,Bacteria,Bacillota,Clostridia,Lachnospirales,Lachnospiraceae,Blautia_A,Blautia_A sp.,NA,NA
p23220-s386_SNT0011PR-S-day21,p23220-s386_SNT0011PR-S-day21_S385_metabat2_41,P50,W10,P50_W10,SNT,2,D21,7/12/23,PR,metabat2,1509015,384,4652,71,Bacteria,Desulfobacterota_I,Desulfovibrionia,Desulfovibrionales,Desulfovibrionaceae,Bilophila,Bilophila wadsworthia,NA,NA
p23220-s387_SNT0011PR-S-day28,p23220-s387_SNT0011PR-S-day28_S386_concoct_45,P50,W11,P50_W11,SNT,2,D28,7/19/23,PR,concoct,2984630,37,202245,100,Bacteria,Bacillota,Bacilli,Lactobacillales,Enterococcaceae,Enterococcus,Enterococcus faecalis,Enterococcus faecalis_1,2
p23220-s387_SNT0011PR-S-day28,p23220-s387_SNT0011PR-S-day28_S386_concoct_79,P50,W11,P50_W11,SNT,2,D28,7/19/23,PR,concoct,1711491,45,84144,100,NA,NA,NA,NA,NA,NA,NA,NA_1,23
p23220-s387_SNT0011PR-S-day28,p23220-s387_SNT0011PR-S-day28_S386_metabat2_34,P50,W11,P50_W11,SNT,2,D28,7/19/23,PR,metabat2,2201689,126,30077,98,Bacteria,Actinomycetota,Actinomycetes,Actinomycetales,Bifidobacteriaceae,Bifidobacterium,Bifidobacterium longum,Bifidobacterium longum_1,13
p23220-s387_SNT0011PR-S-day28,p23220-s387_SNT0011PR-S-day28_S386_concoct_20,P50,W11,P50_W11,SNT,2,D28,7/19/23,PR,concoct,3917392,1354,3308,98,Bacteria,Pseudomonadota,Gammaproteobacteria,Enterobacterales,Enterobacteriaceae,Klebsiella,Klebsiella pneumoniae,Klebsiella pneumoniae_1,83
p23220-s387_SNT0011PR-S-day28,p23220-s387_SNT0011PR-S-day28_S386_metabat2_12,P50,W11,P50_W11,SNT,2,D28,7/19/23,PR,metabat2,2072502,257,12484,100,Bacteria,Actinomycetota,Coriobacteriia,Coriobacteriales,Coriobacteriaceae,Collinsella,Collinsella sp902362275,Collinsella sp902362275_1,162
p23220-s387_SNT0011PR-S-day28,p23220-s387_SNT0011PR-S-day28_S386_concoct_12,P50,W11,P50_W11,SNT,2,D28,7/19/23,PR,concoct,1990439,41,84863,98,Bacteria,Bacillota,Clostridia,Christensenellales,CAG-138,PeH17,PeH17 sp000435055,PeH17 sp000435055_1,26
p23220-s387_SNT0011PR-S-day28,p23220-s387_SNT0011PR-S-day28_S386_metabat2_49,P50,W11,P50_W11,SNT,2,D28,7/19/23,PR,metabat2,2056847,55,56994,98,Bacteria,Bacillota,Bacilli,Erysipelotrichales,Erysipelotrichaceae,Merdibacter,Merdibacter merdigallinarum,Merdibacter merdigallinarum_1,238
p23220-s387_SNT0011PR-S-day28,p23220-s387_SNT0011PR-S-day28_S386_metabat2_23,P50,W11,P50_W11,SNT,2,D28,7/19/23,PR,metabat2,2759004,148,40525,98,Bacteria,Bacillota,Clostridia,Oscillospirales,Oscillospiraceae,Scatomorpha,Scatomorpha sp.,Scatomorpha sp._1,106
p23220-s387_SNT0011PR-S-day28,p23220-s387_SNT0011PR-S-day28_S386_metabat2_45,P50,W11,P50_W11,SNT,2,D28,7/19/23,PR,metabat2,2732060,88,56795,94,Bacteria,Verrucomicrobiota,Verrucomicrobiia,Verrucomicrobiales,Akkermansiaceae,Akkermansia,Akkermansia muciniphila,Akkermansia muciniphila_1,6
p23220-s387_SNT0011PR-S-day28,p23220-s387_SNT0011PR-S-day28_S386_metabat2_42,P50,W11,P50_W11,SNT,2,D28,7/19/23,PR,metabat2,2282443,347,8505,96,Bacteria,Bacillota,Clostridia,Christensenellales,CAG-138,Pelethousia,Pelethousia gallinarum,Pelethousia gallinarum_1,142
p23220-s387_SNT0011PR-S-day28,p23220-s387_SNT0011PR-S-day28_S386_metabat2_2,P50,W11,P50_W11,SNT,2,D28,7/19/23,PR,metabat2,2389096,422,7481,98,Bacteria,Bacillota,Clostridia,Lachnospirales,Lachnospiraceae,Anaerostipes,Anaerostipes hadrus,Anaerostipes hadrus_1,15
p23220-s387_SNT0011PR-S-day28,p23220-s387_SNT0011PR-S-day28_S386_metabat2_30,P50,W11,P50_W11,SNT,2,D28,7/19/23,PR,metabat2,2606121,64,64499,94,Bacteria,Bacillota,Clostridia,Christensenellales,CAG-138,UBA1685,UBA1685 sp002320595,UBA1685 sp002320595_1,219
p23220-s387_SNT0011PR-S-day28,p23220-s387_SNT0011PR-S-day28_S386_maxbin2_001,P50,W11,P50_W11,SNT,2,D28,7/19/23,PR,maxbin2,1884304,46,232190,94,Bacteria,Bacillota,Clostridia,Oscillospirales,Acutalibacteraceae,CAG-217,CAG-217 sp000436335,NA,NA
p23220-s387_SNT0011PR-S-day28,p23220-s387_SNT0011PR-S-day28_S386_concoct_89,P50,W11,P50_W11,SNT,2,D28,7/19/23,PR,concoct,2370090,28,212296,96,Bacteria,Bacillota,Clostridia,Oscillospirales,Acutalibacteraceae,Ruminococcoides,Ruminococcoides intestinale,Ruminococcoides intestinale_1,8
p23220-s387_SNT0011PR-S-day28,p23220-s387_SNT0011PR-S-day28_S386_concoct_9,P50,W11,P50_W11,SNT,2,D28,7/19/23,PR,concoct,2931630,376,11427,96,Bacteria,Bacillota,Bacilli,Lactobacillales,Lactobacillaceae,Lacticaseibacillus,Lacticaseibacillus rhamnosus,Lacticaseibacillus rhamnosus_2,102
p23220-s387_SNT0011PR-S-day28,p23220-s387_SNT0011PR-S-day28_S386_metabat2_38,P50,W11,P50_W11,SNT,2,D28,7/19/23,PR,metabat2,2884436,727,4469,90,Bacteria,Bacillota,Clostridia,Christensenellales,Aristaeellaceae,Alectryocaccomicrobium,Alectryocaccomicrobium faecavium,Alectryocaccomicrobium faecavium_1,286
p23220-s387_SNT0011PR-S-day28,p23220-s387_SNT0011PR-S-day28_S386_metabat2_22,P50,W11,P50_W11,SNT,2,D28,7/19/23,PR,metabat2,1697399,377,5218,84,Bacteria,Bacillota,Clostridia,Peptostreptococcales,Anaerovoracaceae,Fimisoma,Fimisoma sp000435715,Fimisoma sp000435715_1,36
p23220-s387_SNT0011PR-S-day28,p23220-s387_SNT0011PR-S-day28_S386_metabat2_11,P50,W11,P50_W11,SNT,2,D28,7/19/23,PR,metabat2,1300071,454,2966,86,Bacteria,Bacillota,Clostridia,Oscillospirales,Acutalibacteraceae,Hominenteromicrobium,Hominenteromicrobium mulieris,Hominenteromicrobium mulieris_1,18
p23220-s387_SNT0011PR-S-day28,p23220-s387_SNT0011PR-S-day28_S386_concoct_69,P50,W11,P50_W11,SNT,2,D28,7/19/23,PR,concoct,1888850,552,4028,80,Bacteria,Bacillota,Clostridia,UBA1212,UBA1255,Egerieisoma,Egerieisoma sp900543695,Egerieisoma sp900543695_1,203
p23220-s387_SNT0011PR-S-day28,p23220-s387_SNT0011PR-S-day28_S386_concoct_82,P50,W11,P50_W11,SNT,2,D28,7/19/23,PR,concoct,1750728,764,2542,75,Bacteria,Bacillota,Clostridia,Oscillospirales,Ruminococcaceae,Porcipelethomonas,Porcipelethomonas sp900538575,Porcipelethomonas sp900538575_1,207
p23220-s387_SNT0011PR-S-day28,p23220-s387_SNT0011PR-S-day28_S386_concoct_77,P50,W11,P50_W11,SNT,2,D28,7/19/23,PR,concoct,1856044,813,2549,84,Bacteria,Actinomycetota,Actinomycetes,Actinomycetales,Micrococcaceae,Rothia,Rothia dentocariosa,Rothia dentocariosa_1,457
p23220-s387_SNT0011PR-S-day28,p23220-s387_SNT0011PR-S-day28_S386_metabat2_28,P50,W11,P50_W11,SNT,2,D28,7/19/23,PR,metabat2,2944453,353,11396,92,Bacteria,Bacillota,Clostridia,Lachnospirales,Lachnospiraceae,Blautia_A,Blautia_A hydrogenotrophica,Blautia_A hydrogenotrophica_1,48
p23220-s387_SNT0011PR-S-day28,p23220-s387_SNT0011PR-S-day28_S386_concoct_81,P50,W11,P50_W11,SNT,2,D28,7/19/23,PR,concoct,2996209,95,60312,92,Bacteria,Bacillota,Clostridia,Oscillospirales,Ruminococcaceae,Gemmiger,Gemmiger sp.,NA,NA
p23220-s388_SNT0012PR-S-day0,p23220-s388_SNT0012PR-S-day0_S387_metabat2_11,P51,W7,P51_W7,SNT,2,D00,6/21/23,PR,metabat2,2160344,26,156864,100,Bacteria,Actinomycetota,Actinomycetes,Actinomycetales,Actinomycetaceae,Mobiluncus,Mobiluncus massiliensis,Mobiluncus massiliensis_2,246
p23220-s388_SNT0012PR-S-day0,p23220-s388_SNT0012PR-S-day0_S387_metabat2_39,P51,W7,P51_W7,SNT,2,D00,6/21/23,PR,metabat2,1526935,19,137641,100,Bacteria,Bacillota,Clostridia,Tissierellales,Peptoniphilaceae,Fenollaria,Fenollaria timonensis,Fenollaria timonensis_1,216
p23220-s388_SNT0012PR-S-day0,p23220-s388_SNT0012PR-S-day0_S387_concoct_77,P51,W7,P51_W7,SNT,2,D00,6/21/23,PR,concoct,2105190,35,117967,100,Bacteria,Actinomycetota,Actinomycetes,Actinomycetales,Actinomycetaceae,Varibaculum,Varibaculum cambriense_A,Varibaculum cambriense_A_1,250
p23220-s388_SNT0012PR-S-day0,p23220-s388_SNT0012PR-S-day0_S387_metabat2_1,P51,W7,P51_W7,SNT,2,D00,6/21/23,PR,metabat2,2175666,65,63535,100,Bacteria,Actinomycetota,Actinomycetes,Actinomycetales,Bifidobacteriaceae,Bifidobacterium,Bifidobacterium pseudocatenulatum,Bifidobacterium pseudocatenulatum_1,77
p23220-s388_SNT0012PR-S-day0,p23220-s388_SNT0012PR-S-day0_S387_concoct_47,P51,W7,P51_W7,SNT,2,D00,6/21/23,PR,concoct,2805526,102,56903,100,Bacteria,Bacteroidota,Bacteroidia,Bacteroidales,Rikenellaceae,Alistipes,Alistipes sp902363575,Alistipes sp902363575_1,232
p23220-s388_SNT0012PR-S-day0,p23220-s388_SNT0012PR-S-day0_S387_metabat2_14,P51,W7,P51_W7,SNT,2,D00,6/21/23,PR,metabat2,2176589,54,56936,98,Bacteria,Bacteroidota,Bacteroidia,Bacteroidales,Porphyromonadaceae,Porphyromonas_A,Porphyromonas_A somerae,Porphyromonas_A somerae_1,150
p23220-s388_SNT0012PR-S-day0,p23220-s388_SNT0012PR-S-day0_S387_metabat2_33,P51,W7,P51_W7,SNT,2,D00,6/21/23,PR,metabat2,1952888,320,8534,100,Bacteria,Actinomycetota,Coriobacteriia,Coriobacteriales,Coriobacteriaceae,Collinsella,Collinsella aerofaciens_G,Collinsella aerofaciens_G_1,233
p23220-s388_SNT0012PR-S-day0,p23220-s388_SNT0012PR-S-day0_S387_metabat2_31,P51,W7,P51_W7,SNT,2,D00,6/21/23,PR,metabat2,2975873,94,51936,96,Bacteria,Verrucomicrobiota,Verrucomicrobiia,Verrucomicrobiales,Akkermansiaceae,Akkermansia,Akkermansia biwaensis,Akkermansia biwaensis_1,336
p23220-s388_SNT0012PR-S-day0,p23220-s388_SNT0012PR-S-day0_S387_metabat2_40,P51,W7,P51_W7,SNT,2,D00,6/21/23,PR,metabat2,2024606,134,27155,96,Bacteria,Bacteroidota,Bacteroidia,Bacteroidales,Porphyromonadaceae,Porphyromonas,Porphyromonas sp900546675,Porphyromonas sp900546675_1,247
p23220-s388_SNT0012PR-S-day0,p23220-s388_SNT0012PR-S-day0_S387_concoct_99,P51,W7,P51_W7,SNT,2,D00,6/21/23,PR,concoct,2027850,35,111408,98,Bacteria,Bacillota,Clostridia,Saccharofermentanales,DTU023,SFGY01,SFGY01 sp004556455,SFGY01 sp004556455_1,243
p23220-s388_SNT0012PR-S-day0,p23220-s388_SNT0012PR-S-day0_S387_metabat2_18,P51,W7,P51_W7,SNT,2,D00,6/21/23,PR,metabat2,1564118,95,19942,94,Bacteria,Bacillota,Clostridia,Tissierellales,Peptoniphilaceae,Ezakiella,Ezakiella sp900540185,Ezakiella sp900540185_1,217
p23220-s388_SNT0012PR-S-day0,p23220-s388_SNT0012PR-S-day0_S387_concoct_38,P51,W7,P51_W7,SNT,2,D00,6/21/23,PR,concoct,1420023,251,7706,94,Bacteria,Campylobacterota,Campylobacteria,Campylobacterales,Campylobacteraceae,Campylobacter_B,Campylobacter_B hominis,Campylobacter_B hominis_1,115
p23220-s388_SNT0012PR-S-day0,p23220-s388_SNT0012PR-S-day0_S387_metabat2_34,P51,W7,P51_W7,SNT,2,D00,6/21/23,PR,metabat2,2200437,84,38713,94,Bacteria,Bacillota,Clostridia,Oscillospirales,Oscillospiraceae,Hominicoprocola,Hominicoprocola fusiformis,Hominicoprocola fusiformis_1,227
p23220-s388_SNT0012PR-S-day0,p23220-s388_SNT0012PR-S-day0_S387_concoct_63,P51,W7,P51_W7,SNT,2,D00,6/21/23,PR,concoct,1391195,157,13394,96,Bacteria,Bacillota,Clostridia,Peptostreptococcales,Anaerovoracaceae,Alterileibacterium,Alterileibacterium massiliense,Alterileibacterium massiliense_1,177
p23220-s388_SNT0012PR-S-day0,p23220-s388_SNT0012PR-S-day0_S387_concoct_55,P51,W7,P51_W7,SNT,2,D00,6/21/23,PR,concoct,1839035,601,3773,88,Bacteria,Bacillota,Clostridia,Peptostreptococcales,Anaerovoracaceae,Fimisoma,Fimisoma sp000435715,Fimisoma sp000435715_1,36
p23220-s388_SNT0012PR-S-day0,p23220-s388_SNT0012PR-S-day0_S387_concoct_32,P51,W7,P51_W7,SNT,2,D00,6/21/23,PR,concoct,1989686,348,8257,90,Bacteria,Bacillota,Bacilli,Erysipelotrichales,Erysipelotrichaceae,Holdemanella,Holdemanella sp900556915,Holdemanella sp900556915_1,617
p23220-s388_SNT0012PR-S-day0,p23220-s388_SNT0012PR-S-day0_S387_metabat2_22,P51,W7,P51_W7,SNT,2,D00,6/21/23,PR,metabat2,1606738,244,8375,90,Bacteria,Bacillota,Bacilli,Lactobacillales,Streptococcaceae,Streptococcus,Streptococcus oralis_BW,Streptococcus oralis_BW_1,344
p23220-s388_SNT0012PR-S-day0,p23220-s388_SNT0012PR-S-day0_S387_concoct_83,P51,W7,P51_W7,SNT,2,D00,6/21/23,PR,concoct,1432765,446,3934,86,Bacteria,Bacillota,Clostridia,Tissierellales,Peptoniphilaceae,Peptoniphilus_A,Peptoniphilus_A grossensis,Peptoniphilus_A grossensis_3,650
p23220-s388_SNT0012PR-S-day0,p23220-s388_SNT0012PR-S-day0_S387_concoct_51,P51,W7,P51_W7,SNT,2,D00,6/21/23,PR,concoct,2148456,715,3568,84,Bacteria,Bacillota,Clostridia,Lachnospirales,Anaerotignaceae,Anaerotignum,Anaerotignum lactatifermentans,Anaerotignum lactatifermentans_1,191
p23220-s388_SNT0012PR-S-day0,p23220-s388_SNT0012PR-S-day0_S387_concoct_61,P51,W7,P51_W7,SNT,2,D00,6/21/23,PR,concoct,1977720,1384,1404,78,Bacteria,Pseudomonadota,Gammaproteobacteria,Enterobacterales,Enterobacteriaceae,Enterobacter,Enterobacter sp.,NA,NA
p23220-s388_SNT0012PR-S-day0,p23220-s388_SNT0012PR-S-day0_S387_concoct_26,P51,W7,P51_W7,SNT,2,D00,6/21/23,PR,concoct,1810691,612,3522,61,Bacteria,Bacillota,Negativicutes,Acidaminococcales,Acidaminococcaceae,Phascolarctobacterium,Phascolarctobacterium faecium,Phascolarctobacterium faecium_2,272
p23220-s388_SNT0012PR-S-day0,p23220-s388_SNT0012PR-S-day0_S387_metabat2_32,P51,W7,P51_W7,SNT,2,D00,6/21/23,PR,metabat2,1727890,114,28585,53,Bacteria,Bacteroidota,Bacteroidia,Bacteroidales,Porphyromonadaceae,Porphyromonas_A,Porphyromonas_A sp946222055,Porphyromonas_A sp946222055_1,252
p23220-s388_SNT0012PR-S-day0,p23220-s388_SNT0012PR-S-day0_S387_concoct_0,P51,W7,P51_W7,SNT,2,D00,6/21/23,PR,concoct,1955267,138,34692,92,Bacteria,Bacteroidota,Bacteroidia,Bacteroidales,Porphyromonadaceae,Porphyromonas_A,Porphyromonas_A sp946222055,NA,NA
p23220-s388_SNT0012PR-S-day0,p23220-s388_SNT0012PR-S-day0_S387_metabat2_2,P51,W7,P51_W7,SNT,2,D00,6/21/23,PR,metabat2,3944043,213,27537,53,Bacteria,Bacteroidota,Bacteroidia,Bacteroidales,Bacteroidaceae,Bacteroides,Bacteroides uniformis,Bacteroides uniformis_1,37
p23220-s388_SNT0012PR-S-day0,p23220-s388_SNT0012PR-S-day0_S387_concoct_14,P51,W7,P51_W7,SNT,2,D00,6/21/23,PR,concoct,1218136,596,2149,53,Bacteria,Bacillota,Clostridia,Christensenellales,CAG-138,SFEL01,SFEL01 sp004557245,SFEL01 sp004557245_1,60
p23220-s388_SNT0012PR-S-day0,p23220-s388_SNT0012PR-S-day0_S387_metabat2_38,P51,W7,P51_W7,SNT,2,D00,6/21/23,PR,metabat2,1269924,482,2739,75,Bacteria,Bacillota,Clostridia,Tissierellales,Peptoniphilaceae,Anaerococcus,Anaerococcus sp.,Anaerococcus sp._3,666
p23220-s388_SNT0012PR-S-day0,p23220-s388_SNT0012PR-S-day0_S387_concoct_70,P51,W7,P51_W7,SNT,2,D00,6/21/23,PR,concoct,4651528,875,5631,98,Unclassified Bacteria,NA,NA,NA,NA,NA,Unclassified Bacteria sp.,NA,NA
p23220-s389_SNT0012PR-S-day7,p23220-s389_SNT0012PR-S-day7_S388_concoct_6,P51,W8,P51_W8,SNT,2,D07,6/28/23,PR,concoct,1492915,16,126913,100,Bacteria,Bacillota,Clostridia,Tissierellales,Peptoniphilaceae,Fenollaria,Fenollaria timonensis,Fenollaria timonensis_1,216
p23220-s389_SNT0012PR-S-day7,p23220-s389_SNT0012PR-S-day7_S388_metabat2_27,P51,W8,P51_W8,SNT,2,D07,6/28/23,PR,metabat2,1627955,40,97436,100,Bacteria,Bacillota,Clostridia,Tissierellales,Peptoniphilaceae,Ezakiella,Ezakiella sp900540185,Ezakiella sp900540185_1,217
p23220-s389_SNT0012PR-S-day7,p23220-s389_SNT0012PR-S-day7_S388_concoct_65,P51,W8,P51_W8,SNT,2,D07,6/28/23,PR,concoct,2314206,90,87000,100,Bacteria,Actinomycetota,Actinomycetes,Actinomycetales,Actinomycetaceae,Mobiluncus,Mobiluncus sp.,Mobiluncus sp._1,246
p23220-s389_SNT0012PR-S-day7,p23220-s389_SNT0012PR-S-day7_S388_concoct_21,P51,W8,P51_W8,SNT,2,D07,6/28/23,PR,concoct,1255774,25,81748,100,Bacteria,Bacillota,Clostridia,Peptostreptococcales,Anaerovoracaceae,Alterileibacterium,Alterileibacterium massiliense,Alterileibacterium massiliense_1,177
p23220-s389_SNT0012PR-S-day7,p23220-s389_SNT0012PR-S-day7_S388_concoct_40,P51,W8,P51_W8,SNT,2,D07,6/28/23,PR,concoct,2314047,97,50502,100,Bacteria,Actinomycetota,Actinomycetes,Actinomycetales,Bifidobacteriaceae,Bifidobacterium,Bifidobacterium pseudocatenulatum,Bifidobacterium pseudocatenulatum_1,77
p23220-s389_SNT0012PR-S-day7,p23220-s389_SNT0012PR-S-day7_S388_concoct_59,P51,W8,P51_W8,SNT,2,D07,6/28/23,PR,concoct,1870284,97,40202,100,Bacteria,Actinomycetota,Actinomycetes,Mycobacteriales,Mycobacteriaceae,Lawsonella,Lawsonella clevelandensis,Lawsonella clevelandensis_1,131
p23220-s389_SNT0012PR-S-day7,p23220-s389_SNT0012PR-S-day7_S388_concoct_79,P51,W8,P51_W8,SNT,2,D07,6/28/23,PR,concoct,2081419,161,19701,100,Bacteria,Actinomycetota,Actinomycetes,Actinomycetales,Actinomycetaceae,Varibaculum,Varibaculum cambriense_A,Varibaculum cambriense_A_1,250
p23220-s389_SNT0012PR-S-day7,p23220-s389_SNT0012PR-S-day7_S388_metabat2_41,P51,W8,P51_W8,SNT,2,D07,6/28/23,PR,metabat2,1632561,139,16419,100,Bacteria,Bacteroidota,Bacteroidia,Bacteroidales,Porphyromonadaceae,Porphyromonas,Porphyromonas sp902489445,Porphyromonas sp902489445_1,114
p23220-s389_SNT0012PR-S-day7,p23220-s389_SNT0012PR-S-day7_S388_metabat2_25,P51,W8,P51_W8,SNT,2,D07,6/28/23,PR,metabat2,2177197,53,80960,98,Bacteria,Bacteroidota,Bacteroidia,Bacteroidales,Porphyromonadaceae,Porphyromonas_A,Porphyromonas_A somerae,Porphyromonas_A somerae_1,150
p23220-s389_SNT0012PR-S-day7,p23220-s389_SNT0012PR-S-day7_S388_concoct_4,P51,W8,P51_W8,SNT,2,D07,6/28/23,PR,concoct,1913508,40,70822,100,Bacteria,Bacillota,Bacilli,Lactobacillales,Streptococcaceae,Streptococcus,Streptococcus oralis_BW,Streptococcus oralis_BW_1,344
p23220-s389_SNT0012PR-S-day7,p23220-s389_SNT0012PR-S-day7_S388_concoct_14,P51,W8,P51_W8,SNT,2,D07,6/28/23,PR,concoct,2259792,184,21766,100,Bacteria,Bacillota,Clostridia,Tissierellales,Peptoniphilaceae,Anaerococcus,Anaerococcus vaginalis_C,Anaerococcus vaginalis_C_1,260
p23220-s389_SNT0012PR-S-day7,p23220-s389_SNT0012PR-S-day7_S388_concoct_35,P51,W8,P51_W8,SNT,2,D07,6/28/23,PR,concoct,2089138,157,58034,96,Bacteria,Bacillota,Clostridia,Peptostreptococcales,Anaerovoracaceae,S5-A14a,S5-A14a sp900553025,S5-A14a sp900553025_1,113
p23220-s389_SNT0012PR-S-day7,p23220-s389_SNT0012PR-S-day7_S388_concoct_81,P51,W8,P51_W8,SNT,2,D07,6/28/23,PR,concoct,1793710,126,23694,96,Bacteria,Bacillota,Clostridia,Tissierellales,Peptoniphilaceae,Finegoldia,Finegoldia magna,Finegoldia magna_3,658
p23220-s389_SNT0012PR-S-day7,p23220-s389_SNT0012PR-S-day7_S388_concoct_73,P51,W8,P51_W8,SNT,2,D07,6/28/23,PR,concoct,2036261,31,111408,98,Bacteria,Bacillota,Clostridia,Saccharofermentanales,DTU023,SFGY01,SFGY01 sp004556455,SFGY01 sp004556455_1,243
p23220-s389_SNT0012PR-S-day7,p23220-s389_SNT0012PR-S-day7_S388_concoct_11,P51,W8,P51_W8,SNT,2,D07,6/28/23,PR,concoct,1423290,242,7655,94,Bacteria,Campylobacterota,Campylobacteria,Campylobacterales,Campylobacteraceae,Campylobacter_B,Campylobacter_B hominis,Campylobacter_B hominis_1,115
p23220-s389_SNT0012PR-S-day7,p23220-s389_SNT0012PR-S-day7_S388_concoct_10,P51,W8,P51_W8,SNT,2,D07,6/28/23,PR,concoct,2109191,787,3056,94,Bacteria,Bacillota,Clostridia,Lachnospirales,Anaerotignaceae,Anaerotignum,Anaerotignum lactatifermentans,Anaerotignum lactatifermentans_1,191
p23220-s389_SNT0012PR-S-day7,p23220-s389_SNT0012PR-S-day7_S388_concoct_70,P51,W8,P51_W8,SNT,2,D07,6/28/23,PR,concoct,1982673,578,4252,98,Bacteria,Actinomycetota,Coriobacteriia,Coriobacteriales,Coriobacteriaceae,Collinsella,Collinsella aerofaciens_G,Collinsella aerofaciens_G_1,233
p23220-s389_SNT0012PR-S-day7,p23220-s389_SNT0012PR-S-day7_S388_concoct_2,P51,W8,P51_W8,SNT,2,D07,6/28/23,PR,concoct,2048353,323,9308,90,Bacteria,Bacillota,Clostridia,Peptostreptococcales,Anaerovoracaceae,Fimisoma,Fimisoma sp000435715,Fimisoma sp000435715_1,36
p23220-s389_SNT0012PR-S-day7,p23220-s389_SNT0012PR-S-day7_S388_metabat2_21,P51,W8,P51_W8,SNT,2,D07,6/28/23,PR,metabat2,1546170,296,6468,90,Bacteria,Bacillota,Clostridia,Oscillospirales,Oscillospiraceae,Hominicoprocola,Hominicoprocola sp900317525,Hominicoprocola sp900317525_1,38
p23220-s389_SNT0012PR-S-day7,p23220-s389_SNT0012PR-S-day7_S388_concoct_48,P51,W8,P51_W8,SNT,2,D07,6/28/23,PR,concoct,2501391,351,9571,92,Bacteria,Bacillota,Clostridia,Lachnospirales,Lachnospiraceae,Dorea_D,Dorea_D sp000433535,Dorea_D sp000433535_1,321
p23220-s389_SNT0012PR-S-day7,p23220-s389_SNT0012PR-S-day7_S388_metabat2_17,P51,W8,P51_W8,SNT,2,D07,6/28/23,PR,metabat2,1668377,145,16987,88,Bacteria,Bacteroidota,Bacteroidia,Bacteroidales,Porphyromonadaceae,Porphyromonas_A,Porphyromonas_A sp946222055,Porphyromonas_A sp946222055_1,252
p23220-s389_SNT0012PR-S-day7,p23220-s389_SNT0012PR-S-day7_S388_metabat2_16,P51,W8,P51_W8,SNT,2,D07,6/28/23,PR,metabat2,1866207,378,5834,90,Bacteria,Bacillota,Clostridia,Oscillospirales,Ruminococcaceae,Faecalibacterium,Faecalibacterium longum,Faecalibacterium longum_1,184
p23220-s389_SNT0012PR-S-day7,p23220-s389_SNT0012PR-S-day7_S388_concoct_0,P51,W8,P51_W8,SNT,2,D07,6/28/23,PR,concoct,1178033,351,4246,84,Bacteria,Bacillota,Clostridia,Tissierellales,Peptoniphilaceae,Peptoniphilus_B,Peptoniphilus_B sp902488455,Peptoniphilus_B sp902488455_1,310
p23220-s389_SNT0012PR-S-day7,p23220-s389_SNT0012PR-S-day7_S388_concoct_46,P51,W8,P51_W8,SNT,2,D07,6/28/23,PR,concoct,1357691,468,3716,84,Bacteria,Bacillota,Clostridia,Peptostreptococcales,Peptostreptococcaceae,Peptostreptococcus,Peptostreptococcus stomatis,Peptostreptococcus stomatis_1,301
p23220-s389_SNT0012PR-S-day7,p23220-s389_SNT0012PR-S-day7_S388_metabat2_42,P51,W8,P51_W8,SNT,2,D07,6/28/23,PR,metabat2,1595521,503,3355,88,Bacteria,Bacillota,Clostridia,Tissierellales,Peptoniphilaceae,Peptoniphilus_B,Peptoniphilus_B sp902488455,NA,NA
p23220-s389_SNT0012PR-S-day7,p23220-s389_SNT0012PR-S-day7_S388_concoct_1,P51,W8,P51_W8,SNT,2,D07,6/28/23,PR,concoct,2611209,825,3763,78,Bacteria,Bacteroidota,Bacteroidia,Bacteroidales,Rikenellaceae,Alistipes,Alistipes sp902363575,NA,NA
p23220-s389_SNT0012PR-S-day7,p23220-s389_SNT0012PR-S-day7_S388_metabat2_3,P51,W8,P51_W8,SNT,2,D07,6/28/23,PR,metabat2,1788674,708,2543,67,Bacteria,Bacteroidota,Bacteroidia,Bacteroidales,Marinifilaceae,Odoribacter,Odoribacter splanchnicus,NA,NA
p23220-s389_SNT0012PR-S-day7,p23220-s389_SNT0012PR-S-day7_S388_metabat2_22,P51,W8,P51_W8,SNT,2,D07,6/28/23,PR,metabat2,1858271,339,6997,75,Bacteria,Bacillota,Clostridia,Tissierellales,Peptoniphilaceae,Aedoeadaptatus,Aedoeadaptatus acetigenes,NA,NA
p23220-s389_SNT0012PR-S-day7,p23220-s389_SNT0012PR-S-day7_S388_concoct_29,P51,W8,P51_W8,SNT,2,D07,6/28/23,PR,concoct,1119345,172,13865,65,Bacteria,Bacillota,Clostridia,Tissierellales,Peptoniphilaceae,Aedoeadaptatus,Aedoeadaptatus sp.,NA,NA
p23220-s389_SNT0012PR-S-day7,p23220-s389_SNT0012PR-S-day7_S388_concoct_30,P51,W8,P51_W8,SNT,2,D07,6/28/23,PR,concoct,1920395,216,16866,63,Bacteria,Bacteroidota,Bacteroidia,Bacteroidales,Porphyromonadaceae,Porphyromonas_A,Porphyromonas_A sp946222055,NA,NA
p23220-s389_SNT0012PR-S-day7,p23220-s389_SNT0012PR-S-day7_S388_metabat2_18,P51,W8,P51_W8,SNT,2,D07,6/28/23,PR,metabat2,1922580,202,14148,57,Bacteria,Bacteroidota,Bacteroidia,Bacteroidales,Porphyromonadaceae,Porphyromonas,Porphyromonas sp900546675,Porphyromonas sp900546675_1,247
p23220-s389_SNT0012PR-S-day7,p23220-s389_SNT0012PR-S-day7_S388_concoct_71,P51,W8,P51_W8,SNT,2,D07,6/28/23,PR,concoct,2416070,1540,1561,61,Bacteria,Desulfobacterota_I,Desulfovibrionia,Desulfovibrionales,Desulfovibrionaceae,Bilophila,Bilophila wadsworthia,Bilophila wadsworthia_5,704
p23220-s390_SNT0012PR-S-day14,p23220-s390_SNT0012PR-S-day14_S389_concoct_31,P51,W9,P51_W9,SNT,2,D14,7/5/23,PR,concoct,1322979,13,199901,100,Bacteria,Bacillota,Clostridia,Tissierellales,Peptoniphilaceae,CAMYOU01,CAMYOU01 sp.,CAMYOU01 sp._1,305
p23220-s390_SNT0012PR-S-day14,p23220-s390_SNT0012PR-S-day14_S389_concoct_23,P51,W9,P51_W9,SNT,2,D14,7/5/23,PR,concoct,2127465,20,177212,100,Bacteria,Actinomycetota,Actinomycetes,Actinomycetales,Actinomycetaceae,Varibaculum,Varibaculum cambriense_A,Varibaculum cambriense_A_1,250
p23220-s390_SNT0012PR-S-day14,p23220-s390_SNT0012PR-S-day14_S389_concoct_1,P51,W9,P51_W9,SNT,2,D14,7/5/23,PR,concoct,1497578,14,171559,100,Bacteria,Bacillota,Clostridia,Tissierellales,Peptoniphilaceae,Fenollaria,Fenollaria timonensis,Fenollaria timonensis_1,216
p23220-s390_SNT0012PR-S-day14,p23220-s390_SNT0012PR-S-day14_S389_metabat2_5,P51,W9,P51_W9,SNT,2,D14,7/5/23,PR,metabat2,1645575,28,143628,100,Bacteria,Bacillota,Clostridia,Tissierellales,Peptoniphilaceae,Ezakiella,Ezakiella sp900540185,Ezakiella sp900540185_1,217
p23220-s390_SNT0012PR-S-day14,p23220-s390_SNT0012PR-S-day14_S389_concoct_26,P51,W9,P51_W9,SNT,2,D14,7/5/23,PR,concoct,1859674,68,113323,100,Bacteria,Actinomycetota,Actinomycetes,Mycobacteriales,Mycobacteriaceae,Lawsonella,Lawsonella clevelandensis,Lawsonella clevelandensis_1,131
p23220-s390_SNT0012PR-S-day14,p23220-s390_SNT0012PR-S-day14_S389_concoct_50,P51,W9,P51_W9,SNT,2,D14,7/5/23,PR,concoct,1944021,67,56072,100,Bacteria,Bacteroidota,Bacteroidia,Bacteroidales,Porphyromonadaceae,Porphyromonas_A,Porphyromonas_A sp946222055,Porphyromonas_A sp946222055_1,252
p23220-s390_SNT0012PR-S-day14,p23220-s390_SNT0012PR-S-day14_S389_concoct_0,P51,W9,P51_W9,SNT,2,D14,7/5/23,PR,concoct,1390992,17,133692,98,Bacteria,Bacillota,Clostridia,Tissierellales,Peptoniphilaceae,Murdochiella,Murdochiella sp902488755,Murdochiella sp902488755_1,117
p23220-s390_SNT0012PR-S-day14,p23220-s390_SNT0012PR-S-day14_S389_concoct_33,P51,W9,P51_W9,SNT,2,D14,7/5/23,PR,concoct,2415675,142,30443,98,Bacteria,Bacteroidota,Bacteroidia,Bacteroidales,Bacteroidaceae,Prevotella,Prevotella sp900548585,Prevotella sp900548585_1,267
p23220-s390_SNT0012PR-S-day14,p23220-s390_SNT0012PR-S-day14_S389_concoct_49,P51,W9,P51_W9,SNT,2,D14,7/5/23,PR,concoct,2277591,93,44328,100,Bacteria,Actinomycetota,Coriobacteriia,Coriobacteriales,Coriobacteriaceae,Collinsella,Collinsella aerofaciens_G,Collinsella aerofaciens_G_1,233
p23220-s390_SNT0012PR-S-day14,p23220-s390_SNT0012PR-S-day14_S389_concoct_39,P51,W9,P51_W9,SNT,2,D14,7/5/23,PR,concoct,1666990,84,33255,96,Bacteria,Bacillota,Clostridia,Tissierellales,Peptoniphilaceae,Anaerococcus,Anaerococcus vaginalis_C,Anaerococcus vaginalis_C_1,260
p23220-s390_SNT0012PR-S-day14,p23220-s390_SNT0012PR-S-day14_S389_concoct_48,P51,W9,P51_W9,SNT,2,D14,7/5/23,PR,concoct,1581002,165,12850,96,Bacteria,Bacillota,Negativicutes,Veillonellales,Dialisteraceae,Dialister,Dialister sp900541485,Dialister sp900541485_1,264
p23220-s390_SNT0012PR-S-day14,p23220-s390_SNT0012PR-S-day14_S389_concoct_55,P51,W9,P51_W9,SNT,2,D14,7/5/23,PR,concoct,2050106,622,4063,96,Bacteria,Bacillota,Bacilli,Staphylococcales,Staphylococcaceae,Staphylococcus,Staphylococcus epidermidis,Staphylococcus epidermidis_1,178
p23220-s390_SNT0012PR-S-day14,p23220-s390_SNT0012PR-S-day14_S389_concoct_75,P51,W9,P51_W9,SNT,2,D14,7/5/23,PR,concoct,2386853,65,71066,98,Bacteria,Bacteroidota,Bacteroidia,Bacteroidales,Porphyromonadaceae,Porphyromonas_A,Porphyromonas_A somerae,Porphyromonas_A somerae_1,150
p23220-s390_SNT0012PR-S-day14,p23220-s390_SNT0012PR-S-day14_S389_metabat2_3,P51,W9,P51_W9,SNT,2,D14,7/5/23,PR,metabat2,1835020,112,25331,98,Bacteria,Bacillota,Clostridia,Saccharofermentanales,DTU023,SFGY01,SFGY01 sp004556455,SFGY01 sp004556455_1,243
p23220-s390_SNT0012PR-S-day14,p23220-s390_SNT0012PR-S-day14_S389_concoct_25,P51,W9,P51_W9,SNT,2,D14,7/5/23,PR,concoct,1132575,127,13783,94,Bacteria,Bacillota,Clostridia,Peptostreptococcales,Anaerovoracaceae,Alterileibacterium,Alterileibacterium massiliense,Alterileibacterium massiliense_1,177
p23220-s390_SNT0012PR-S-day14,p23220-s390_SNT0012PR-S-day14_S389_metabat2_12,P51,W9,P51_W9,SNT,2,D14,7/5/23,PR,metabat2,1689664,257,10423,94,Bacteria,Bacillota,Clostridia,Tissierellales,Peptoniphilaceae,Peptoniphilus_A,Peptoniphilus_A gorbachii,NA,NA
p23220-s390_SNT0012PR-S-day14,p23220-s390_SNT0012PR-S-day14_S389_concoct_35,P51,W9,P51_W9,SNT,2,D14,7/5/23,PR,concoct,2005485,912,2380,94,Bacteria,Bacillota,Bacilli,Lactobacillales,Enterococcaceae,Enterococcus,Enterococcus faecalis,Enterococcus faecalis_1,2
p23220-s390_SNT0012PR-S-day14,p23220-s390_SNT0012PR-S-day14_S389_metabat2_39,P51,W9,P51_W9,SNT,2,D14,7/5/23,PR,metabat2,1888633,34,103571,92,Bacteria,Actinomycetota,Actinomycetes,Actinomycetales,Bifidobacteriaceae,Bifidobacterium,Bifidobacterium adolescentis,Bifidobacterium adolescentis_1,121
p23220-s390_SNT0012PR-S-day14,p23220-s390_SNT0012PR-S-day14_S389_metabat2_24,P51,W9,P51_W9,SNT,2,D14,7/5/23,PR,metabat2,1518815,63,43103,92,Bacteria,Bacillota,Clostridia,Peptostreptococcales,Anaerovoracaceae,S5-A14a,S5-A14a sp900553025,NA,NA
p23220-s390_SNT0012PR-S-day14,p23220-s390_SNT0012PR-S-day14_S389_concoct_15,P51,W9,P51_W9,SNT,2,D14,7/5/23,PR,concoct,1413108,194,9896,92,Bacteria,Campylobacterota,Campylobacteria,Campylobacterales,Campylobacteraceae,Campylobacter_B,Campylobacter_B hominis,Campylobacter_B hominis_1,115
p23220-s390_SNT0012PR-S-day14,p23220-s390_SNT0012PR-S-day14_S389_concoct_51,P51,W9,P51_W9,SNT,2,D14,7/5/23,PR,concoct,2561508,71,65853,94,Unclassified Bacteria,NA,NA,NA,NA,NA,Unclassified Bacteria sp.,NA,NA
p23220-s390_SNT0012PR-S-day14,p23220-s390_SNT0012PR-S-day14_S389_metabat2_33,P51,W9,P51_W9,SNT,2,D14,7/5/23,PR,metabat2,1888066,162,17950,94,Bacteria,Bacillota,Clostridia,Oscillospirales,Oscillospiraceae,Hominicoprocola,Hominicoprocola sp900317525,Hominicoprocola sp900317525_1,38
p23220-s390_SNT0012PR-S-day14,p23220-s390_SNT0012PR-S-day14_S389_metabat2_30,P51,W9,P51_W9,SNT,2,D14,7/5/23,PR,metabat2,1346201,34,78439,88,Bacteria,Bacillota,Clostridia,Tissierellales,Peptoniphilaceae,Peptoniphilus_B,Peptoniphilus_B sp902488455,Peptoniphilus_B sp902488455_1,310
p23220-s390_SNT0012PR-S-day14,p23220-s390_SNT0012PR-S-day14_S389_concoct_28,P51,W9,P51_W9,SNT,2,D14,7/5/23,PR,concoct,1540186,445,4221,88,Bacteria,Bacteroidota,Bacteroidia,Bacteroidales,Porphyromonadaceae,Porphyromonas,Porphyromonas sp902489445,Porphyromonas sp902489445_1,114
p23220-s390_SNT0012PR-S-day14,p23220-s390_SNT0012PR-S-day14_S389_concoct_56,P51,W9,P51_W9,SNT,2,D14,7/5/23,PR,concoct,1403625,741,1996,82,Bacteria,Bacillota,Clostridia,Peptostreptococcales,Anaerovoracaceae,,Anaerovoracaceae sp.,Anaerovoracaceae sp._1,357
p23220-s390_SNT0012PR-S-day14,p23220-s390_SNT0012PR-S-day14_S389_concoct_77,P51,W9,P51_W9,SNT,2,D14,7/5/23,PR,concoct,2635811,605,5307,98,Unclassified Bacteria,NA,NA,NA,NA,NA,Unclassified Bacteria sp.,NA,NA
p23220-s390_SNT0012PR-S-day14,p23220-s390_SNT0012PR-S-day14_S389_metabat2_28,P51,W9,P51_W9,SNT,2,D14,7/5/23,PR,metabat2,958410,69,19429,73,Bacteria,Bacillota,Clostridia,Tissierellales,Peptoniphilaceae,Finegoldia,Finegoldia magna,NA,NA
p23220-s390_SNT0012PR-S-day14,p23220-s390_SNT0012PR-S-day14_S389_metabat2_27,P51,W9,P51_W9,SNT,2,D14,7/5/23,PR,metabat2,1453805,70,38601,71,Bacteria,Bacillota,Clostridia,Tissierellales,Peptoniphilaceae,Aedoeadaptatus,Aedoeadaptatus sp.,Aedoeadaptatus sp._1,350
p23220-s390_SNT0012PR-S-day14,p23220-s390_SNT0012PR-S-day14_S389_concoct_7,P51,W9,P51_W9,SNT,2,D14,7/5/23,PR,concoct,1504641,195,16317,67,Bacteria,Bacillota,Clostridia,Tissierellales,Peptoniphilaceae,Aedoeadaptatus,Aedoeadaptatus sp.,NA,NA
p23220-s390_SNT0012PR-S-day14,p23220-s390_SNT0012PR-S-day14_S389_maxbin2_028,P51,W9,P51_W9,SNT,2,D14,7/5/23,PR,maxbin2,2299396,395,11897,80,Bacteria,Bacteroidota,Bacteroidia,Bacteroidales,Porphyromonadaceae,Porphyromonas,Porphyromonas sp.,NA,NA
p23220-s391_SNT0012PR-S-day28,p23220-s391_SNT0012PR-S-day28_S390_metabat2_25,P51,W12,P51_W12,SNT,2,D28,7/25/23,PR,metabat2,2779827,27,218359,100,Bacteria,Bacillota,Bacilli,Lactobacillales,Enterococcaceae,Enterococcus,Enterococcus faecalis,Enterococcus faecalis_1,2
p23220-s391_SNT0012PR-S-day28,p23220-s391_SNT0012PR-S-day28_S390_metabat2_12,P51,W12,P51_W12,SNT,2,D28,7/25/23,PR,metabat2,2188421,28,143828,100,Bacteria,Actinomycetota,Actinomycetes,Actinomycetales,Actinomycetaceae,Mobiluncus,Mobiluncus sp.,Mobiluncus sp._1,246
p23220-s391_SNT0012PR-S-day28,p23220-s391_SNT0012PR-S-day28_S390_metabat2_18,P51,W12,P51_W12,SNT,2,D28,7/25/23,PR,metabat2,4899161,75,106685,100,Bacteria,Pseudomonadota,Gammaproteobacteria,Enterobacterales,Enterobacteriaceae,Escherichia,Escherichia coli,Escherichia coli_2,99
p23220-s391_SNT0012PR-S-day28,p23220-s391_SNT0012PR-S-day28_S390_concoct_10,P51,W12,P51_W12,SNT,2,D28,7/25/23,PR,concoct,1576074,95,27698,100,Bacteria,Bacillota,Clostridia,Tissierellales,Peptoniphilaceae,Aedoeadaptatus,Aedoeadaptatus sp.,Aedoeadaptatus sp._1,350
p23220-s391_SNT0012PR-S-day28,p23220-s391_SNT0012PR-S-day28_S390_concoct_1,P51,W12,P51_W12,SNT,2,D28,7/25/23,PR,concoct,1824865,276,8609,100,Bacteria,Actinomycetota,Actinomycetes,Actinomycetales,Actinomycetaceae,Pauljensenia,Pauljensenia turicensis_A,Pauljensenia turicensis_A_1,330
p23220-s391_SNT0012PR-S-day28,p23220-s391_SNT0012PR-S-day28_S390_concoct_42,P51,W12,P51_W12,SNT,2,D28,7/25/23,PR,concoct,1699737,76,30436,98,Bacteria,Bacteroidota,Bacteroidia,Bacteroidales,Porphyromonadaceae,Porphyromonas,Porphyromonas sp902489445,Porphyromonas sp902489445_1,114
p23220-s391_SNT0012PR-S-day28,p23220-s391_SNT0012PR-S-day28_S390_concoct_48,P51,W12,P51_W12,SNT,2,D28,7/25/23,PR,concoct,3021603,260,19017,98,Bacteria,Bacteroidota,Bacteroidia,Bacteroidales,Bacteroidaceae,Prevotella,Prevotella corporis,Prevotella corporis_1,183
p23220-s391_SNT0012PR-S-day28,p23220-s391_SNT0012PR-S-day28_S390_concoct_41,P51,W12,P51_W12,SNT,2,D28,7/25/23,PR,concoct,1440991,193,11576,98,Bacteria,Bacillota,Clostridia,Tissierellales,Peptoniphilaceae,Fenollaria,Fenollaria timonensis,Fenollaria timonensis_1,216
p23220-s391_SNT0012PR-S-day28,p23220-s391_SNT0012PR-S-day28_S390_concoct_12,P51,W12,P51_W12,SNT,2,D28,7/25/23,PR,concoct,2269840,296,10341,98,Bacteria,Bacteroidota,Bacteroidia,Bacteroidales,Porphyromonadaceae,Porphyromonas_A,Porphyromonas_A somerae,Porphyromonas_A somerae_1,150
p23220-s391_SNT0012PR-S-day28,p23220-s391_SNT0012PR-S-day28_S390_concoct_51,P51,W12,P51_W12,SNT,2,D28,7/25/23,PR,concoct,1591790,366,5354,98,Bacteria,Bacillota,Negativicutes,Veillonellales,Dialisteraceae,Dialister,Dialister sp900541485,Dialister sp900541485_1,264
p23220-s391_SNT0012PR-S-day28,p23220-s391_SNT0012PR-S-day28_S390_metabat2_13,P51,W12,P51_W12,SNT,2,D28,7/25/23,PR,metabat2,1954555,42,87002,96,Bacteria,Bacteroidota,Bacteroidia,Bacteroidales,Porphyromonadaceae,Porphyromonas_A,Porphyromonas_A sp900541275,Porphyromonas_A sp900541275_1,332
p23220-s391_SNT0012PR-S-day28,p23220-s391_SNT0012PR-S-day28_S390_concoct_64,P51,W12,P51_W12,SNT,2,D28,7/25/23,PR,concoct,2204266,170,22049,98,Bacteria,Bacteroidota,Bacteroidia,Bacteroidales,Bacteroidaceae,Prevotella,Prevotella sp900548585,Prevotella sp900548585_1,267
p23220-s391_SNT0012PR-S-day28,p23220-s391_SNT0012PR-S-day28_S390_concoct_4,P51,W12,P51_W12,SNT,2,D28,7/25/23,PR,concoct,3353507,743,5617,94,Bacteria,Bacteroidota,Bacteroidia,Bacteroidales,Porphyromonadaceae,Porphyromonas,Porphyromonas sp900546675,NA,NA
p23220-s391_SNT0012PR-S-day28,p23220-s391_SNT0012PR-S-day28_S390_concoct_2,P51,W12,P51_W12,SNT,2,D28,7/25/23,PR,concoct,1181455,394,3487,88,Bacteria,Campylobacterota,Campylobacteria,Campylobacterales,Campylobacteraceae,Campylobacter_B,Campylobacter_B hominis,Campylobacter_B hominis_1,115
p23220-s391_SNT0012PR-S-day28,p23220-s391_SNT0012PR-S-day28_S390_concoct_11,P51,W12,P51_W12,SNT,2,D28,7/25/23,PR,concoct,1578166,285,7240,90,Bacteria,Bacillota,Bacilli,Lactobacillales,Streptococcaceae,Streptococcus,Streptococcus hominis,Streptococcus hominis_3,621
p23220-s391_SNT0012PR-S-day28,p23220-s391_SNT0012PR-S-day28_S390_concoct_52,P51,W12,P51_W12,SNT,2,D28,7/25/23,PR,concoct,1759856,363,6457,94,Bacteria,Bacillota,Clostridia,Peptostreptococcales,Anaerovoracaceae,S5-A14a,S5-A14a sp900553025,S5-A14a sp900553025_1,113
p23220-s391_SNT0012PR-S-day28,p23220-s391_SNT0012PR-S-day28_S390_concoct_18,P51,W12,P51_W12,SNT,2,D28,7/25/23,PR,concoct,793583,284,3169,86,Bacteria,Bacillota,Clostridia,Peptostreptococcales,Anaerovoracaceae,Alterileibacterium,Alterileibacterium massiliense,Alterileibacterium massiliense_1,177
p23220-s391_SNT0012PR-S-day28,p23220-s391_SNT0012PR-S-day28_S390_concoct_35,P51,W12,P51_W12,SNT,2,D28,7/25/23,PR,concoct,1815231,790,2516,84,Bacteria,Synergistota,Synergistia,Synergistales,Dethiosulfovibrionaceae,Pyramidobacter,Pyramidobacter piscolens,Pyramidobacter piscolens_1,210
p23220-s391_SNT0012PR-S-day28,p23220-s391_SNT0012PR-S-day28_S390_metabat2_27,P51,W12,P51_W12,SNT,2,D28,7/25/23,PR,metabat2,1090352,290,4122,76,Bacteria,Bacillota,Clostridia,Tissierellales,Peptoniphilaceae,Murdochiella,Murdochiella sp902488755,Murdochiella sp902488755_1,117
p23220-s391_SNT0012PR-S-day28,p23220-s391_SNT0012PR-S-day28_S390_concoct_36,P51,W12,P51_W12,SNT,2,D28,7/25/23,PR,concoct,1462049,617,2682,78,Bacteria,Bacillota,Clostridia,Oscillospirales,Oscillospiraceae,Hominicoprocola,Hominicoprocola sp900317525,Hominicoprocola sp900317525_1,38
p23220-s391_SNT0012PR-S-day28,p23220-s391_SNT0012PR-S-day28_S390_concoct_33,P51,W12,P51_W12,SNT,2,D28,7/25/23,PR,concoct,934298,458,2147,57,Bacteria,Bacillota,Clostridia,Tissierellales,Peptoniphilaceae,Ezakiella,Ezakiella sp900540185,Ezakiella sp900540185_1,217
p23220-s391_SNT0012PR-S-day28,p23220-s391_SNT0012PR-S-day28_S390_concoct_68,P51,W12,P51_W12,SNT,2,D28,7/25/23,PR,concoct,767787,436,1783,53,Bacteria,Bacillota,Clostridia,Peptostreptococcales,Peptostreptococcaceae,Peptostreptococcus,Peptostreptococcus stomatis,Peptostreptococcus stomatis_1,301
p23220-s391_SNT0012PR-S-day28,p23220-s391_SNT0012PR-S-day28_S390_concoct_27,P51,W12,P51_W12,SNT,2,D28,7/25/23,PR,concoct,867681,562,1538,53,Bacteria,Actinomycetota,Actinomycetes,Actinomycetales,Actinomycetaceae,Varibaculum,Varibaculum cambriense_A,NA,NA
p23220-s391_SNT0012PR-S-day28,p23220-s391_SNT0012PR-S-day28_S390_metabat2_32,P51,W12,P51_W12,SNT,2,D28,7/25/23,PR,metabat2,1553080,610,2484,78,Bacteria,Bacillota,Clostridia,Tissierellales,Peptoniphilaceae,Finegoldia,Finegoldia sp.,NA,NA
p23220-s392_SNT0013PR-S-day0,p23220-s392_SNT0013PR-S-day0_S391_concoct_18,P26,W7,P26_W7,SNT,2,D00,6/21/23,PR,concoct,2795842,285,14392,98,Bacteria,Bacillota,Bacilli,Lactobacillales,Enterococcaceae,Enterococcus_B,Enterococcus_B faecium,Enterococcus_B faecium_1,27
p23220-s392_SNT0013PR-S-day0,p23220-s392_SNT0013PR-S-day0_S391_metabat2_4,P26,W7,P26_W7,SNT,2,D00,6/21/23,PR,metabat2,3781527,587,8044,98,Bacteria,Desulfobacterota_I,Desulfovibrionia,Desulfovibrionales,Desulfovibrionaceae,Bilophila,Bilophila wadsworthia,Bilophila wadsworthia_1,41
p23220-s392_SNT0013PR-S-day0,p23220-s392_SNT0013PR-S-day0_S391_concoct_22,P26,W7,P26_W7,SNT,2,D00,6/21/23,PR,concoct,2183071,944,2544,98,Bacteria,Fusobacteriota,Fusobacteriia,Fusobacteriales,Fusobacteriaceae,Fusobacterium_A,Fusobacterium_A varium,Fusobacterium_A varium_1,256
p23220-s392_SNT0013PR-S-day0,p23220-s392_SNT0013PR-S-day0_S391_concoct_27,P26,W7,P26_W7,SNT,2,D00,6/21/23,PR,concoct,1233108,692,1783,69,Bacteria,Pseudomonadota,Gammaproteobacteria,Burkholderiales,Burkholderiaceae,Sutterella,Sutterella wadsworthensis_A,Sutterella wadsworthensis_A_2,442
p23220-s392_SNT0013PR-S-day0,p23220-s392_SNT0013PR-S-day0_S391_maxbin2_004,P26,W7,P26_W7,SNT,2,D00,6/21/23,PR,maxbin2,6041729,480,45750,80,Bacteria,Pseudomonadota,Gammaproteobacteria,Enterobacterales,Enterobacteriaceae,Escherichia,Escherichia coli,NA,NA
p23220-s393_SNT0013PR-S-day7,p23220-s393_SNT0013PR-S-day7_S392_concoct_40,P26,W8,P26_W8,SNT,2,D07,6/28/23,PR,concoct,4924932,106,118646,100,Bacteria,Pseudomonadota,Gammaproteobacteria,Enterobacterales,Enterobacteriaceae,Escherichia,Escherichia coli,Escherichia coli_1,16
p23220-s393_SNT0013PR-S-day7,p23220-s393_SNT0013PR-S-day7_S392_concoct_13,P26,W8,P26_W8,SNT,2,D07,6/28/23,PR,concoct,4576722,100,79347,100,Bacteria,Bacteroidota,Bacteroidia,Bacteroidales,Tannerellaceae,Parabacteroides,Parabacteroides distasonis,Parabacteroides distasonis_1,1
p23220-s393_SNT0013PR-S-day7,p23220-s393_SNT0013PR-S-day7_S392_concoct_51,P26,W8,P26_W8,SNT,2,D07,6/28/23,PR,concoct,7963006,411,42945,100,Bacteria,Bacteroidota,Bacteroidia,Bacteroidales,Bacteroidaceae,Phocaeicola,Phocaeicola dorei,Phocaeicola dorei_1,85
p23220-s393_SNT0013PR-S-day7,p23220-s393_SNT0013PR-S-day7_S392_metabat2_8,P26,W8,P26_W8,SNT,2,D07,6/28/23,PR,metabat2,2382122,413,7790,100,Bacteria,Bacillota,Bacilli,Lactobacillales,Enterococcaceae,Enterococcus_B,Enterococcus_B faecium,Enterococcus_B faecium_1,27
p23220-s393_SNT0013PR-S-day7,p23220-s393_SNT0013PR-S-day7_S392_metabat2_16,P26,W8,P26_W8,SNT,2,D07,6/28/23,PR,metabat2,3870039,201,30791,98,Bacteria,Bacillota,Bacilli,Erysipelotrichales,Erysipelotrichaceae,Clostridium_AQ,Clostridium_AQ sp000165065,Clostridium_AQ sp000165065_1,78
p23220-s393_SNT0013PR-S-day7,p23220-s393_SNT0013PR-S-day7_S392_concoct_10,P26,W8,P26_W8,SNT,2,D07,6/28/23,PR,concoct,2233904,459,6606,98,Bacteria,Pseudomonadota,Gammaproteobacteria,Burkholderiales,Burkholderiaceae,Sutterella,Sutterella wadsworthensis_A,Sutterella wadsworthensis_A_1,10
p23220-s393_SNT0013PR-S-day7,p23220-s393_SNT0013PR-S-day7_S392_metabat2_17,P26,W8,P26_W8,SNT,2,D07,6/28/23,PR,metabat2,2169035,164,21200,100,Bacteria,Bacillota,Negativicutes,Acidaminococcales,Acidaminococcaceae,Phascolarctobacterium,Phascolarctobacterium faecium,Phascolarctobacterium faecium_1,17
p23220-s393_SNT0013PR-S-day7,p23220-s393_SNT0013PR-S-day7_S392_concoct_9,P26,W8,P26_W8,SNT,2,D07,6/28/23,PR,concoct,2815929,65,70625,94,Bacteria,Verrucomicrobiota,Verrucomicrobiia,Verrucomicrobiales,Akkermansiaceae,Akkermansia,Akkermansia muciniphila,Akkermansia muciniphila_1,6
p23220-s393_SNT0013PR-S-day7,p23220-s393_SNT0013PR-S-day7_S392_metabat2_1,P26,W8,P26_W8,SNT,2,D07,6/28/23,PR,metabat2,2894336,69,68302,94,Bacteria,Verrucomicrobiota,Verrucomicrobiia,Verrucomicrobiales,Akkermansiaceae,Akkermansia,Akkermansia sp900545155,Akkermansia sp900545155_1,132
p23220-s393_SNT0013PR-S-day7,p23220-s393_SNT0013PR-S-day7_S392_concoct_59,P26,W8,P26_W8,SNT,2,D07,6/28/23,PR,concoct,2915305,1336,2387,90,Bacteria,Desulfobacterota_I,Desulfovibrionia,Desulfovibrionales,Desulfovibrionaceae,Bilophila,Bilophila wadsworthia,Bilophila wadsworthia_1,41
p23220-s393_SNT0013PR-S-day7,p23220-s393_SNT0013PR-S-day7_S392_metabat2_11,P26,W8,P26_W8,SNT,2,D07,6/28/23,PR,metabat2,2626223,597,5225,86,Bacteria,Bacteroidota,Bacteroidia,Bacteroidales,Barnesiellaceae,Barnesiella,Barnesiella intestinihominis,Barnesiella intestinihominis_1,9
p23220-s393_SNT0013PR-S-day7,p23220-s393_SNT0013PR-S-day7_S392_concoct_26,P26,W8,P26_W8,SNT,2,D07,6/28/23,PR,concoct,2600182,399,9353,90,Bacteria,Bacteroidota,Bacteroidia,Bacteroidales,Rikenellaceae,Alistipes,Alistipes putredinis,NA,NA
p23220-s394_APPS0017PR-S,p23220-s394_APPS0017PR-S_S393_metabat2_28,P01,W1,P01_W1,APPS,1,APPS,5/7/23,PR,metabat2,3444625,41,156121,100,Bacteria,Bacteroidota,Bacteroidia,Bacteroidales,Rikenellaceae,Alistipes,Alistipes onderdonkii,Alistipes onderdonkii_1,14
p23220-s394_APPS0017PR-S,p23220-s394_APPS0017PR-S_S393_concoct_14,P01,W1,P01_W1,APPS,1,APPS,5/7/23,PR,concoct,2087368,34,131138,100,Bacteria,Actinomycetota,Coriobacteriia,Coriobacteriales,Atopobiaceae,Thermophilibacter,Thermophilibacter timonensis,Thermophilibacter timonensis_1,449
p23220-s394_APPS0017PR-S,p23220-s394_APPS0017PR-S_S393_concoct_36,P01,W1,P01_W1,APPS,1,APPS,5/7/23,PR,concoct,2191759,78,55582,100,Bacteria,Actinomycetota,Actinomycetes,Actinomycetales,Bifidobacteriaceae,Bifidobacterium,Bifidobacterium hominis,Bifidobacterium hominis_1,460
p23220-s394_APPS0017PR-S,p23220-s394_APPS0017PR-S_S393_metabat2_20,P01,W1,P01_W1,APPS,1,APPS,5/7/23,PR,metabat2,2126253,234,13114,100,Bacteria,Bacillota,Bacilli,Erysipelotrichales,Coprobacillaceae,Catenibacterium,Catenibacterium mitsuokai,Catenibacterium mitsuokai_3,631
p23220-s394_APPS0017PR-S,p23220-s394_APPS0017PR-S_S393_concoct_94,P01,W1,P01_W1,APPS,1,APPS,5/7/23,PR,concoct,2425907,341,10702,100,Bacteria,Actinomycetota,Actinomycetes,Actinomycetales,Actinomycetaceae,Mobiluncus,Mobiluncus sp.,Mobiluncus sp._2,567
p23220-s394_APPS0017PR-S,p23220-s394_APPS0017PR-S_S393_concoct_70,P01,W1,P01_W1,APPS,1,APPS,5/7/23,PR,concoct,2133043,311,9331,100,Bacteria,Bacillota,Negativicutes,Acidaminococcales,Acidaminococcaceae,Phascolarctobacterium,Phascolarctobacterium faecium,Phascolarctobacterium faecium_1,17
p23220-s394_APPS0017PR-S,p23220-s394_APPS0017PR-S_S393_concoct_1,P01,W1,P01_W1,APPS,1,APPS,5/7/23,PR,concoct,2752383,659,7569,96,Bacteria,Bacteroidota,Bacteroidia,Bacteroidales,Porphyromonadaceae,Porphyromonas,Porphyromonas sp946997275,NA,NA
p23220-s394_APPS0017PR-S,p23220-s394_APPS0017PR-S_S393_metabat2_36,P01,W1,P01_W1,APPS,1,APPS,5/7/23,PR,metabat2,1285885,36,90112,94,Bacteria,Actinomycetota,Coriobacteriia,Coriobacteriales,Coriobacteriaceae,Collinsella,Collinsella sp900542825,Collinsella sp900542825_1,451
p23220-s394_APPS0017PR-S,p23220-s394_APPS0017PR-S_S393_metabat2_29,P01,W1,P01_W1,APPS,1,APPS,5/7/23,PR,metabat2,2798034,85,49848,96,Bacteria,Bacillota,Clostridia,Oscillospirales,Acutalibacteraceae,Acutalibacter,Acutalibacter stercoravium,Acutalibacter stercoravium_1,288
p23220-s394_APPS0017PR-S,p23220-s394_APPS0017PR-S_S393_metabat2_16,P01,W1,P01_W1,APPS,1,APPS,5/7/23,PR,metabat2,2441340,133,28095,96,Bacteria,Bacillota,Clostridia,Oscillospirales,Oscillospiraceae,Scatomorpha,Scatomorpha intestinigallinarum,Scatomorpha intestinigallinarum_1,74
p23220-s394_APPS0017PR-S,p23220-s394_APPS0017PR-S_S393_metabat2_32,P01,W1,P01_W1,APPS,1,APPS,5/7/23,PR,metabat2,2373966,161,23113,96,Bacteria,Bacillota,Clostridia,Lachnospirales,Lachnospiraceae,Mediterraneibacter,Mediterraneibacter torques,Mediterraneibacter torques_1,5
p23220-s394_APPS0017PR-S,p23220-s394_APPS0017PR-S_S393_metabat2_1,P01,W1,P01_W1,APPS,1,APPS,5/7/23,PR,metabat2,3157781,85,72569,98,Bacteria,Bacillota,Clostridia,Lachnospirales,Lachnospiraceae,Merdimonas,Merdimonas faecis,Merdimonas faecis_1,535
p23220-s394_APPS0017PR-S,p23220-s394_APPS0017PR-S_S393_concoct_49,P01,W1,P01_W1,APPS,1,APPS,5/7/23,PR,concoct,2974969,340,13795,98,Bacteria,Bacillota,Clostridia,Lachnospirales,Lachnospiraceae,Suilimivivens,Suilimivivens aceti,Suilimivivens aceti_1,544
p23220-s394_APPS0017PR-S,p23220-s394_APPS0017PR-S_S393_metabat2_40,P01,W1,P01_W1,APPS,1,APPS,5/7/23,PR,metabat2,2109154,78,45449,94,Bacteria,Bacillota,Clostridia,Oscillospirales,Acutalibacteraceae,CAG-177,CAG-177 sp003514385,CAG-177 sp003514385_1,59
p23220-s394_APPS0017PR-S,p23220-s394_APPS0017PR-S_S393_concoct_39,P01,W1,P01_W1,APPS,1,APPS,5/7/23,PR,concoct,1681497,672,2861,96,Bacteria,Bacillota,Clostridia,Oscillospirales,Acutalibacteraceae,Hominenteromicrobium,Hominenteromicrobium mulieris,Hominenteromicrobium mulieris_1,18
p23220-s394_APPS0017PR-S,p23220-s394_APPS0017PR-S_S393_metabat2_26,P01,W1,P01_W1,APPS,1,APPS,5/7/23,PR,metabat2,1971985,146,24341,90,Bacteria,Bacillota,Clostridia,Oscillospirales,Oscillospiraceae,Vescimonas,Vescimonas cirricatena,Vescimonas cirricatena_1,58
p23220-s394_APPS0017PR-S,p23220-s394_APPS0017PR-S_S393_metabat2_48,P01,W1,P01_W1,APPS,1,APPS,5/7/23,PR,metabat2,3443893,908,4362,90,Bacteria,Bacillota,Clostridia,Eubacteriales,Eubacteriaceae,Eubacterium,Eubacterium limosum,Eubacterium limosum_1,270
p23220-s394_APPS0017PR-S,p23220-s394_APPS0017PR-S_S393_metabat2_15,P01,W1,P01_W1,APPS,1,APPS,5/7/23,PR,metabat2,1105853,309,3942,80,Bacteria,Bacillota,Clostridia,Tissierellales,Peptoniphilaceae,Murdochiella,Murdochiella massiliensis_A,Murdochiella massiliensis_A_1,226
p23220-s394_APPS0017PR-S,p23220-s394_APPS0017PR-S_S393_concoct_99,P01,W1,P01_W1,APPS,1,APPS,5/7/23,PR,concoct,1722980,878,2037,80,Bacteria,Bacillota,Bacilli,Lactobacillales,Enterococcaceae,Enterococcus,Enterococcus faecalis,Enterococcus faecalis_2,633
p23220-s394_APPS0017PR-S,p23220-s394_APPS0017PR-S_S393_concoct_30,P01,W1,P01_W1,APPS,1,APPS,5/7/23,PR,concoct,2271504,608,4831,78,Bacteria,Bacteroidota,Bacteroidia,Bacteroidales,Bacteroidaceae,Prevotella,Prevotella stercorea,Prevotella stercorea_1,501
p23220-s394_APPS0017PR-S,p23220-s394_APPS0017PR-S_S393_metabat2_35,P01,W1,P01_W1,APPS,1,APPS,5/7/23,PR,metabat2,2281329,473,5803,78,Bacteria,Bacteroidota,Bacteroidia,Bacteroidales,Bacteroidaceae,Prevotella,Prevotella sp.,Prevotella sp._2,709
p23220-s394_APPS0017PR-S,p23220-s394_APPS0017PR-S_S393_concoct_100,P01,W1,P01_W1,APPS,1,APPS,5/7/23,PR,concoct,3104162,441,9078,80,Bacteria,Bacillota,Clostridia,Lachnospirales,Lachnospiraceae,Anaerostipes,Anaerostipes caccae,Anaerostipes caccae_1,56
p23220-s394_APPS0017PR-S,p23220-s394_APPS0017PR-S_S393_concoct_33,P01,W1,P01_W1,APPS,1,APPS,5/7/23,PR,concoct,3555289,411,11581,100,Bacteria,Bacillota,Clostridia,Lachnospirales,Lachnospiraceae,Blautia_A,Blautia_A sp900120195,Blautia_A sp900120195_1,545
p23220-s394_APPS0017PR-S,p23220-s394_APPS0017PR-S_S393_metabat2_43,P01,W1,P01_W1,APPS,1,APPS,5/7/23,PR,metabat2,1800156,628,3006,67,Bacteria,Bacillota,Clostridia,Oscillospirales,Oscillospiraceae,Oscillibacter,Oscillibacter welbionis,Oscillibacter welbionis_1,105
p23220-s394_APPS0017PR-S,p23220-s394_APPS0017PR-S_S393_concoct_66,P01,W1,P01_W1,APPS,1,APPS,5/7/23,PR,concoct,5025654,1031,5681,75,Bacteria,Bacillota,Clostridia,Lachnospirales,Lachnospiraceae,Eisenbergiella,Eisenbergiella porci,Eisenbergiella porci_1,314
p23220-s394_APPS0017PR-S,p23220-s394_APPS0017PR-S_S393_concoct_35,P01,W1,P01_W1,APPS,1,APPS,5/7/23,PR,concoct,1831140,534,4128,69,Bacteria,Bacteroidota,Bacteroidia,Bacteroidales,Rikenellaceae,Alistipes,Alistipes putredinis,Alistipes putredinis_1,4
p23220-s394_APPS0017PR-S,p23220-s394_APPS0017PR-S_S393_concoct_9,P01,W1,P01_W1,APPS,1,APPS,5/7/23,PR,concoct,2052946,477,5908,65,Bacteria,Actinomycetota,Actinomycetes,Actinomycetales,Bifidobacteriaceae,Bifidobacterium,Bifidobacterium longum,Bifidobacterium longum_1,13
p23220-s394_APPS0017PR-S,p23220-s394_APPS0017PR-S_S393_metabat2_2,P01,W1,P01_W1,APPS,1,APPS,5/7/23,PR,metabat2,1042848,373,3008,55,Bacteria,Bacillota,Clostridia,Peptostreptococcales,Anaerovoracaceae,CAG-238,CAG-238 sp000435615,CAG-238 sp000435615_1,593
p23220-s394_APPS0017PR-S,p23220-s394_APPS0017PR-S_S393_concoct_12,P01,W1,P01_W1,APPS,1,APPS,5/7/23,PR,concoct,2693084,597,5522,59,Bacteria,Bacillota,Clostridia,Oscillospirales,Ruminococcaceae,Ruthenibacterium,Ruthenibacterium lactatiformans,Ruthenibacterium lactatiformans_1,11
p23220-s395_APPS0018PR-S,p23220-s395_APPS0018PR-S_S394_concoct_2,P02,W1,P02_W1,APPS,1,APPS,5/7/23,PR,concoct,4215662,49,168165,100,Bacteria,Pseudomonadota,Gammaproteobacteria,Enterobacterales,Enterobacteriaceae,Proteus,Proteus mirabilis,Proteus mirabilis_1,100
p23220-s395_APPS0018PR-S,p23220-s395_APPS0018PR-S_S394_concoct_19,P02,W1,P02_W1,APPS,1,APPS,5/7/23,PR,concoct,3214673,48,158163,100,Bacteria,Bacillota,Bacilli,Lactobacillales,Enterococcaceae,Enterococcus,Enterococcus faecalis,Enterococcus faecalis_1,2
p23220-s395_APPS0018PR-S,p23220-s395_APPS0018PR-S_S394_metabat2_5,P02,W1,P02_W1,APPS,1,APPS,5/7/23,PR,metabat2,2300042,395,7745,98,Bacteria,Bacillota,Bacilli,Staphylococcales,Staphylococcaceae,Staphylococcus,Staphylococcus epidermidis,Staphylococcus epidermidis_1,178
p23220-s395_APPS0018PR-S,p23220-s395_APPS0018PR-S_S394_maxbin2_004,P02,W1,P02_W1,APPS,1,APPS,5/7/23,PR,maxbin2,4098346,1326,5064,84,Bacteria,Bacillota,Bacilli,Erysipelotrichales,Erysipelotrichaceae,Clostridium_AQ,Clostridium_AQ innocuum,NA,NA
p23220-s396_APPS0020PR-S,p23220-s396_APPS0020PR-S_S395_concoct_48,P04,W1,P04_W1,APPS,1,APPS,5/7/23,PR,concoct,1445083,8,323427,100,Bacteria,Actinomycetota,Actinomycetes,Actinomycetales,Bifidobacteriaceae,Scardovia,Scardovia wiggsiae,Scardovia wiggsiae_1,236
p23220-s396_APPS0020PR-S,p23220-s396_APPS0020PR-S_S395_metabat2_8,P04,W1,P04_W1,APPS,1,APPS,5/7/23,PR,metabat2,2847130,31,160062,100,Bacteria,Bacillota,Bacilli,Lactobacillales,Enterococcaceae,Enterococcus,Enterococcus faecalis,Enterococcus faecalis_1,2
p23220-s396_APPS0020PR-S,p23220-s396_APPS0020PR-S_S395_concoct_60,P04,W1,P04_W1,APPS,1,APPS,5/7/23,PR,concoct,3333441,105,50333,100,Bacteria,Actinomycetota,Coriobacteriia,Coriobacteriales,Eggerthellaceae,Eggerthella,Eggerthella lenta,Eggerthella lenta_1,3
p23220-s396_APPS0020PR-S,p23220-s396_APPS0020PR-S_S395_concoct_26,P04,W1,P04_W1,APPS,1,APPS,5/7/23,PR,concoct,4999040,228,37283,100,Bacteria,Bacteroidota,Bacteroidia,Bacteroidales,Tannerellaceae,Parabacteroides,Parabacteroides distasonis,Parabacteroides distasonis_1,1
p23220-s396_APPS0020PR-S,p23220-s396_APPS0020PR-S_S395_metabat2_1,P04,W1,P04_W1,APPS,1,APPS,5/7/23,PR,metabat2,2410063,52,84810,98,Bacteria,Bacillota,Negativicutes,Veillonellales,Megasphaeraceae,Megasphaera,Megasphaera massiliensis,Megasphaera massiliensis_1,266
p23220-s396_APPS0020PR-S,p23220-s396_APPS0020PR-S_S395_metabat2_6,P04,W1,P04_W1,APPS,1,APPS,5/7/23,PR,metabat2,2999186,58,98099,100,Bacteria,Bacillota,Clostridia,Lachnospirales,Lachnospiraceae,Oliverpabstia,Oliverpabstia sp000432335,Oliverpabstia sp000432335_1,318
p23220-s396_APPS0020PR-S,p23220-s396_APPS0020PR-S_S395_concoct_42,P04,W1,P04_W1,APPS,1,APPS,5/7/23,PR,concoct,3906165,203,31318,96,Bacteria,Bacillota,Bacilli,Erysipelotrichales,Erysipelotrichaceae,Clostridium_AQ,Clostridium_AQ innocuum,Clostridium_AQ innocuum_1,20
p23220-s396_APPS0020PR-S,p23220-s396_APPS0020PR-S_S395_metabat2_14,P04,W1,P04_W1,APPS,1,APPS,5/7/23,PR,metabat2,3143064,37,129005,100,Bacteria,Bacillota,Clostridia,Lachnospirales,Lachnospiraceae,Blautia_A,Blautia_A caecimuris,Blautia_A caecimuris_1,165
p23220-s396_APPS0020PR-S,p23220-s396_APPS0020PR-S_S395_metabat2_25,P04,W1,P04_W1,APPS,1,APPS,5/7/23,PR,metabat2,2703928,760,4077,94,Bacteria,Bacillota,Bacilli,Erysipelotrichales,Coprobacillaceae,Coprobacillus,Coprobacillus cateniformis,Coprobacillus cateniformis_1,259
p23220-s396_APPS0020PR-S,p23220-s396_APPS0020PR-S_S395_metabat2_13,P04,W1,P04_W1,APPS,1,APPS,5/7/23,PR,metabat2,5620862,82,109355,98,Bacteria,Bacillota,Clostridia,Lachnospirales,Lachnospiraceae,Blautia,Blautia celeris,Blautia celeris_1,126
p23220-s396_APPS0020PR-S,p23220-s396_APPS0020PR-S_S395_metabat2_7,P04,W1,P04_W1,APPS,1,APPS,5/7/23,PR,metabat2,2928169,213,23889,98,Bacteria,Bacillota,Bacilli,Lactobacillales,Lactobacillaceae,Lacticaseibacillus,Lacticaseibacillus paracasei,Lacticaseibacillus paracasei_1,152
p23220-s396_APPS0020PR-S,p23220-s396_APPS0020PR-S_S395_concoct_30,P04,W1,P04_W1,APPS,1,APPS,5/7/23,PR,concoct,5942062,80,124927,96,Bacteria,Bacillota,Clostridia,Lachnospirales,Lachnospiraceae,Enterocloster,Enterocloster bolteae,Enterocloster bolteae_1,148
p23220-s396_APPS0020PR-S,p23220-s396_APPS0020PR-S_S395_metabat2_10,P04,W1,P04_W1,APPS,1,APPS,5/7/23,PR,metabat2,2879736,51,103353,98,Bacteria,Bacillota,Clostridia,Oscillospirales,Acutalibacteraceae,Fimivicinus,Fimivicinus sp900544375,Fimivicinus sp900544375_1,29
p23220-s396_APPS0020PR-S,p23220-s396_APPS0020PR-S_S395_concoct_2,P04,W1,P04_W1,APPS,1,APPS,5/7/23,PR,concoct,1447785,784,1916,65,Bacteria,Bacillota,Clostridia,Oscillospirales,Butyricicoccaceae,Pseudobutyricicoccus,Pseudobutyricicoccus lothianensis,Pseudobutyricicoccus lothianensis_1,402
p23220-s396_APPS0020PR-S,p23220-s396_APPS0020PR-S_S395_concoct_47,P04,W1,P04_W1,APPS,1,APPS,5/7/23,PR,concoct,2651058,953,3329,67,Bacteria,Bacteroidota,Bacteroidia,Bacteroidales,Rikenellaceae,Alistipes,Alistipes finegoldii,Alistipes finegoldii_1,164
p23220-s396_APPS0020PR-S,p23220-s396_APPS0020PR-S_S395_metabat2_12,P04,W1,P04_W1,APPS,1,APPS,5/7/23,PR,metabat2,1645720,513,3466,65,Bacteria,Bacillota,Bacilli,Staphylococcales,Staphylococcaceae,Staphylococcus,Staphylococcus pseudintermedius,Staphylococcus pseudintermedius_1,694
p23220-s396_APPS0020PR-S,p23220-s396_APPS0020PR-S_S395_metabat2_11,P04,W1,P04_W1,APPS,1,APPS,5/7/23,PR,metabat2,4641302,323,23432,57,Bacteria,Pseudomonadota,Gammaproteobacteria,Enterobacterales,Enterobacteriaceae,Escherichia,Escherichia coli,Escherichia coli_2,99
p23220-s396_APPS0020PR-S,p23220-s396_APPS0020PR-S_S395_maxbin2_019,P04,W1,P04_W1,APPS,1,APPS,5/7/23,PR,maxbin2,4377932,1316,5552,80,Bacteria,Bacillota,Clostridia,Oscillospirales,Oscillospiraceae,Flavonifractor,Flavonifractor plautii,NA,NA
p23220-s397_APPS0023PR-S,p23220-s397_APPS0023PR-S_S396_metabat2_22,P07,W1,P07_W1,APPS,1,APPS,5/7/23,PR,metabat2,2630644,135,31423,98,Bacteria,Bacillota,Clostridia,Oscillospirales,Oscillospiraceae,Faecousia,Faecousia gallistercoris,Faecousia gallistercoris_1,372
p23220-s397_APPS0023PR-S,p23220-s397_APPS0023PR-S_S396_metabat2_13,P07,W1,P07_W1,APPS,1,APPS,5/7/23,PR,metabat2,2172885,174,20818,98,Bacteria,Bacteroidota,Bacteroidia,Bacteroidales,Rikenellaceae,Alistipes,Alistipes putredinis,Alistipes putredinis_1,4
p23220-s397_APPS0023PR-S,p23220-s397_APPS0023PR-S_S396_metabat2_16,P07,W1,P07_W1,APPS,1,APPS,5/7/23,PR,metabat2,2454587,68,61357,100,Bacteria,Bacillota,Clostridia,Oscillospirales,Oscillospiraceae,Scatomorpha,Scatomorpha merdavium,Scatomorpha merdavium_1,159
p23220-s397_APPS0023PR-S,p23220-s397_APPS0023PR-S_S396_concoct_31,P07,W1,P07_W1,APPS,1,APPS,5/7/23,PR,concoct,1783018,258,9367,97,NA,NA,NA,NA,NA,NA,NA,NA_2,151
p23220-s397_APPS0023PR-S,p23220-s397_APPS0023PR-S_S396_concoct_61,P07,W1,P07_W1,APPS,1,APPS,5/7/23,PR,concoct,3136283,49,110625,96,Bacteria,Verrucomicrobiota,Verrucomicrobiia,Verrucomicrobiales,Akkermansiaceae,Akkermansia,Akkermansia biwaensis,Akkermansia biwaensis_1,336
p23220-s397_APPS0023PR-S,p23220-s397_APPS0023PR-S_S396_metabat2_19,P07,W1,P07_W1,APPS,1,APPS,5/7/23,PR,metabat2,2234956,227,13998,94,Bacteria,Bacillota,Clostridia,Oscillospirales,Ruminococcaceae,Ruthenibacterium,Ruthenibacterium merdipullorum,Ruthenibacterium merdipullorum_1,119
p23220-s397_APPS0023PR-S,p23220-s397_APPS0023PR-S_S396_metabat2_17,P07,W1,P07_W1,APPS,1,APPS,5/7/23,PR,metabat2,2185327,169,19264,94,Bacteria,Actinomycetota,Coriobacteriia,Coriobacteriales,Coriobacteriaceae,Collinsella,Collinsella stercoris,Collinsella stercoris_1,456
p23220-s397_APPS0023PR-S,p23220-s397_APPS0023PR-S_S396_metabat2_4,P07,W1,P07_W1,APPS,1,APPS,5/7/23,PR,metabat2,5219363,682,10712,96,Bacteria,Bacillota,Clostridia,Lachnospirales,Lachnospiraceae,Enterocloster,Enterocloster bolteae,Enterocloster bolteae_1,148
p23220-s397_APPS0023PR-S,p23220-s397_APPS0023PR-S_S396_metabat2_12,P07,W1,P07_W1,APPS,1,APPS,5/7/23,PR,metabat2,2629776,335,10674,94,Bacteria,Bacillota,Clostridia,Lachnospirales,Lachnospiraceae,Anaerobutyricum,Anaerobutyricum stercoris,Anaerobutyricum stercoris_1,308
p23220-s397_APPS0023PR-S,p23220-s397_APPS0023PR-S_S396_concoct_41,P07,W1,P07_W1,APPS,1,APPS,5/7/23,PR,concoct,2808138,95,50780,98,Bacteria,Bacillota,Clostridia,Oscillospirales,Acutalibacteraceae,Fimivicinus,Fimivicinus sp900544375,Fimivicinus sp900544375_1,29
p23220-s397_APPS0023PR-S,p23220-s397_APPS0023PR-S_S396_metabat2_31,P07,W1,P07_W1,APPS,1,APPS,5/7/23,PR,metabat2,2598643,593,5396,88,Bacteria,Bacteroidota,Bacteroidia,Bacteroidales,Barnesiellaceae,Barnesiella,Barnesiella intestinihominis,Barnesiella intestinihominis_1,9
p23220-s397_APPS0023PR-S,p23220-s397_APPS0023PR-S_S396_concoct_28,P07,W1,P07_W1,APPS,1,APPS,5/7/23,PR,concoct,2043862,893,2539,88,Bacteria,Bacillota,Bacilli,Lactobacillales,Enterococcaceae,Enterococcus,Enterococcus faecalis,Enterococcus faecalis_1,2
p23220-s397_APPS0023PR-S,p23220-s397_APPS0023PR-S_S396_concoct_17,P07,W1,P07_W1,APPS,1,APPS,5/7/23,PR,concoct,1071723,379,3267,84,Bacteria,Bacillota,Clostridia,TANB77,CAG-508,CAG-273,CAG-273 sp000438355,CAG-273 sp000438355_1,349
p23220-s397_APPS0023PR-S,p23220-s397_APPS0023PR-S_S396_concoct_45,P07,W1,P07_W1,APPS,1,APPS,5/7/23,PR,concoct,2938841,747,4620,88,Bacteria,Bacillota,Clostridia,Lachnospirales,Lachnospiraceae,Blautia,Blautia pullicola,Blautia pullicola_1,234
p23220-s397_APPS0023PR-S,p23220-s397_APPS0023PR-S_S396_concoct_27,P07,W1,P07_W1,APPS,1,APPS,5/7/23,PR,concoct,2722628,665,5065,88,Bacteria,Bacillota,Clostridia,Oscillospirales,Ruminococcaceae,Anaerotruncus,Anaerotruncus massiliensis,Anaerotruncus massiliensis_1,158
p23220-s397_APPS0023PR-S,p23220-s397_APPS0023PR-S_S396_metabat2_33,P07,W1,P07_W1,APPS,1,APPS,5/7/23,PR,metabat2,3161422,529,8026,76,Bacteria,Actinomycetota,Coriobacteriia,Coriobacteriales,Eggerthellaceae,Eggerthella,Eggerthella lenta,Eggerthella lenta_1,3
p23220-s397_APPS0023PR-S,p23220-s397_APPS0023PR-S_S396_metabat2_3,P07,W1,P07_W1,APPS,1,APPS,5/7/23,PR,metabat2,2931918,350,12056,69,Bacteria,Bacillota,Clostridia,Lachnospirales,Lachnospiraceae,Blautia_A,Blautia_A hydrogenotrophica,Blautia_A hydrogenotrophica_1,48
p23220-s397_APPS0023PR-S,p23220-s397_APPS0023PR-S_S396_concoct_72,P07,W1,P07_W1,APPS,1,APPS,5/7/23,PR,concoct,7879019,781,15826,61,Bacteria,Bacteroidota,Bacteroidia,Bacteroidales,Bacteroidaceae,Phocaeicola,Phocaeicola vulgatus,Phocaeicola vulgatus_1,44
p23220-s397_APPS0023PR-S,p23220-s397_APPS0023PR-S_S396_metabat2_14,P07,W1,P07_W1,APPS,1,APPS,5/7/23,PR,metabat2,2580372,652,4682,75,Bacteria,Bacillota,Clostridia,Oscillospirales,Oscillospiraceae,Intestinimonas,Intestinimonas butyriciproducens,Intestinimonas butyriciproducens_1,225
p23220-s397_APPS0023PR-S,p23220-s397_APPS0023PR-S_S396_concoct_86,P07,W1,P07_W1,APPS,1,APPS,5/7/23,PR,concoct,1665253,998,1727,57,Bacteria,Bacteroidota,Bacteroidia,Bacteroidales,Rikenellaceae,Alistipes,Alistipes shahii,Alistipes shahii_2,473
p23220-s398_APPS0036PR-S,p23220-s398_APPS0036PR-S_S397_concoct_17,P13,W1,P13_W1,APPS,1,APPS,5/7/23,PR,concoct,2650658,17,366363,100,Bacteria,Actinomycetota,Actinomycetes,Actinomycetales,Bifidobacteriaceae,Bifidobacterium,Bifidobacterium dentium,Bifidobacterium dentium_1,140
p23220-s398_APPS0036PR-S,p23220-s398_APPS0036PR-S_S397_concoct_35,P13,W1,P13_W1,APPS,1,APPS,5/7/23,PR,concoct,2238036,56,64698,100,Bacteria,Actinomycetota,Coriobacteriia,Coriobacteriales,Atopobiaceae,Olsenella,Olsenella uli,Olsenella uli_1,450
p23220-s398_APPS0036PR-S,p23220-s398_APPS0036PR-S_S397_metabat2_21,P13,W1,P13_W1,APPS,1,APPS,5/7/23,PR,metabat2,3379224,101,57190,100,Bacteria,Actinomycetota,Coriobacteriia,Coriobacteriales,Eggerthellaceae,Eggerthella,Eggerthella lenta,Eggerthella lenta_1,3
p23220-s398_APPS0036PR-S,p23220-s398_APPS0036PR-S_S397_metabat2_1,P13,W1,P13_W1,APPS,1,APPS,5/7/23,PR,metabat2,2845155,134,42888,100,Bacteria,Bacillota,Bacilli,Lactobacillales,Enterococcaceae,Enterococcus_B,Enterococcus_B lactis,Enterococcus_B lactis_1,215
p23220-s398_APPS0036PR-S,p23220-s398_APPS0036PR-S_S397_metabat2_30,P13,W1,P13_W1,APPS,1,APPS,5/7/23,PR,metabat2,4520464,212,32837,100,Bacteria,Pseudomonadota,Gammaproteobacteria,Enterobacterales,Enterobacteriaceae,Escherichia,Escherichia coli,Escherichia coli_2,99
p23220-s398_APPS0036PR-S,p23220-s398_APPS0036PR-S_S397_concoct_64,P13,W1,P13_W1,APPS,1,APPS,5/7/23,PR,concoct,1833386,116,30900,100,Bacteria,Bacillota,Clostridia,Tissierellales,Peptoniphilaceae,Parvimonas,Parvimonas micra,Parvimonas micra_1,669
p23220-s398_APPS0036PR-S,p23220-s398_APPS0036PR-S_S397_metabat2_14,P13,W1,P13_W1,APPS,1,APPS,5/7/23,PR,metabat2,2790245,164,29432,100,Bacteria,Bacteroidota,Bacteroidia,Bacteroidales,Bacteroidaceae,Prevotella,Prevotella phocaeensis,Prevotella phocaeensis_1,672
p23220-s398_APPS0036PR-S,p23220-s398_APPS0036PR-S_S397_concoct_58,P13,W1,P13_W1,APPS,1,APPS,5/7/23,PR,concoct,2855912,214,22439,100,Bacteria,Bacillota,Bacilli,Lactobacillales,Enterococcaceae,Enterococcus,Enterococcus faecalis,Enterococcus faecalis_1,2
p23220-s398_APPS0036PR-S,p23220-s398_APPS0036PR-S_S397_concoct_37,P13,W1,P13_W1,APPS,1,APPS,5/7/23,PR,concoct,4463608,54,205543,98,Bacteria,Bacillota,Bacilli,Erysipelotrichales,Erysipelotrichaceae,Clostridium_AQ,Clostridium_AQ innocuum,Clostridium_AQ innocuum_1,20
p23220-s398_APPS0036PR-S,p23220-s398_APPS0036PR-S_S397_concoct_2,P13,W1,P13_W1,APPS,1,APPS,5/7/23,PR,concoct,1621926,47,83771,98,Bacteria,Bacillota,Clostridia,Peptostreptococcales,Anaerovoracaceae,Mogibacterium,Mogibacterium timidum,Mogibacterium timidum_1,671
p23220-s398_APPS0036PR-S,p23220-s398_APPS0036PR-S_S397_metabat2_18,P13,W1,P13_W1,APPS,1,APPS,5/7/23,PR,metabat2,1608281,65,30049,98,Bacteria,Bacillota,Negativicutes,Veillonellales,Megasphaeraceae,Anaeroglobus,Anaeroglobus geminatus,Anaeroglobus geminatus_1,597
p23220-s398_APPS0036PR-S,p23220-s398_APPS0036PR-S_S397_metabat2_10,P13,W1,P13_W1,APPS,1,APPS,5/7/23,PR,metabat2,3579817,63,90417,96,Bacteria,Bacillota,Clostridia,Eubacteriales,Eubacteriaceae,Eubacterium,Eubacterium callanderi,Eubacterium callanderi_1,53
p23220-s398_APPS0036PR-S,p23220-s398_APPS0036PR-S_S397_metabat2_22,P13,W1,P13_W1,APPS,1,APPS,5/7/23,PR,metabat2,1507049,234,8528,96,Bacteria,Bacillota,Clostridia,Peptostreptococcales,Peptostreptococcaceae,Peptostreptococcus,Peptostreptococcus stomatis,Peptostreptococcus stomatis_2,469
p23220-s398_APPS0036PR-S,p23220-s398_APPS0036PR-S_S397_metabat2_29,P13,W1,P13_W1,APPS,1,APPS,5/7/23,PR,metabat2,2506504,232,15191,96,Bacteria,Bacillota,Clostridia,Oscillospirales,Ruminococcaceae,Faecalibacterium,Faecalibacterium longum,Faecalibacterium longum_2,277
p23220-s398_APPS0036PR-S,p23220-s398_APPS0036PR-S_S397_concoct_36,P13,W1,P13_W1,APPS,1,APPS,5/7/23,PR,concoct,4299799,294,22257,98,Bacteria,Bacillota,Clostridia,Peptostreptococcales,Anaerovoracaceae,Emergencia,Emergencia timonensis,Emergencia timonensis_1,171
p23220-s398_APPS0036PR-S,p23220-s398_APPS0036PR-S_S397_metabat2_13,P13,W1,P13_W1,APPS,1,APPS,5/7/23,PR,metabat2,3258635,100,55667,96,Bacteria,Bacillota,Clostridia,Oscillospirales,Ruminococcaceae,Ruthenibacterium,Ruthenibacterium lactatiformans,Ruthenibacterium lactatiformans_1,11
p23220-s398_APPS0036PR-S,p23220-s398_APPS0036PR-S_S397_metabat2_9,P13,W1,P13_W1,APPS,1,APPS,5/7/23,PR,metabat2,4128355,300,19351,96,Bacteria,Bacillota,Clostridia,Lachnospirales,Lachnospiraceae,Lactonifactor,Lactonifactor sp009677585,Lactonifactor sp009677585_1,548
p23220-s398_APPS0036PR-S,p23220-s398_APPS0036PR-S_S397_concoct_48,P13,W1,P13_W1,APPS,1,APPS,5/7/23,PR,concoct,2579504,371,9215,96,Bacteria,Bacillota,Clostridia,Lachnospirales,Lachnospiraceae,Frisingicoccus,Frisingicoccus sp900549105,Frisingicoccus sp900549105_1,511
p23220-s398_APPS0036PR-S,p23220-s398_APPS0036PR-S_S397_metabat2_20,P13,W1,P13_W1,APPS,1,APPS,5/7/23,PR,metabat2,3665608,488,10008,92,Bacteria,Bacillota,Clostridia,Oscillospirales,Acutalibacteraceae,Acutalibacter,Acutalibacter timonensis,Acutalibacter timonensis_1,49
p23220-s398_APPS0036PR-S,p23220-s398_APPS0036PR-S_S397_metabat2_6,P13,W1,P13_W1,APPS,1,APPS,5/7/23,PR,metabat2,7537259,190,62481,98,Bacteria,Bacillota,Clostridia,Lachnospirales,Lachnospiraceae,Eisenbergiella,Eisenbergiella tayi,Eisenbergiella tayi_1,79
p23220-s398_APPS0036PR-S,p23220-s398_APPS0036PR-S_S397_concoct_49,P13,W1,P13_W1,APPS,1,APPS,5/7/23,PR,concoct,2422802,1061,2592,84,Bacteria,Bacillota,Clostridia,Oscillospirales,Ruminococcaceae,Fournierella,Fournierella sp900543285,Fournierella sp900543285_1,120
p23220-s398_APPS0036PR-S,p23220-s398_APPS0036PR-S_S397_metabat2_4,P13,W1,P13_W1,APPS,1,APPS,5/7/23,PR,metabat2,1639624,368,5452,78,Bacteria,Campylobacterota,Campylobacteria,Campylobacterales,Campylobacteraceae,Campylobacter_A,Campylobacter_A curvus,Campylobacter_A curvus_1,678
p23220-s398_APPS0036PR-S,p23220-s398_APPS0036PR-S_S397_concoct_54,P13,W1,P13_W1,APPS,1,APPS,5/7/23,PR,concoct,1773200,540,4007,80,Bacteria,Bacillota,Negativicutes,Selenomonadales,Selenomonadaceae,CAJPQU01,CAJPQU01 sp905373705,CAJPQU01 sp905373705_1,613
p23220-s398_APPS0036PR-S,p23220-s398_APPS0036PR-S_S397_metabat2_11,P13,W1,P13_W1,APPS,1,APPS,5/7/23,PR,metabat2,2447313,717,3735,80,Bacteria,Bacillota,Clostridia,Oscillospirales,Acutalibacteraceae,,Acutalibacteraceae sp.,Acutalibacteraceae sp._1,614
p23220-s399_APPS0046PR-S,p23220-s399_APPS0046PR-S_S398_concoct_24,P19,W1,P19_W1,APPS,1,APPS,5/7/23,PR,concoct,6865584,215,51003,100,Bacteria,Bacteroidota,Bacteroidia,Bacteroidales,Tannerellaceae,Parabacteroides,Parabacteroides goldsteinii,Parabacteroides goldsteinii_1,263
p23220-s399_APPS0046PR-S,p23220-s399_APPS0046PR-S_S398_metabat2_26,P19,W1,P19_W1,APPS,1,APPS,5/7/23,PR,metabat2,3191824,126,39892,100,Bacteria,Actinomycetota,Coriobacteriia,Coriobacteriales,Eggerthellaceae,Eggerthella,Eggerthella lenta,Eggerthella lenta_1,3
p23220-s399_APPS0046PR-S,p23220-s399_APPS0046PR-S_S398_metabat2_47,P19,W1,P19_W1,APPS,1,APPS,5/7/23,PR,metabat2,2304443,124,27905,100,Bacteria,Bacillota,Clostridia,Peptostreptococcales,Anaerovoracaceae,Fimisoma,Fimisoma sp900545135,Fimisoma sp900545135_1,595
p23220-s399_APPS0046PR-S,p23220-s399_APPS0046PR-S_S398_metabat2_4,P19,W1,P19_W1,APPS,1,APPS,5/7/23,PR,metabat2,3374234,208,23390,98,Bacteria,Desulfobacterota_I,Desulfovibrionia,Desulfovibrionales,Desulfovibrionaceae,Desulfovibrio,Desulfovibrio fairfieldensis_A,Desulfovibrio fairfieldensis_A_1,179
p23220-s399_APPS0046PR-S,p23220-s399_APPS0046PR-S_S398_metabat2_23,P19,W1,P19_W1,APPS,1,APPS,5/7/23,PR,metabat2,1983220,48,69416,98,Bacteria,Bacillota,Clostridia,Oscillospirales,Oscillospiraceae,Vescimonas,Vescimonas sp000435975,Vescimonas sp000435975_1,93
p23220-s399_APPS0046PR-S,p23220-s399_APPS0046PR-S_S398_metabat2_19,P19,W1,P19_W1,APPS,1,APPS,5/7/23,PR,metabat2,2350632,85,46987,98,Bacteria,Bacillota,Clostridia,Oscillospirales,Oscillospiraceae,Faecousia,Faecousia intestinalis,Faecousia intestinalis_1,65
p23220-s399_APPS0046PR-S,p23220-s399_APPS0046PR-S_S398_metabat2_34,P19,W1,P19_W1,APPS,1,APPS,5/7/23,PR,metabat2,3326654,64,79325,100,Bacteria,Bacillota,Clostridia,Lachnospirales,Lachnospiraceae,Mediterraneibacter,Mediterraneibacter sp900541505,Mediterraneibacter sp900541505_1,322
p23220-s399_APPS0046PR-S,p23220-s399_APPS0046PR-S_S398_metabat2_2,P19,W1,P19_W1,APPS,1,APPS,5/7/23,PR,metabat2,2615257,111,37491,100,Bacteria,Bacillota,Clostridia,Lachnospirales,Lachnospiraceae,Mediterraneibacter,Mediterraneibacter faecis,Mediterraneibacter faecis_1,320
p23220-s399_APPS0046PR-S,p23220-s399_APPS0046PR-S_S398_metabat2_25,P19,W1,P19_W1,APPS,1,APPS,5/7/23,PR,metabat2,3870700,124,63758,100,Bacteria,Bacillota,Clostridia,Lachnospirales,Lachnospiraceae,Bariatricus,Bariatricus massiliensis,Bariatricus massiliensis_1,542
p23220-s399_APPS0046PR-S,p23220-s399_APPS0046PR-S_S398_metabat2_27,P19,W1,P19_W1,APPS,1,APPS,5/7/23,PR,metabat2,2640516,69,72632,96,Bacteria,Bacillota,Clostridia,Lachnospirales,Lachnospiraceae,Mediterraneibacter,Mediterraneibacter torques,Mediterraneibacter torques_1,5
p23220-s399_APPS0046PR-S,p23220-s399_APPS0046PR-S_S398_metabat2_41,P19,W1,P19_W1,APPS,1,APPS,5/7/23,PR,metabat2,2426527,75,59939,96,Bacteria,Bacillota,Clostridia,Oscillospirales,Ruminococcaceae,Fournierella,Fournierella excrementavium,Fournierella excrementavium_1,139
p23220-s399_APPS0046PR-S,p23220-s399_APPS0046PR-S_S398_metabat2_17,P19,W1,P19_W1,APPS,1,APPS,5/7/23,PR,metabat2,1829921,265,9026,92,Bacteria,Bacillota,Clostridia,Oscillospirales,Oscillospiraceae,Evtepia,Evtepia gabavorous,Evtepia gabavorous_1,19
p23220-s399_APPS0046PR-S,p23220-s399_APPS0046PR-S_S398_concoct_97,P19,W1,P19_W1,APPS,1,APPS,5/7/23,PR,concoct,6732488,318,34649,96,Unclassified,NA,NA,NA,NA,NA,Unclassified sp.,NA,NA
p23220-s399_APPS0046PR-S,p23220-s399_APPS0046PR-S_S398_metabat2_10,P19,W1,P19_W1,APPS,1,APPS,5/7/23,PR,metabat2,2033741,93,35577,98,Bacteria,Actinomycetota,Coriobacteriia,Coriobacteriales,Coriobacteriaceae,Collinsella,Collinsella sp.,Collinsella sp._3,294
p23220-s399_APPS0046PR-S,p23220-s399_APPS0046PR-S_S398_concoct_84,P19,W1,P19_W1,APPS,1,APPS,5/7/23,PR,concoct,2525903,383,9838,98,Bacteria,Bacillota,Bacilli,Erysipelotrichales,Erysipelotrichaceae,Longicatena,Longicatena caecimuris,Longicatena caecimuris_1,107
p23220-s399_APPS0046PR-S,p23220-s399_APPS0046PR-S_S398_metabat2_6,P19,W1,P19_W1,APPS,1,APPS,5/7/23,PR,metabat2,2271243,194,17143,86,Bacteria,Bacillota,Clostridia,Oscillospirales,Oscillospiraceae,Oscillibacter,Oscillibacter welbionis,Oscillibacter welbionis_1,105
p23220-s399_APPS0046PR-S,p23220-s399_APPS0046PR-S_S398_concoct_95,P19,W1,P19_W1,APPS,1,APPS,5/7/23,PR,concoct,2229598,250,12695,86,Bacteria,Bacillota,Clostridia,Oscillospirales,Ruminococcaceae,Ruthenibacterium,Ruthenibacterium merdipullorum,Ruthenibacterium merdipullorum_1,119
p23220-s399_APPS0046PR-S,p23220-s399_APPS0046PR-S_S398_metabat2_43,P19,W1,P19_W1,APPS,1,APPS,5/7/23,PR,metabat2,2390991,582,4663,90,Bacteria,Bacillota,Clostridia,Oscillospirales,Acutalibacteraceae,Fimivicinus,Fimivicinus sp900544375,Fimivicinus sp900544375_1,29
p23220-s399_APPS0046PR-S,p23220-s399_APPS0046PR-S_S398_concoct_18,P19,W1,P19_W1,APPS,1,APPS,5/7/23,PR,concoct,2386497,920,3003,78,Bacteria,Bacillota,Clostridia,Christensenellales,UMGS416,Parachristensenella,Parachristensenella sp900542005,Parachristensenella sp900542005_2,472
p23220-s399_APPS0046PR-S,p23220-s399_APPS0046PR-S_S398_metabat2_15,P19,W1,P19_W1,APPS,1,APPS,5/7/23,PR,metabat2,3272270,403,11882,84,Bacteria,Bacillota,Clostridia,Oscillospirales,Oscillospiraceae,Flavonifractor,Flavonifractor plautii,Flavonifractor plautii_1,63
p23220-s399_APPS0046PR-S,p23220-s399_APPS0046PR-S_S398_concoct_55,P19,W1,P19_W1,APPS,1,APPS,5/7/23,PR,concoct,3804046,210,26098,78,Bacteria,Bacillota,Clostridia,Lachnospirales,Lachnospiraceae,Marvinbryantia,Marvinbryantia sp900550755,Marvinbryantia sp900550755_1,521
p23220-s399_APPS0046PR-S,p23220-s399_APPS0046PR-S_S398_metabat2_22,P19,W1,P19_W1,APPS,1,APPS,5/7/23,PR,metabat2,3644998,312,18841,73,Bacteria,Bacillota,Clostridia,Lachnospirales,Lachnospiraceae,Blautia_A,Blautia_A hydrogenotrophica,Blautia_A hydrogenotrophica_1,48
p23220-s399_APPS0046PR-S,p23220-s399_APPS0046PR-S_S398_metabat2_44,P19,W1,P19_W1,APPS,1,APPS,5/7/23,PR,metabat2,1923290,78,37595,98,Bacteria,Bacteroidota,Bacteroidia,Bacteroidales,Rikenellaceae,Alistipes,Alistipes putredinis,Alistipes putredinis_1,4
p23220-s399_APPS0046PR-S,p23220-s399_APPS0046PR-S_S398_concoct_64,P19,W1,P19_W1,APPS,1,APPS,5/7/23,PR,concoct,2132017,910,2650,73,Bacteria,Bacillota,Clostridia,Oscillospirales,Acutalibacteraceae,UMGS1623,UMGS1623 sp934647945,UMGS1623 sp934647945_1,136
p23220-s399_APPS0046PR-S,p23220-s399_APPS0046PR-S_S398_concoct_8,P19,W1,P19_W1,APPS,1,APPS,5/7/23,PR,concoct,4700426,834,6617,69,Bacteria,Bacteroidota,Bacteroidia,Bacteroidales,Bacteroidaceae,Bacteroides,Bacteroides uniformis,NA,NA
p23220-s399_APPS0046PR-S,p23220-s399_APPS0046PR-S_S398_concoct_33,P19,W1,P19_W1,APPS,1,APPS,5/7/23,PR,concoct,2308481,405,7436,61,Bacteria,Bacillota,Clostridia,Lachnospirales,Lachnospiraceae,Frisingicoccus,Frisingicoccus sp902471845,Frisingicoccus sp902471845_1,109
p23220-s399_APPS0046PR-S,p23220-s399_APPS0046PR-S_S398_concoct_1,P19,W1,P19_W1,APPS,1,APPS,5/7/23,PR,concoct,1352220,796,1735,55,Bacteria,Bacillota,Bacilli,Lactobacillales,Lactobacillaceae,Lacticaseibacillus,Lacticaseibacillus paracasei,NA,NA
p23220-s400_APPS0053PR-S,p23220-s400_APPS0053PR-S_S399_concoct_14,P23,W1,P23_W1,APPS,1,APPS,5/7/23,PR,concoct,3336142,220,25066,100,Bacteria,Actinomycetota,Coriobacteriia,Coriobacteriales,Eggerthellaceae,Eggerthella,Eggerthella lenta,Eggerthella lenta_1,3
p23220-s400_APPS0053PR-S,p23220-s400_APPS0053PR-S_S399_concoct_36,P23,W1,P23_W1,APPS,1,APPS,5/7/23,PR,concoct,3713383,368,13848,98,Bacteria,Bacillota,Bacilli,Erysipelotrichales,Erysipelotrichaceae,Clostridium_AQ,Clostridium_AQ innocuum,Clostridium_AQ innocuum_1,20
p23220-s400_APPS0053PR-S,p23220-s400_APPS0053PR-S_S399_concoct_39,P23,W1,P23_W1,APPS,1,APPS,5/7/23,PR,concoct,2308968,786,3617,96,Bacteria,Bacillota,Bacilli,Lactobacillales,Enterococcaceae,Enterococcus,Enterococcus faecalis,Enterococcus faecalis_1,2
p23220-s400_APPS0053PR-S,p23220-s400_APPS0053PR-S_S399_metabat2_15,P23,W1,P23_W1,APPS,1,APPS,5/7/23,PR,metabat2,3415254,30,210823,100,Bacteria,Bacillota,Clostridia,Lachnospirales,Lachnospiraceae,Anaerostipes,Anaerostipes caccae,Anaerostipes caccae_1,56
p23220-s400_APPS0053PR-S,p23220-s400_APPS0053PR-S_S399_maxbin2_002,P23,W1,P23_W1,APPS,1,APPS,5/7/23,PR,maxbin2,3026742,52,108413,94,Bacteria,Verrucomicrobiota,Verrucomicrobiia,Verrucomicrobiales,Akkermansiaceae,Akkermansia,Akkermansia massiliensis,Akkermansia massiliensis_1,173
p23220-s400_APPS0053PR-S,p23220-s400_APPS0053PR-S_S399_metabat2_11,P23,W1,P23_W1,APPS,1,APPS,5/7/23,PR,metabat2,3847186,299,22094,98,Bacteria,Bacillota,Clostridia,Oscillospirales,Oscillospiraceae,Flavonifractor,Flavonifractor plautii,Flavonifractor plautii_1,63
p23220-s400_APPS0053PR-S,p23220-s400_APPS0053PR-S_S399_metabat2_9,P23,W1,P23_W1,APPS,1,APPS,5/7/23,PR,metabat2,5485182,751,10392,94,Bacteria,Bacillota,Clostridia,Lachnospirales,Lachnospiraceae,Faecalicatena_A,Faecalicatena_A oroticus,Faecalicatena_A oroticus_1,551
p23220-s400_APPS0053PR-S,p23220-s400_APPS0053PR-S_S399_metabat2_7,P23,W1,P23_W1,APPS,1,APPS,5/7/23,PR,metabat2,4118486,120,46857,96,Bacteria,Bacillota,Clostridia,Lachnospirales,Lachnospiraceae,Enterocloster,Enterocloster clostridioformis,Enterocloster clostridioformis_1,204
p23220-s400_APPS0053PR-S,p23220-s400_APPS0053PR-S_S399_metabat2_2,P23,W1,P23_W1,APPS,1,APPS,5/7/23,PR,metabat2,2501900,471,6635,98,Bacteria,Bacillota,Clostridia,Oscillospirales,Acutalibacteraceae,Fimivicinus,Fimivicinus sp900544375,Fimivicinus sp900544375_1,29
p23220-s400_APPS0053PR-S,p23220-s400_APPS0053PR-S_S399_concoct_25,P23,W1,P23_W1,APPS,1,APPS,5/7/23,PR,concoct,1207828,486,2855,90,Bacteria,Bacillota,Clostridia,Tissierellales,Peptoniphilaceae,Peptoniphilus_A,Peptoniphilus_A genitalis,Peptoniphilus_A genitalis_1,353
p23220-s400_APPS0053PR-S,p23220-s400_APPS0053PR-S_S399_concoct_9,P23,W1,P23_W1,APPS,1,APPS,5/7/23,PR,concoct,7134424,127,94386,94,Bacteria,Bacillota,Clostridia,Lachnospirales,Lachnospiraceae,Eisenbergiella,Eisenbergiella tayi,Eisenbergiella tayi_1,79
p23220-s400_APPS0053PR-S,p23220-s400_APPS0053PR-S_S399_concoct_29,P23,W1,P23_W1,APPS,1,APPS,5/7/23,PR,concoct,1618010,726,2489,76,Bacteria,Bacillota,Negativicutes,Veillonellales,Veillonellaceae,Veillonella,Veillonella parvula_D,Veillonella parvula_D_1,299
p23220-s400_APPS0053PR-S,p23220-s400_APPS0053PR-S_S399_concoct_32,P23,W1,P23_W1,APPS,1,APPS,5/7/23,PR,concoct,2043603,794,3122,71,Bacteria,Actinomycetota,Actinomycetes,Actinomycetales,Actinomycetaceae,Pauljensenia,Pauljensenia radingae_A,Pauljensenia radingae_A_1,577
p23220-s401_APPS0054PR-S,p23220-s401_APPS0054PR-S_S400_metabat2_2,P24,W1,P24_W1,APPS,1,APPS,5/7/23,PR,metabat2,1627957,46,52347,100,Bacteria,Bacillota,Clostridia,Tissierellales,Peptoniphilaceae,Aedoeadaptatus,Aedoeadaptatus coxii,Aedoeadaptatus coxii_1,638
p23220-s401_APPS0054PR-S,p23220-s401_APPS0054PR-S_S400_metabat2_1,P24,W1,P24_W1,APPS,1,APPS,5/7/23,PR,metabat2,2703965,133,36219,100,Bacteria,Bacteroidota,Bacteroidia,Bacteroidales,Bacteroidaceae,Prevotella,Prevotella buccalis,Prevotella buccalis_2,707
p23220-s401_APPS0054PR-S,p23220-s401_APPS0054PR-S_S400_concoct_33,P24,W1,P24_W1,APPS,1,APPS,5/7/23,PR,concoct,5233987,388,22859,100,Bacteria,Pseudomonadota,Gammaproteobacteria,Enterobacterales,Enterobacteriaceae,Klebsiella,Klebsiella pneumoniae,Klebsiella pneumoniae_1,83
p23220-s401_APPS0054PR-S,p23220-s401_APPS0054PR-S_S400_concoct_7,P24,W1,P24_W1,APPS,1,APPS,5/7/23,PR,concoct,2026779,89,52965,100,Bacteria,Bacillota,Clostridia,Tissierellales,Peptoniphilaceae,Finegoldia,Finegoldia magna,NA,NA
p23220-s401_APPS0054PR-S,p23220-s401_APPS0054PR-S_S400_metabat2_10,P24,W1,P24_W1,APPS,1,APPS,5/7/23,PR,metabat2,1529611,260,8682,88,Bacteria,Bacillota,Clostridia,Tissierellales,Peptoniphilaceae,Anaerococcus,Anaerococcus jeddahensis,NA,NA
p23220-s401_APPS0054PR-S,p23220-s401_APPS0054PR-S_S400_metabat2_7,P24,W1,P24_W1,APPS,1,APPS,5/7/23,PR,metabat2,2572870,421,8280,84,Bacteria,Bacillota,Bacilli,Staphylococcales,Staphylococcaceae,Staphylococcus,Staphylococcus epidermidis,Staphylococcus epidermidis_1,178
p23220-s402_SNT0001PR-S-day14,p23220-s402_SNT0001PR-S-day14_S401_concoct_50,P26,W4,P26_W4,SNT,1,D14,5/28/23,PR,concoct,2891307,156,34247,100,Bacteria,Bacillota,Bacilli,Lactobacillales,Enterococcaceae,Enterococcus_B,Enterococcus_B faecium,Enterococcus_B faecium_1,27
p23220-s402_SNT0001PR-S-day14,p23220-s402_SNT0001PR-S-day14_S401_concoct_8,P26,W4,P26_W4,SNT,1,D14,5/28/23,PR,concoct,2415176,136,32016,100,Bacteria,Pseudomonadota,Gammaproteobacteria,Burkholderiales,Burkholderiaceae,Sutterella,Sutterella wadsworthensis_A,Sutterella wadsworthensis_A_1,10
p23220-s402_SNT0001PR-S-day14,p23220-s402_SNT0001PR-S-day14_S401_concoct_10,P26,W4,P26_W4,SNT,1,D14,5/28/23,PR,concoct,2883509,734,5202,100,Bacteria,Fusobacteriota,Fusobacteriia,Fusobacteriales,Fusobacteriaceae,Fusobacterium_A,Fusobacterium_A varium,Fusobacterium_A varium_1,256
p23220-s402_SNT0001PR-S-day14,p23220-s402_SNT0001PR-S-day14_S401_concoct_47,P26,W4,P26_W4,SNT,1,D14,5/28/23,PR,concoct,2227216,300,10781,98,Bacteria,Bacillota,Negativicutes,Acidaminococcales,Acidaminococcaceae,Phascolarctobacterium,Phascolarctobacterium faecium,Phascolarctobacterium faecium_1,17
p23220-s402_SNT0001PR-S-day14,p23220-s402_SNT0001PR-S-day14_S401_concoct_51,P26,W4,P26_W4,SNT,1,D14,5/28/23,PR,concoct,5744664,346,24925,100,Bacteria,Bacillota,Clostridia,Lachnospirales,Lachnospiraceae,Blautia,Blautia coccoides,Blautia coccoides_1,145
p23220-s402_SNT0001PR-S-day14,p23220-s402_SNT0001PR-S-day14_S401_concoct_28,P26,W4,P26_W4,SNT,1,D14,5/28/23,PR,concoct,5043367,63,149061,94,Bacteria,Bacteroidota,Bacteroidia,Bacteroidales,Bacteroidaceae,Bacteroides,Bacteroides fragilis,Bacteroides fragilis_1,598
p23220-s402_SNT0001PR-S-day14,p23220-s402_SNT0001PR-S-day14_S401_concoct_7,P26,W4,P26_W4,SNT,1,D14,5/28/23,PR,concoct,1580245,392,5361,90,Bacteria,Bacillota,Negativicutes,Veillonellales,Megasphaeraceae,Anaeroglobus,Anaeroglobus massiliensis,Anaeroglobus massiliensis_1,688
p23220-s402_SNT0001PR-S-day14,p23220-s402_SNT0001PR-S-day14_S401_concoct_26,P26,W4,P26_W4,SNT,1,D14,5/28/23,PR,concoct,3577988,1117,3938,90,Bacteria,Desulfobacterota_I,Desulfovibrionia,Desulfovibrionales,Desulfovibrionaceae,Bilophila,Bilophila wadsworthia,Bilophila wadsworthia_1,41
p23220-s402_SNT0001PR-S-day14,p23220-s402_SNT0001PR-S-day14_S401_concoct_41,P26,W4,P26_W4,SNT,1,D14,5/28/23,PR,concoct,2674251,879,3701,90,Bacteria,Bacteroidota,Bacteroidia,Bacteroidales,Rikenellaceae,Alistipes,Alistipes shahii,Alistipes shahii_1,123
p23220-s402_SNT0001PR-S-day14,p23220-s402_SNT0001PR-S-day14_S401_concoct_32,P26,W4,P26_W4,SNT,1,D14,5/28/23,PR,concoct,4467084,381,15928,94,Bacteria,Bacillota,Clostridia,Lachnospirales,Lachnospiraceae,Otoolea,Otoolea symbiosa,Otoolea symbiosa_1,149
p23220-s402_SNT0001PR-S-day14,p23220-s402_SNT0001PR-S-day14_S401_maxbin2_001,P26,W4,P26_W4,SNT,1,D14,5/28/23,PR,maxbin2,4803432,223,96349,92,Bacteria,Pseudomonadota,Gammaproteobacteria,Enterobacterales,Enterobacteriaceae,Escherichia,Escherichia coli,Escherichia coli_1,16
p23220-s402_SNT0001PR-S-day14,p23220-s402_SNT0001PR-S-day14_S401_concoct_35,P26,W4,P26_W4,SNT,1,D14,5/28/23,PR,concoct,1584752,431,4640,84,Bacteria,Bacillota,Negativicutes,Veillonellales,Veillonellaceae,Veillonella,Veillonella parvula_F,Veillonella parvula_F_4,467
p23220-s402_SNT0001PR-S-day14,p23220-s402_SNT0001PR-S-day14_S401_maxbin2_017,P26,W4,P26_W4,SNT,1,D14,5/28/23,PR,maxbin2,362754,182,1757,65,Bacteria,Bacillota,Clostridia,Peptostreptococcales,Peptostreptococcaceae,Clostridioides,Clostridioides sp.,NA,NA
p23220-s402_SNT0001PR-S-day14,p23220-s402_SNT0001PR-S-day14_S401_metabat2_7,P26,W4,P26_W4,SNT,1,D14,5/28/23,PR,metabat2,3313766,1288,2608,98,Bacteria,Bacillota,Clostridia,Clostridiales,Clostridiaceae,Clostridium,Clostridium sp.,NA,NA
p23220-s403_SNT0001PR-S-day21,p23220-s403_SNT0001PR-S-day21_S402_metabat2_10,P26,W5,P26_W5,SNT,1,D21,6/4/23,PR,metabat2,2426885,86,50109,100,Bacteria,Bacillota,Bacilli,Lactobacillales,Enterococcaceae,Enterococcus_B,Enterococcus_B faecium,Enterococcus_B faecium_1,27
p23220-s403_SNT0001PR-S-day21,p23220-s403_SNT0001PR-S-day21_S402_maxbin2_005,P26,W5,P26_W5,SNT,1,D21,6/4/23,PR,maxbin2,2532173,189,28588,100,Bacteria,Pseudomonadota,Gammaproteobacteria,Burkholderiales,Burkholderiaceae,Sutterella,Sutterella wadsworthensis_A,Sutterella wadsworthensis_A_1,10
p23220-s403_SNT0001PR-S-day21,p23220-s403_SNT0001PR-S-day21_S402_maxbin2_003,P26,W5,P26_W5,SNT,1,D21,6/4/23,PR,maxbin2,7191061,599,47719,78,Bacteria,Pseudomonadota,Gammaproteobacteria,Enterobacterales,Enterobacteriaceae,Escherichia,Escherichia coli,NA,NA
p23220-s404_SNT0001PR-S-day28,p23220-s404_SNT0001PR-S-day28_S403_metabat2_2,P26,W6,P26_W6,SNT,1,D28,6/11/23,PR,metabat2,2790148,136,37503,100,Bacteria,Bacillota,Bacilli,Lactobacillales,Enterococcaceae,Enterococcus_B,Enterococcus_B faecium,Enterococcus_B faecium_1,27
p23220-s404_SNT0001PR-S-day28,p23220-s404_SNT0001PR-S-day28_S403_concoct_27,P26,W6,P26_W6,SNT,1,D28,6/11/23,PR,concoct,2320237,310,10525,98,Bacteria,Pseudomonadota,Gammaproteobacteria,Burkholderiales,Burkholderiaceae,Sutterella,Sutterella wadsworthensis_A,Sutterella wadsworthensis_A_1,10
p23220-s404_SNT0001PR-S-day28,p23220-s404_SNT0001PR-S-day28_S403_maxbin2_006,P26,W6,P26_W6,SNT,1,D28,6/11/23,PR,maxbin2,8321558,1612,9486,75,Bacteria,Pseudomonadota,Gammaproteobacteria,Enterobacterales,Enterobacteriaceae,Escherichia,Escherichia sp.,NA,NA
p23220-s405_SNT0002PR-S-day0,p23220-s405_SNT0002PR-S-day0_S404_concoct_6,P27,W2,P27_W2,SNT,1,D00,5/14/23,PR,concoct,5003983,52,192279,100,Bacteria,Pseudomonadota,Gammaproteobacteria,Enterobacterales,Enterobacteriaceae,Escherichia,Escherichia coli,Escherichia coli_1,16
p23220-s405_SNT0002PR-S-day0,p23220-s405_SNT0002PR-S-day0_S404_metabat2_4,P27,W2,P27_W2,SNT,1,D00,5/14/23,PR,metabat2,2213934,37,105893,100,Bacteria,Pseudomonadota,Gammaproteobacteria,Burkholderiales,Burkholderiaceae,Duodenibacillus,Duodenibacillus intestinavium,Duodenibacillus intestinavium_1,293
p23220-s405_SNT0002PR-S-day0,p23220-s405_SNT0002PR-S-day0_S404_metabat2_1,P27,W2,P27_W2,SNT,1,D00,5/14/23,PR,metabat2,2759606,171,29208,100,Bacteria,Bacillota,Bacilli,Lactobacillales,Enterococcaceae,Enterococcus_B,Enterococcus_B faecium,Enterococcus_B faecium_1,27
p23220-s405_SNT0002PR-S-day0,p23220-s405_SNT0002PR-S-day0_S404_concoct_2,P27,W2,P27_W2,SNT,1,D00,5/14/23,PR,concoct,2463795,1387,1876,59,Bacteria,Bacillota,Clostridia,Lachnospirales,Lachnospiraceae,Anaerostipes,Anaerostipes caccae,Anaerostipes caccae_2,498
APPS0019_S637,APPS0019_S637_concoct_36,P03,W1,P03_W1,APPS,1,APPS,5/7/23,PR,concoct,4965063,464,23207,98,Bacteria,Pseudomonadota,Gammaproteobacteria,Enterobacterales,Enterobacteriaceae,Klebsiella,Klebsiella pneumoniae,Klebsiella pneumoniae_1,83
APPS0019_S637,APPS0019_S637_metabat2_5,P03,W1,P03_W1,APPS,1,APPS,5/7/23,PR,metabat2,2320867,372,8537,92,Bacteria,Bacillota,Clostridia,Oscillospirales,Acutalibacteraceae,Hominenteromicrobium,Hominenteromicrobium sp900549945,Hominenteromicrobium sp900549945_1,92
APPS0019_S637,APPS0019_S637_concoct_11,P03,W1,P03_W1,APPS,1,APPS,5/7/23,PR,concoct,2270655,1041,2377,73,Bacteria,Bacillota,Bacilli,Lactobacillales,Enterococcaceae,Enterococcus_B,Enterococcus_B faecium,Enterococcus_B faecium_1,27
APPS0019_S637,APPS0019_S637_concoct_25,P03,W1,P03_W1,APPS,1,APPS,5/7/23,PR,concoct,4301420,2187,2105,59,Bacteria,Pseudomonadota,Gammaproteobacteria,Pseudomonadales,Pseudomonadaceae,Pseudomonas,Pseudomonas aeruginosa,Pseudomonas aeruginosa_1,66
APPS0019_S637,APPS0019_S637_maxbin2_006,P03,W1,P03_W1,APPS,1,APPS,5/7/23,PR,maxbin2,2757409,1556,1709,59,Bacteria,Bacillota,Bacilli,Lactobacillales,Enterococcaceae,Enterococcus_B,Enterococcus_B sp.,NA,NA
APPS0021_S638,APPS0021_S638_concoct_90,P05,W1,P05_W1,APPS,1,APPS,5/7/23,PR,concoct,1572013,441,4569,89,NA,NA,NA,NA,NA,NA,NA,NA_1,23
APPS0022_S33,APPS0022_S33_concoct_51,P06,W1,P06_W1,APPS,1,APPS,5/7/23,PR,concoct,1805912,38,83241,100,NA,NA,NA,NA,NA,NA,NA,NA_1,23
APPS0026_S639,APPS0026_S639_concoct_9,P09,W1,P09_W1,APPS,1,APPS,5/7/23,PR,concoct,1658028,80,33127,100,Bacteria,Bacillota,Bacilli,Lactobacillales,Streptococcaceae,Streptococcus,Streptococcus thermophilus,Streptococcus thermophilus_1,174
APPS0026_S639,APPS0026_S639_concoct_37,P09,W1,P09_W1,APPS,1,APPS,5/7/23,PR,concoct,3077261,178,32079,100,Bacteria,Bacillota,Bacilli,Lactobacillales,Enterococcaceae,Enterococcus_B,Enterococcus_B faecium,Enterococcus_B faecium_1,27
APPS0026_S639,APPS0026_S639_metabat2_2,P09,W1,P09_W1,APPS,1,APPS,5/7/23,PR,metabat2,4196744,48,177334,98,Bacteria,Bacillota,Bacilli,Erysipelotrichales,Erysipelotrichaceae,Clostridium_AQ,Clostridium_AQ innocuum,Clostridium_AQ innocuum_1,20
APPS0026_S639,APPS0026_S639_concoct_21,P09,W1,P09_W1,APPS,1,APPS,5/7/23,PR,concoct,3576389,31,249389,100,Bacteria,Bacillota,Clostridia,Lachnospirales,Lachnospiraceae,Blautia_A,Blautia_A hydrogenotrophica,Blautia_A hydrogenotrophica_1,48
APPS0026_S639,APPS0026_S639_metabat2_12,P09,W1,P09_W1,APPS,1,APPS,5/7/23,PR,metabat2,3581127,433,12981,98,Bacteria,Bacillota,Bacilli,Erysipelotrichales,Coprobacillaceae,Thomasclavelia,Thomasclavelia ramosa,Thomasclavelia ramosa_1,133
APPS0026_S639,APPS0026_S639_concoct_44,P09,W1,P09_W1,APPS,1,APPS,5/7/23,PR,concoct,3401728,57,146030,96,Bacteria,Bacillota,Clostridia,Oscillospirales,Ruminococcaceae,Ruthenibacterium,Ruthenibacterium sp905212515,Ruthenibacterium sp905212515_1,287
APPS0026_S639,APPS0026_S639_metabat2_4,P09,W1,P09_W1,APPS,1,APPS,5/7/23,PR,metabat2,2808360,99,50265,98,Bacteria,Bacillota,Bacilli,Lactobacillales,Lactobacillaceae,Lacticaseibacillus,Lacticaseibacillus rhamnosus,Lacticaseibacillus rhamnosus_2,102
APPS0026_S639,APPS0026_S639_concoct_28,P09,W1,P09_W1,APPS,1,APPS,5/7/23,PR,concoct,3052776,21,269128,100,Bacteria,Bacillota,Clostridia,Lachnospirales,Lachnospiraceae,Sellimonas,Sellimonas intestinalis,Sellimonas intestinalis_1,42
APPS0026_S639,APPS0026_S639_metabat2_8,P09,W1,P09_W1,APPS,1,APPS,5/7/23,PR,metabat2,5082779,110,76397,100,Bacteria,Bacillota,Clostridia,Lachnospirales,Lachnospiraceae,Faecalicatena,Faecalicatena fissicatena_A,Faecalicatena fissicatena_A_1,549
APPS0026_S639,APPS0026_S639_concoct_25,P09,W1,P09_W1,APPS,1,APPS,5/7/23,PR,concoct,6612089,95,119656,98,Bacteria,Bacillota,Clostridia,Lachnospirales,Lachnospiraceae,Hungatella,Hungatella effluvii,Hungatella effluvii_1,312
APPS0026_S639,APPS0026_S639_concoct_42,P09,W1,P09_W1,APPS,1,APPS,5/7/23,PR,concoct,2783900,72,71329,82,Bacteria,Bacillota,Bacilli,Lactobacillales,Enterococcaceae,Enterococcus,Enterococcus faecalis,Enterococcus faecalis_1,2
APPS0026_S639,APPS0026_S639_concoct_13,P09,W1,P09_W1,APPS,1,APPS,5/7/23,PR,concoct,6013420,614,14442,88,Bacteria,Bacillota,Clostridia,Lachnospirales,Lachnospiraceae,Eisenbergiella,Eisenbergiella sp003478085,Eisenbergiella sp003478085_1,315
APPS0030_S640,APPS0030_S640_concoct_20,P10,W1,P10_W1,APPS,1,APPS,5/7/23,PR,concoct,2420097,22,283617,100,Bacteria,Actinomycetota,Actinomycetes,Actinomycetales,Actinomycetaceae,Winkia,Winkia neuii,Winkia neuii_1,328
APPS0030_S640,APPS0030_S640_metabat2_7,P10,W1,P10_W1,APPS,1,APPS,5/7/23,PR,metabat2,2769717,26,155263,100,Bacteria,Bacillota,Bacilli,Lactobacillales,Enterococcaceae,Enterococcus,Enterococcus faecalis,Enterococcus faecalis_1,2
APPS0030_S640,APPS0030_S640_concoct_47,P10,W1,P10_W1,APPS,1,APPS,5/7/23,PR,concoct,5912618,143,73064,100,Bacteria,Bacteroidota,Bacteroidia,Bacteroidales,Bacteroidaceae,Bacteroides,Bacteroides faecis,Bacteroides faecis_1,337
APPS0030_S640,APPS0030_S640_metabat2_10,P10,W1,P10_W1,APPS,1,APPS,5/7/23,PR,metabat2,1635863,41,68056,100,Bacteria,Actinomycetota,Coriobacteriia,Coriobacteriales,Atopobiaceae,Olegusella,Olegusella massiliensis,Olegusella massiliensis_1,296
APPS0030_S640,APPS0030_S640_concoct_61,P10,W1,P10_W1,APPS,1,APPS,5/7/23,PR,concoct,2205547,234,14006,100,Bacteria,Bacteroidota,Bacteroidia,Bacteroidales,Porphyromonadaceae,Porphyromonas,Porphyromonas sp902489635,Porphyromonas sp902489635_1,249
APPS0030_S640,APPS0030_S640_concoct_22,P10,W1,P10_W1,APPS,1,APPS,5/7/23,PR,concoct,2019154,176,16411,98,Bacteria,Actinomycetota,Actinomycetes,Actinomycetales,Actinomycetaceae,Actinotignum,Actinotignum sanguinis,Actinotignum sanguinis_1,281
APPS0030_S640,APPS0030_S640_concoct_38,P10,W1,P10_W1,APPS,1,APPS,5/7/23,PR,concoct,1531894,339,5982,98,Bacteria,Synergistota,Synergistia,Synergistales,Dethiosulfovibrionaceae,Jonquetella,Jonquetella anthropi,Jonquetella anthropi_1,684
APPS0030_S640,APPS0030_S640_metabat2_9,P10,W1,P10_W1,APPS,1,APPS,5/7/23,PR,metabat2,1918618,45,80131,100,Bacteria,Bacillota,Clostridia,Saccharofermentanales,DTU023,SFGY01,SFGY01 sp946220865,SFGY01 sp946220865_1,523
APPS0030_S640,APPS0030_S640_concoct_21,P10,W1,P10_W1,APPS,1,APPS,5/7/23,PR,concoct,1939443,417,6415,92,Bacteria,Bacillota,Negativicutes,Acidaminococcales,Acidaminococcaceae,Acidaminococcus,Acidaminococcus intestini,Acidaminococcus intestini_1,271
APPS0030_S640,APPS0030_S640_concoct_40,P10,W1,P10_W1,APPS,1,APPS,5/7/23,PR,concoct,1121078,432,2975,90,Bacteria,Bacillota,Clostridia,Tissierellales,Peptoniphilaceae,CAMYOU01,CAMYOU01 sp947283485,CAMYOU01 sp947283485_1,494
APPS0030_S640,APPS0030_S640_concoct_29,P10,W1,P10_W1,APPS,1,APPS,5/7/23,PR,concoct,2332605,403,7891,84,Bacteria,Bacillota,Negativicutes,Veillonellales,Megasphaeraceae,Megasphaera,Megasphaera sp001546855,Megasphaera sp001546855_1,265
APPS0030_S640,APPS0030_S640_concoct_59,P10,W1,P10_W1,APPS,1,APPS,5/7/23,PR,concoct,1414050,490,3632,84,Bacteria,Bacillota,Peptococcia,Peptococcales,Peptococcaceae,Peptococcus,Peptococcus niger,Peptococcus niger_1,475
APPS0030_S640,APPS0030_S640_metabat2_1,P10,W1,P10_W1,APPS,1,APPS,5/7/23,PR,metabat2,1586177,276,7837,94,Bacteria,Bacillota,Clostridia,Tissierellales,Peptoniphilaceae,Peptoniphilus_A,Peptoniphilus_A sp946998875,Peptoniphilus_A sp946998875_1,651
APPS0030_S640,APPS0030_S640_metabat2_6,P10,W1,P10_W1,APPS,1,APPS,5/7/23,PR,metabat2,1843162,205,13778,76,Bacteria,Bacteroidota,Bacteroidia,Bacteroidales,Porphyromonadaceae,Porphyromonas_A,Porphyromonas_A bennonis,Porphyromonas_A bennonis_1,582
APPS0030_S640,APPS0030_S640_concoct_52,P10,W1,P10_W1,APPS,1,APPS,5/7/23,PR,concoct,1901052,280,11223,98,Bacteria,Bacillota,Clostridia,Tissierellales,Peptoniphilaceae,Finegoldia,Finegoldia magna,Finegoldia magna_4,659
APPS0030_S640,APPS0030_S640_concoct_37,P10,W1,P10_W1,APPS,1,APPS,5/7/23,PR,concoct,3051887,1161,3145,78,Bacteria,Bacteroidota,Bacteroidia,Bacteroidales,Bacteroidaceae,Prevotella,Prevotella buccalis,NA,NA
APPS0030_S640,APPS0030_S640_metabat2_2,P10,W1,P10_W1,APPS,1,APPS,5/7/23,PR,metabat2,4291217,1349,3472,55,Bacteria,Pseudomonadota,Gammaproteobacteria,Pseudomonadales,Pseudomonadaceae,Pseudomonas,Pseudomonas aeruginosa,Pseudomonas aeruginosa_1,66
APPS0031_S649,APPS0031_S649_concoct_41,P11,W1,P11_W1,APPS,1,APPS,5/7/23,PR,concoct,2215098,13,1331397,100,Bacteria,Actinomycetota,Actinomycetes,Actinomycetales,Actinomycetaceae,Gleimia,Gleimia hominis_A,Gleimia hominis_A_1,576
APPS0031_S649,APPS0031_S649_metabat2_60,P11,W1,P11_W1,APPS,1,APPS,5/7/23,PR,metabat2,1690463,35,151457,100,Bacteria,Bacillota,Clostridia,Tissierellales,Peptoniphilaceae,Peptoniphilus_A,Peptoniphilus_A grossensis,Peptoniphilus_A grossensis_1,648
APPS0031_S649,APPS0031_S649_concoct_25,P11,W1,P11_W1,APPS,1,APPS,5/7/23,PR,concoct,1696135,33,136170,100,Bacteria,Bacillota,Clostridia,Tissierellales,Peptoniphilaceae,Urinicoccus,Urinicoccus massiliensis,Urinicoccus massiliensis_1,647
APPS0031_S649,APPS0031_S649_concoct_37,P11,W1,P11_W1,APPS,1,APPS,5/7/23,PR,concoct,2498394,31,132060,100,Bacteria,Actinomycetota,Actinomycetes,Actinomycetales,Actinomycetaceae,Winkia,Winkia neuii,Winkia neuii_1,328
APPS0031_S649,APPS0031_S649_concoct_82,P11,W1,P11_W1,APPS,1,APPS,5/7/23,PR,concoct,1747485,34,114804,100,Bacteria,Bacillota,Clostridia,Tissierellales,Peptoniphilaceae,Finegoldia,Finegoldia magna_H,Finegoldia magna_H_2,656
APPS0031_S649,APPS0031_S649_concoct_33,P11,W1,P11_W1,APPS,1,APPS,5/7/23,PR,concoct,2937678,49,99591,100,Bacteria,Bacteroidota,Bacteroidia,Bacteroidales,Bacteroidaceae,Prevotella,Prevotella buccalis,Prevotella buccalis_1,706
APPS0031_S649,APPS0031_S649_concoct_35,P11,W1,P11_W1,APPS,1,APPS,5/7/23,PR,concoct,1978624,60,98329,100,Bacteria,Bacillota,Clostridia,Tissierellales,Peptoniphilaceae,Anaerococcus,Anaerococcus sp.,Anaerococcus sp._2,665
APPS0031_S649,APPS0031_S649_metabat2_29,P11,W1,P11_W1,APPS,1,APPS,5/7/23,PR,metabat2,5240237,114,91944,100,Bacteria,Bacteroidota,Bacteroidia,Bacteroidales,Bacteroidaceae,Phocaeicola,Phocaeicola dorei,Phocaeicola dorei_1,85
APPS0031_S649,APPS0031_S649_metabat2_23,P11,W1,P11_W1,APPS,1,APPS,5/7/23,PR,metabat2,1483123,51,86653,100,Bacteria,Bacillota,Clostridia,Tissierellales,Peptoniphilaceae,Peptoniphilus_A,Peptoniphilus_A lacrimalis,Peptoniphilus_A lacrimalis_1,655
APPS0031_S649,APPS0031_S649_concoct_69,P11,W1,P11_W1,APPS,1,APPS,5/7/23,PR,concoct,1785282,38,79763,100,Bacteria,Bacillota,Clostridia,Tissierellales,Peptoniphilaceae,Anaerococcus,Anaerococcus sp.,Anaerococcus sp._1,663
APPS0031_S649,APPS0031_S649_metabat2_32,P11,W1,P11_W1,APPS,1,APPS,5/7/23,PR,metabat2,2451138,93,71878,100,Bacteria,Bacillota,Bacilli,Staphylococcales,Staphylococcaceae,Staphylococcus,Staphylococcus epidermidis,Staphylococcus epidermidis_1,178
APPS0031_S649,APPS0031_S649_metabat2_24,P11,W1,P11_W1,APPS,1,APPS,5/7/23,PR,metabat2,2026150,53,47728,100,Bacteria,Bacteroidota,Bacteroidia,Bacteroidales,Porphyromonadaceae,Porphyromonas,Porphyromonas asaccharolytica,Porphyromonas asaccharolytica_1,248
APPS0031_S649,APPS0031_S649_metabat2_50,P11,W1,P11_W1,APPS,1,APPS,5/7/23,PR,metabat2,1556333,53,40793,100,Bacteria,Bacillota,Clostridia,Tissierellales,Peptoniphilaceae,Aedoeadaptatus,Aedoeadaptatus acetigenes,Aedoeadaptatus acetigenes_1,637
APPS0031_S649,APPS0031_S649_concoct_73,P11,W1,P11_W1,APPS,1,APPS,5/7/23,PR,concoct,1726823,54,51878,100,Bacteria,Bacillota,Clostridia,Tissierellales,Peptoniphilaceae,Aedoeadaptatus,Aedoeadaptatus acetigenes,NA,NA
APPS0031_S649,APPS0031_S649_concoct_23,P11,W1,P11_W1,APPS,1,APPS,5/7/23,PR,concoct,2136531,106,41339,98,Bacteria,Bacteroidota,Bacteroidia,Bacteroidales,Porphyromonadaceae,Porphyromonas_A,Porphyromonas_A sp001808555,Porphyromonas_A sp001808555_1,331
APPS0031_S649,APPS0031_S649_concoct_19,P11,W1,P11_W1,APPS,1,APPS,5/7/23,PR,concoct,2385424,182,21657,98,Bacteria,Bacteroidota,Bacteroidia,Bacteroidales,Porphyromonadaceae,Porphyromonas_A,Porphyromonas_A somerae,Porphyromonas_A somerae_1,150
APPS0031_S649,APPS0031_S649_concoct_7,P11,W1,P11_W1,APPS,1,APPS,5/7/23,PR,concoct,2164213,44,219083,100,Bacteria,Actinomycetota,Actinomycetes,Actinomycetales,Actinomycetaceae,Varibaculum,Varibaculum cambriense,Varibaculum cambriense_1,575
APPS0031_S649,APPS0031_S649_concoct_49,P11,W1,P11_W1,APPS,1,APPS,5/7/23,PR,concoct,2159591,57,94899,100,Bacteria,Bacillota,Bacilli,Lactobacillales,Lactobacillaceae,Lactobacillus,Lactobacillus paragasseri,Lactobacillus paragasseri_1,175
APPS0031_S649,APPS0031_S649_maxbin2_003,P11,W1,P11_W1,APPS,1,APPS,5/7/23,PR,maxbin2,1627637,24,189708,96,Bacteria,Campylobacterota,Campylobacteria,Campylobacterales,Campylobacteraceae,Campylobacter_B,Campylobacter_B ureolyticus,Campylobacter_B ureolyticus_1,359
APPS0031_S649,APPS0031_S649_metabat2_31,P11,W1,P11_W1,APPS,1,APPS,5/7/23,PR,metabat2,1812537,85,28354,96,Bacteria,Bacillota,Bacilli,Lactobacillales,Lactobacillaceae,Lactobacillus,Lactobacillus delbrueckii,Lactobacillus delbrueckii_1,513
APPS0031_S649,APPS0031_S649_metabat2_45,P11,W1,P11_W1,APPS,1,APPS,5/7/23,PR,metabat2,1948915,245,10129,96,Bacteria,Actinomycetota,Actinomycetes,Actinomycetales,Actinomycetaceae,Actinotignum,Actinotignum sanguinis,Actinotignum sanguinis_1,281
APPS0031_S649,APPS0031_S649_concoct_28,P11,W1,P11_W1,APPS,1,APPS,5/7/23,PR,concoct,1622020,46,78508,98,Bacteria,Bacillota,Clostridia,Tissierellales,Peptoniphilaceae,Murdochiella,Murdochiella massiliensis_A,Murdochiella massiliensis_A_1,226
APPS0031_S649,APPS0031_S649_metabat2_15,P11,W1,P11_W1,APPS,1,APPS,5/7/23,PR,metabat2,3040810,42,101517,94,Bacteria,Actinomycetota,Coriobacteriia,Coriobacteriales,Eggerthellaceae,Eggerthella,Eggerthella lenta,Eggerthella lenta_1,3
APPS0031_S649,APPS0031_S649_metabat2_40,P11,W1,P11_W1,APPS,1,APPS,5/7/23,PR,metabat2,2738988,232,16848,98,Bacteria,Bacillota,Bacilli,Lactobacillales,Lactobacillaceae,Lacticaseibacillus,Lacticaseibacillus rhamnosus,Lacticaseibacillus rhamnosus_2,102
APPS0031_S649,APPS0031_S649_metabat2_30,P11,W1,P11_W1,APPS,1,APPS,5/7/23,PR,metabat2,1376539,62,34726,80,Bacteria,Bacillota,Clostridia,Tissierellales,Peptoniphilaceae,Peptoniphilus_A,Peptoniphilus_A sp.,Peptoniphilus_A sp._1,652
APPS0031_S649,APPS0031_S649_concoct_45,P11,W1,P11_W1,APPS,1,APPS,5/7/23,PR,concoct,1852915,750,2840,82,Bacteria,Actinomycetota,Actinomycetes,Mycobacteriales,Mycobacteriaceae,Corynebacterium,Corynebacterium marquesiae,Corynebacterium marquesiae_1,426
APPS0031_S649,APPS0031_S649_concoct_0,P11,W1,P11_W1,APPS,1,APPS,5/7/23,PR,concoct,2291310,1120,2189,76,Bacteria,Bacillota,Clostridia,Oscillospirales,Ruminococcaceae,Ruthenibacterium,Ruthenibacterium lactatiformans,Ruthenibacterium lactatiformans_2,436
APPS0031_S649,APPS0031_S649_concoct_6,P11,W1,P11_W1,APPS,1,APPS,5/7/23,PR,concoct,2650796,1117,2646,75,Bacteria,Bacillota,Clostridia,Lachnospirales,Lachnospiraceae,Clostridium_AP,Clostridium_AP sp000509125,Clostridium_AP sp000509125_1,34
APPS0031_S649,APPS0031_S649_maxbin2_017,P11,W1,P11_W1,APPS,1,APPS,5/7/23,PR,maxbin2,1555377,281,87872,61,Bacteria,Bacillota,Bacilli,Lactobacillales,Enterococcaceae,Enterococcus_D,Enterococcus_D sp.,NA,NA
APPS0031_S649,APPS0031_S649_concoct_65,P11,W1,P11_W1,APPS,1,APPS,5/7/23,PR,concoct,2224596,741,3568,61,Bacteria,Bacillota,Bacilli,Erysipelotrichales,Erysipelotrichaceae,Longicatena,Longicatena caecimuris,Longicatena caecimuris_1,107
APPS0031_S649,APPS0031_S649_concoct_3,P11,W1,P11_W1,APPS,1,APPS,5/7/23,PR,concoct,5256789,197,57850,59,Bacteria,Pseudomonadota,Gammaproteobacteria,Enterobacterales,Enterobacteriaceae,Escherichia,Escherichia coli,Escherichia coli_1,16
APPS0031_S649,APPS0031_S649_metabat2_20,P11,W1,P11_W1,APPS,1,APPS,5/7/23,PR,metabat2,360924,6,70579,53,Bacteria,Bacillota,Bacilli,Lactobacillales,Enterococcaceae,Enterococcus,Enterococcus faecalis,NA,NA
APPS0031_S649,APPS0031_S649_concoct_61,P11,W1,P11_W1,APPS,1,APPS,5/7/23,PR,concoct,2582764,40,211040,76,Bacteria,Bacillota,Bacilli,Lactobacillales,Enterococcaceae,Enterococcus,Enterococcus faecalis,Enterococcus faecalis_1,2
APPS0031_S649,APPS0031_S649_metabat2_8,P11,W1,P11_W1,APPS,1,APPS,5/7/23,PR,metabat2,1753336,34,70098,53,Bacteria,Bacillota,Clostridia,Tissierellales,Peptoniphilaceae,Anaerococcus,Anaerococcus sp949769285,Anaerococcus sp949769285_1,667
APPS0031_S649,APPS0031_S649_concoct_70,P11,W1,P11_W1,APPS,1,APPS,5/7/23,PR,concoct,1772138,48,55030,94,Bacteria,Bacillota,Clostridia,Tissierellales,Peptoniphilaceae,Anaerococcus,Anaerococcus mediterraneensis,NA,NA
APPS0031_S649,APPS0031_S649_metabat2_65,P11,W1,P11_W1,APPS,1,APPS,5/7/23,PR,metabat2,1721386,576,3202,59,Bacteria,Bacillota,Clostridia,Oscillospirales,Acutalibacteraceae,Fimivicinus,Fimivicinus sp900544715,Fimivicinus sp900544715_1,116
APPS0031_S649,APPS0031_S649_concoct_20,P11,W1,P11_W1,APPS,1,APPS,5/7/23,PR,concoct,5097238,86,95804,51,Bacteria,Pseudomonadota,Gammaproteobacteria,Enterobacterales,Enterobacteriaceae,Klebsiella,Klebsiella pneumoniae,Klebsiella pneumoniae_1,83
APPS0031_S649,APPS0031_S649_concoct_75,P11,W1,P11_W1,APPS,1,APPS,5/7/23,PR,concoct,2200635,85,73010,51,Unclassified,NA,NA,NA,NA,NA,Unclassified sp.,NA,NA
APPS0033_S641,APPS0033_S641_concoct_140,P12,W1,P12_W1,APPS,1,APPS,5/7/23,PR,concoct,3987959,32,182527,100,Bacteria,Bacillota,Clostridia,Eubacteriales,Eubacteriaceae,Eubacterium,Eubacterium maltosivorans,Eubacterium maltosivorans_1,364
APPS0033_S641,APPS0033_S641_concoct_135,P12,W1,P12_W1,APPS,1,APPS,5/7/23,PR,concoct,6531066,95,158056,100,Bacteria,Pseudomonadota,Gammaproteobacteria,Pseudomonadales,Pseudomonadaceae,Pseudomonas,Pseudomonas aeruginosa,Pseudomonas aeruginosa_1,66
APPS0033_S641,APPS0033_S641_metabat2_103,P12,W1,P12_W1,APPS,1,APPS,5/7/23,PR,metabat2,2566490,39,111580,100,Bacteria,Bacteroidota,Bacteroidia,Bacteroidales,UBA932,Cryptobacteroides,Cryptobacteroides sp000431015,Cryptobacteroides sp000431015_1,439
APPS0033_S641,APPS0033_S641_concoct_85,P12,W1,P12_W1,APPS,1,APPS,5/7/23,PR,concoct,2058240,66,111216,100,Bacteria,Bacillota,Clostridia,Tissierellales,Peptoniphilaceae,Finegoldia,Finegoldia magna,Finegoldia magna_1,355
APPS0033_S641,APPS0033_S641_concoct_127,P12,W1,P12_W1,APPS,1,APPS,5/7/23,PR,concoct,1802178,29,107392,100,NA,NA,NA,NA,NA,NA,NA,NA_1,23
APPS0033_S641,APPS0033_S641_metabat2_104,P12,W1,P12_W1,APPS,1,APPS,5/7/23,PR,metabat2,4681924,62,106773,100,Bacteria,Bacteroidota,Bacteroidia,Bacteroidales,Tannerellaceae,Parabacteroides,Parabacteroides distasonis,Parabacteroides distasonis_1,1
APPS0033_S641,APPS0033_S641_metabat2_19,P12,W1,P12_W1,APPS,1,APPS,5/7/23,PR,metabat2,1680431,46,92412,100,NA,NA,NA,NA,NA,NA,NA,NA_6,588
APPS0033_S641,APPS0033_S641_metabat2_46,P12,W1,P12_W1,APPS,1,APPS,5/7/23,PR,metabat2,3237051,66,75756,100,Bacteria,Actinomycetota,Coriobacteriia,Coriobacteriales,Eggerthellaceae,Eggerthella,Eggerthella lenta,Eggerthella lenta_1,3
APPS0033_S641,APPS0033_S641_metabat2_66,P12,W1,P12_W1,APPS,1,APPS,5/7/23,PR,metabat2,5468244,147,58423,100,Bacteria,Bacteroidota,Bacteroidia,Bacteroidales,Bacteroidaceae,Bacteroides,Bacteroides hominis,Bacteroides hominis_1,589
APPS0033_S641,APPS0033_S641_concoct_77,P12,W1,P12_W1,APPS,1,APPS,5/7/23,PR,concoct,3303865,139,51439,100,Bacteria,Bacteroidota,Bacteroidia,Bacteroidales,Bacteroidaceae,Prevotella,Prevotella corporis,Prevotella corporis_1,183
APPS0033_S641,APPS0033_S641_metabat2_110,P12,W1,P12_W1,APPS,1,APPS,5/7/23,PR,metabat2,4232602,232,33681,100,Bacteria,Bacteroidota,Bacteroidia,Bacteroidales,Marinifilaceae,Butyricimonas,Butyricimonas virosa,Butyricimonas virosa_1,317
APPS0033_S641,APPS0033_S641_metabat2_5,P12,W1,P12_W1,APPS,1,APPS,5/7/23,PR,metabat2,1536007,209,9284,100,Bacteria,Pseudomonadota,Gammaproteobacteria,Burkholderiales,Burkholderiaceae,Duodenibacillus,Duodenibacillus sp900544335,Duodenibacillus sp900544335_1,447
APPS0033_S641,APPS0033_S641_metabat2_2,P12,W1,P12_W1,APPS,1,APPS,5/7/23,PR,metabat2,5525225,127,130038,98,Bacteria,Bacteroidota,Bacteroidia,Bacteroidales,Bacteroidaceae,Bacteroides,Bacteroides intestinalis,Bacteroides intestinalis_1,670
APPS0033_S641,APPS0033_S641_concoct_3,P12,W1,P12_W1,APPS,1,APPS,5/7/23,PR,concoct,1974964,28,113424,98,Bacteria,Bacillota,Bacilli,Erysipelotrichales,Erysipelotrichaceae,Massilicoli,Massilicoli timonensis,Massilicoli timonensis_1,134
APPS0033_S641,APPS0033_S641_concoct_60,P12,W1,P12_W1,APPS,1,APPS,5/7/23,PR,concoct,4248638,98,80473,98,Bacteria,Bacillota,Clostridia,Peptostreptococcales,Anaerovoracaceae,Emergencia,Emergencia timonensis,Emergencia timonensis_1,171
APPS0033_S641,APPS0033_S641_concoct_76,P12,W1,P12_W1,APPS,1,APPS,5/7/23,PR,concoct,2732799,298,13125,98,Bacteria,Bacteroidota,Bacteroidia,Bacteroidales,UBA932,Cryptobacteroides,Cryptobacteroides sp000434935,Cryptobacteroides sp000434935_1,695
APPS0033_S641,APPS0033_S641_concoct_14,P12,W1,P12_W1,APPS,1,APPS,5/7/23,PR,concoct,2356474,76,49987,100,Bacteria,Bacillota,Clostridia,Lachnospirales,Lachnospiraceae,Mediterraneibacter,Mediterraneibacter torques,Mediterraneibacter torques_1,5
APPS0033_S641,APPS0033_S641_metabat2_31,P12,W1,P12_W1,APPS,1,APPS,5/7/23,PR,metabat2,4299704,88,94527,96,Bacteria,Bacillota,Bacilli,Erysipelotrichales,Erysipelotrichaceae,Clostridium_AQ,Clostridium_AQ sp000165065,Clostridium_AQ sp000165065_1,78
APPS0033_S641,APPS0033_S641_metabat2_112,P12,W1,P12_W1,APPS,1,APPS,5/7/23,PR,metabat2,1350601,90,25492,96,Bacteria,Bacillota,Clostridia,Tissierellales,Peptoniphilaceae,Murdochiella,Murdochiella massiliensis_A,Murdochiella massiliensis_A_1,226
APPS0033_S641,APPS0033_S641_concoct_44,P12,W1,P12_W1,APPS,1,APPS,5/7/23,PR,concoct,2125106,23,180702,98,Bacteria,Bacillota,Clostridia,Christensenellales,CAG-138,Phil1,Phil1 sp001940855,Phil1 sp001940855_1,154
APPS0033_S641,APPS0033_S641_concoct_136,P12,W1,P12_W1,APPS,1,APPS,5/7/23,PR,concoct,2359421,18,176408,98,Bacteria,Bacillota,Clostridia,Oscillospirales,Acutalibacteraceae,CAG-177,CAG-177 sp003514385,CAG-177 sp003514385_1,59
APPS0033_S641,APPS0033_S641_concoct_125,P12,W1,P12_W1,APPS,1,APPS,5/7/23,PR,concoct,2658653,165,38707,98,Bacteria,Bacillota,Clostridia,Oscillospirales,Oscillospiraceae,Scatomorpha,Scatomorpha intestinigallinarum,Scatomorpha intestinigallinarum_1,74
APPS0033_S641,APPS0033_S641_concoct_143,P12,W1,P12_W1,APPS,1,APPS,5/7/23,PR,concoct,1689344,15,238774,96,Bacteria,Bacillota,Clostridia,Christensenellales,CAG-917,CAG-349,CAG-349 sp003539515,CAG-349 sp003539515_1,524
APPS0033_S641,APPS0033_S641_metabat2_78,P12,W1,P12_W1,APPS,1,APPS,5/7/23,PR,metabat2,1255779,10,196737,96,Bacteria,Bacillota,Clostridia,TANB77,CAG-508,CAG-273,CAG-273 sp003507395,CAG-273 sp003507395_1,111
APPS0033_S641,APPS0033_S641_metabat2_35,P12,W1,P12_W1,APPS,1,APPS,5/7/23,PR,metabat2,2556839,78,45492,98,Bacteria,Bacillota,Clostridia,Oscillospirales,Ruminococcaceae,Fimivivens,Fimivivens sp900113995,Fimivivens sp900113995_1,702
APPS0033_S641,APPS0033_S641_concoct_106,P12,W1,P12_W1,APPS,1,APPS,5/7/23,PR,concoct,2076313,33,102075,94,Bacteria,Bacillota,Clostridia,Christensenellales,CAG-138,PeH17,PeH17 sp000435055,PeH17 sp000435055_1,26
APPS0033_S641,APPS0033_S641_metabat2_113,P12,W1,P12_W1,APPS,1,APPS,5/7/23,PR,metabat2,3013411,95,70780,94,Bacteria,Bacillota,Clostridia,Christensenellales,Aristaeellaceae,Limiplasma,Limiplasma merdipullorum,Limiplasma merdipullorum_1,138
APPS0033_S641,APPS0033_S641_concoct_105,P12,W1,P12_W1,APPS,1,APPS,5/7/23,PR,concoct,2339518,34,178892,96,Bacteria,Bacillota,Clostridia,Christensenellales,Borkfalkiaceae,Borkfalkia,Borkfalkia ceftriaxoniphila,Borkfalkia ceftriaxoniphila_1,244
APPS0033_S641,APPS0033_S641_concoct_4,P12,W1,P12_W1,APPS,1,APPS,5/7/23,PR,concoct,2202014,21,165181,96,Bacteria,Bacillota,Clostridia,Oscillospirales,Acutalibacteraceae,Ruminococcoides,Ruminococcoides intestinale,Ruminococcoides intestinale_1,8
APPS0033_S641,APPS0033_S641_concoct_101,P12,W1,P12_W1,APPS,1,APPS,5/7/23,PR,concoct,3109220,90,55389,96,Bacteria,Bacillota,Clostridia,Lachnospirales,Lachnospiraceae,Anaerobutyricum,Anaerobutyricum faecale,Anaerobutyricum faecale_1,309
APPS0033_S641,APPS0033_S641_metabat2_68,P12,W1,P12_W1,APPS,1,APPS,5/7/23,PR,metabat2,3162088,99,53558,96,Bacteria,Bacillota,Clostridia,Oscillospirales,Ruminococcaceae,Ruthenibacterium,Ruthenibacterium lactatiformans,Ruthenibacterium lactatiformans_1,11
APPS0033_S641,APPS0033_S641_metabat2_67,P12,W1,P12_W1,APPS,1,APPS,5/7/23,PR,metabat2,3036209,168,26629,90,Bacteria,Bacteroidota,Bacteroidia,Bacteroidales,Bacteroidaceae,Prevotella,Prevotella sp002265625,Prevotella sp002265625_1,431
APPS0033_S641,APPS0033_S641_concoct_36,P12,W1,P12_W1,APPS,1,APPS,5/7/23,PR,concoct,1995156,414,6028,90,Bacteria,Bacillota,Clostridia,Peptostreptococcales,Anaerovoracaceae,Lentihominibacter,Lentihominibacter excrementipullorum,Lentihominibacter excrementipullorum_1,110
APPS0033_S641,APPS0033_S641_concoct_5,P12,W1,P12_W1,APPS,1,APPS,5/7/23,PR,concoct,2744523,110,63622,92,Bacteria,Bacillota,Clostridia,Oscillospirales,Oscillospiraceae,Vescimonas,Vescimonas sp000435555,Vescimonas sp000435555_1,415
APPS0033_S641,APPS0033_S641_maxbin2_022,P12,W1,P12_W1,APPS,1,APPS,5/7/23,PR,maxbin2,3175724,257,71524,94,Bacteria,Bacillota,Bacilli,Erysipelotrichales,Coprobacillaceae,Coprobacillus,Coprobacillus cateniformis,Coprobacillus cateniformis_1,259
APPS0033_S641,APPS0033_S641_metabat2_36,P12,W1,P12_W1,APPS,1,APPS,5/7/23,PR,metabat2,3135854,186,27175,88,Bacteria,Bacteroidota,Bacteroidia,Bacteroidales,Bacteroidaceae,Prevotella,Prevotella pectinovora,Prevotella pectinovora_1,562
APPS0033_S641,APPS0033_S641_concoct_83,P12,W1,P12_W1,APPS,1,APPS,5/7/23,PR,concoct,1504538,300,6338,88,Bacteria,Bacillota,Clostridia,Peptostreptococcales,Anaerovoracaceae,Fimisoma,Fimisoma sp002320005,Fimisoma sp002320005_1,591
APPS0033_S641,APPS0033_S641_concoct_88,P12,W1,P12_W1,APPS,1,APPS,5/7/23,PR,concoct,5025780,304,24830,92,Bacteria,Bacillota,Clostridia,Lachnospirales,Lachnospiraceae,Otoolea,Otoolea symbiosa,Otoolea symbiosa_1,149
APPS0033_S641,APPS0033_S641_concoct_13,P12,W1,P12_W1,APPS,1,APPS,5/7/23,PR,concoct,4817609,511,16559,92,Bacteria,Bacillota,Clostridia,Oscillospirales,Acutalibacteraceae,Acutalibacter,Acutalibacter timonensis,NA,NA
APPS0033_S641,APPS0033_S641_metabat2_12,P12,W1,P12_W1,APPS,1,APPS,5/7/23,PR,metabat2,2069191,220,14082,92,Bacteria,Bacillota,Clostridia,Lachnospirales,Lachnospiraceae,Butyrivibrio_A,Butyrivibrio_A sp000431815,Butyrivibrio_A sp000431815_1,519
APPS0033_S641,APPS0033_S641_metabat2_53,P12,W1,P12_W1,APPS,1,APPS,5/7/23,PR,metabat2,1680742,31,138935,88,Bacteria,Bacillota,Clostridia,Oscillospirales,Oscillospiraceae,Hominicoprocola,Hominicoprocola sp900317525,Hominicoprocola sp900317525_1,38
APPS0033_S641,APPS0033_S641_concoct_64,P12,W1,P12_W1,APPS,1,APPS,5/7/23,PR,concoct,2874403,39,163519,100,Unclassified Bacteria,NA,NA,NA,NA,NA,Unclassified Bacteria sp.,NA,NA
APPS0033_S641,APPS0033_S641_concoct_145,P12,W1,P12_W1,APPS,1,APPS,5/7/23,PR,concoct,6084496,526,16325,96,Bacteria,Bacillota,Clostridia,Lachnospirales,Lachnospiraceae,Hungatella,Hungatella effluvii,Hungatella effluvii_1,312
APPS0033_S641,APPS0033_S641_concoct_137,P12,W1,P12_W1,APPS,1,APPS,5/7/23,PR,concoct,1714040,592,3601,84,Bacteria,Bacillota,Bacilli,Erysipelotrichales,Coprobacillaceae,Catenibacterium,Catenibacterium mitsuokai,Catenibacterium mitsuokai_2,630
APPS0033_S641,APPS0033_S641_metabat2_81,P12,W1,P12_W1,APPS,1,APPS,5/7/23,PR,metabat2,2717950,107,40106,94,Bacteria,Bacillota,Clostridia,Lachnospirales,Lachnospiraceae,Sellimonas,Sellimonas intestinalis,NA,NA
APPS0033_S641,APPS0033_S641_concoct_134,P12,W1,P12_W1,APPS,1,APPS,5/7/23,PR,concoct,2477753,636,5110,98,Bacteria,Bacillota,Negativicutes,Acidaminococcales,Acidaminococcaceae,Phascolarctobacterium_A,Phascolarctobacterium_A succinatutens_B,Phascolarctobacterium_A succinatutens_B_1,696
APPS0033_S641,APPS0033_S641_metabat2_62,P12,W1,P12_W1,APPS,1,APPS,5/7/23,PR,metabat2,1878707,201,18089,84,Bacteria,Actinomycetota,Coriobacteriia,Coriobacteriales,Coriobacteriaceae,Collinsella,Collinsella sp014871745,Collinsella sp014871745_1,454
APPS0033_S641,APPS0033_S641_metabat2_11,P12,W1,P12_W1,APPS,1,APPS,5/7/23,PR,metabat2,3734594,292,28491,94,Bacteria,Bacillota,Clostridia,Lachnospirales,Lachnospiraceae,Clostridium_AP,Clostridium_AP sp000509125,Clostridium_AP sp000509125_1,34
APPS0033_S641,APPS0033_S641_concoct_146,P12,W1,P12_W1,APPS,1,APPS,5/7/23,PR,concoct,1030258,483,2332,82,Bacteria,Bacillota,Clostridia,Christensenellales,CAG-314,CAG-314,CAG-314 sp000437915,CAG-314 sp000437915_1,103
APPS0033_S641,APPS0033_S641_maxbin2_005,P12,W1,P12_W1,APPS,1,APPS,5/7/23,PR,maxbin2,2848400,399,159126,92,Bacteria,Bacillota,Bacilli,Lactobacillales,Enterococcaceae,Enterococcus_B,Enterococcus_B lactis,Enterococcus_B lactis_1,215
APPS0033_S641,APPS0033_S641_concoct_8,P12,W1,P12_W1,APPS,1,APPS,5/7/23,PR,concoct,3580489,50,112389,100,Unclassified Bacteria,NA,NA,NA,NA,NA,Unclassified Bacteria sp.,NA,NA
APPS0033_S641,APPS0033_S641_concoct_52,P12,W1,P12_W1,APPS,1,APPS,5/7/23,PR,concoct,4741453,103,73052,82,Unclassified Bacteria,NA,NA,NA,NA,NA,Unclassified Bacteria sp.,NA,NA
APPS0033_S641,APPS0033_S641_metabat2_43,P12,W1,P12_W1,APPS,1,APPS,5/7/23,PR,metabat2,3728135,67,89599,98,Bacteria,Bacteroidota,Bacteroidia,Bacteroidales,Rikenellaceae,Alistipes,Alistipes onderdonkii,NA,NA
APPS0033_S641,APPS0033_S641_concoct_56,P12,W1,P12_W1,APPS,1,APPS,5/7/23,PR,concoct,2889425,78,73054,76,Unclassified Bacteria,NA,NA,NA,NA,NA,Unclassified Bacteria sp.,NA,NA
APPS0033_S641,APPS0033_S641_metabat2_56,P12,W1,P12_W1,APPS,1,APPS,5/7/23,PR,metabat2,1190610,461,2656,75,Bacteria,Bacillota,Clostridia,Christensenellales,Aristaeellaceae,Pullichristensenella,Pullichristensenella sp946496415,Pullichristensenella sp946496415_3,432
APPS0033_S641,APPS0033_S641_metabat2_16,P12,W1,P12_W1,APPS,1,APPS,5/7/23,PR,metabat2,4841688,84,93837,73,Bacteria,Bacteroidota,Bacteroidia,Bacteroidales,Tannerellaceae,Parabacteroides,Parabacteroides chongii,Parabacteroides chongii_1,681
APPS0033_S641,APPS0033_S641_concoct_31,P12,W1,P12_W1,APPS,1,APPS,5/7/23,PR,concoct,6458937,468,20738,76,Unclassified Bacteria,NA,NA,NA,NA,NA,Unclassified Bacteria sp.,NA,NA
APPS0033_S641,APPS0033_S641_concoct_19,P12,W1,P12_W1,APPS,1,APPS,5/7/23,PR,concoct,2221134,494,5242,69,Bacteria,Bacillota,Clostridia,Peptostreptococcales,Anaerovoracaceae,Hominibacterium,Hominibacterium hominis,Hominibacterium hominis_1,242
APPS0033_S641,APPS0033_S641_metabat2_92,P12,W1,P12_W1,APPS,1,APPS,5/7/23,PR,metabat2,3089990,170,26949,71,Bacteria,Bacillota,Clostridia,Oscillospirales,Ruminococcaceae,Fournierella,Fournierella sp900543285,Fournierella sp900543285_1,120
APPS0033_S641,APPS0033_S641_metabat2_115,P12,W1,P12_W1,APPS,1,APPS,5/7/23,PR,metabat2,10178098,1452,10593,90,Bacteria,Bacteroidota,Bacteroidia,Bacteroidales,Bacteroidaceae,Phocaeicola,Phocaeicola vulgatus,NA,NA
APPS0033_S641,APPS0033_S641_concoct_22,P12,W1,P12_W1,APPS,1,APPS,5/7/23,PR,concoct,1740164,516,4172,90,Bacteria,Pseudomonadota,Gammaproteobacteria,Burkholderiales,Burkholderiaceae,Duodenibacillus,Duodenibacillus massiliensis,Duodenibacillus massiliensis_1,445
APPS0033_S641,APPS0033_S641_metabat2_69,P12,W1,P12_W1,APPS,1,APPS,5/7/23,PR,metabat2,2611579,144,31290,67,Bacteria,Bacillota,Clostridia,Oscillospirales,Oscillospiraceae,Intestinimonas,Intestinimonas massiliensis,Intestinimonas massiliensis_1,405
APPS0033_S641,APPS0033_S641_concoct_27,P12,W1,P12_W1,APPS,1,APPS,5/7/23,PR,concoct,1711622,488,4573,59,Bacteria,Bacillota,Clostridia,Lachnospirales,Anaerotignaceae,Anaerotignum_A,Anaerotignum_A faecicola,Anaerotignum_A faecicola_1,97
APPS0033_S641,APPS0033_S641_concoct_37,P12,W1,P12_W1,APPS,1,APPS,5/7/23,PR,concoct,2770943,1285,2316,84,Bacteria,Desulfobacterota_I,Desulfovibrionia,Desulfovibrionales,Desulfovibrionaceae,Bilophila,Bilophila wadsworthia,Bilophila wadsworthia_1,41
APPS0033_S641,APPS0033_S641_concoct_1,P12,W1,P12_W1,APPS,1,APPS,5/7/23,PR,concoct,1519337,694,2377,63,Bacteria,Bacillota,Clostridia,Oscillospirales,Acutalibacteraceae,Hominenteromicrobium,Hominenteromicrobium mulieris,Hominenteromicrobium mulieris_2,386
APPS0038_S642,APPS0038_S642_concoct_15,P15,W1,P15_W1,APPS,1,APPS,5/7/23,PR,concoct,1954418,8,1058601,100,Bacteria,Actinomycetota,Actinomycetes,Mycobacteriales,Mycobacteriaceae,Lawsonella,Lawsonella clevelandensis,Lawsonella clevelandensis_1,131
APPS0038_S642,APPS0038_S642_maxbin2_002,P15,W1,P15_W1,APPS,1,APPS,5/7/23,PR,maxbin2,1810378,81,272569,100,Bacteria,Bacillota,Clostridia,Tissierellales,Peptoniphilaceae,Anaerococcus,Anaerococcus rubeinfantis,Anaerococcus rubeinfantis_1,664
APPS0038_S642,APPS0038_S642_concoct_63,P15,W1,P15_W1,APPS,1,APPS,5/7/23,PR,concoct,4506758,32,253790,100,Bacteria,Bacillota,Clostridia,Eubacteriales,Eubacteriaceae,Eubacterium,Eubacterium callanderi,Eubacterium callanderi_1,53
APPS0038_S642,APPS0038_S642_metabat2_39,P15,W1,P15_W1,APPS,1,APPS,5/7/23,PR,metabat2,2085520,25,119957,100,Bacteria,Actinomycetota,Actinomycetes,Actinomycetales,Bifidobacteriaceae,Bifidobacterium,Bifidobacterium bifidum,Bifidobacterium bifidum_1,462
APPS0038_S642,APPS0038_S642_metabat2_11,P15,W1,P15_W1,APPS,1,APPS,5/7/23,PR,metabat2,2541428,126,50708,100,Bacteria,Bacillota,Clostridia,Peptostreptococcales,Anaerovoracaceae,S5-A14a,S5-A14a sp000758905,S5-A14a sp000758905_1,674
APPS0038_S642,APPS0038_S642_concoct_0,P15,W1,P15_W1,APPS,1,APPS,5/7/23,PR,concoct,2728467,100,56757,100,Bacteria,Bacteroidota,Bacteroidia,Bacteroidales,Bacteroidaceae,Prevotella,Prevotella corporis,Prevotella corporis_1,183
APPS0038_S642,APPS0038_S642_concoct_11,P15,W1,P15_W1,APPS,1,APPS,5/7/23,PR,concoct,2775395,182,26952,100,Bacteria,Actinomycetota,Actinomycetes,Mycobacteriales,Mycobacteriaceae,Corynebacterium,Corynebacterium pyruviciproducens,Corynebacterium pyruviciproducens_1,273
APPS0038_S642,APPS0038_S642_concoct_75,P15,W1,P15_W1,APPS,1,APPS,5/7/23,PR,concoct,4416489,43,212758,98,Bacteria,Bacillota,Clostridia,Peptostreptococcales,Anaerovoracaceae,Emergencia,Emergencia timonensis,Emergencia timonensis_1,171
APPS0038_S642,APPS0038_S642_concoct_16,P15,W1,P15_W1,APPS,1,APPS,5/7/23,PR,concoct,2973644,49,124165,98,Bacteria,Bacillota,Bacilli,Erysipelotrichales,Erysipelotrichaceae,Longicatena,Longicatena caecimuris,Longicatena caecimuris_1,107
APPS0038_S642,APPS0038_S642_metabat2_35,P15,W1,P15_W1,APPS,1,APPS,5/7/23,PR,metabat2,3461727,63,107358,98,Bacteria,Bacillota,Clostridia,Clostridiales,Clostridiaceae,Clostridium_X,Clostridium_X cadaveris,Clostridium_X cadaveris_1,532
APPS0038_S642,APPS0038_S642_concoct_48,P15,W1,P15_W1,APPS,1,APPS,5/7/23,PR,concoct,1937980,26,164870,100,NA,NA,NA,NA,NA,NA,NA,NA,NA
APPS0038_S642,APPS0038_S642_concoct_32,P15,W1,P15_W1,APPS,1,APPS,5/7/23,PR,concoct,4029091,85,92267,98,Bacteria,Bacteroidota,Bacteroidia,Bacteroidales,Tannerellaceae,Parabacteroides,Parabacteroides merdae,Parabacteroides merdae_1,28
APPS0038_S642,APPS0038_S642_metabat2_28,P15,W1,P15_W1,APPS,1,APPS,5/7/23,PR,metabat2,1670907,169,13240,98,Bacteria,Bacillota,Bacilli,Erysipelotrichales,Erysipelotrichaceae,Massilicoli,Massilicoli timonensis,Massilicoli timonensis_1,134
APPS0038_S642,APPS0038_S642_concoct_12,P15,W1,P15_W1,APPS,1,APPS,5/7/23,PR,concoct,2562750,501,7482,98,Bacteria,Bacillota,Bacilli,Lactobacillales,Enterococcaceae,Enterococcus,Enterococcus faecalis,Enterococcus faecalis_1,2
APPS0038_S642,APPS0038_S642_concoct_4,P15,W1,P15_W1,APPS,1,APPS,5/7/23,PR,concoct,2112268,26,161385,100,Bacteria,Bacillota,Bacilli,Lactobacillales,Lactobacillaceae,Lactobacillus,Lactobacillus sp910589175,Lactobacillus sp910589175_1,346
APPS0038_S642,APPS0038_S642_metabat2_31,P15,W1,P15_W1,APPS,1,APPS,5/7/23,PR,metabat2,1901618,111,31531,100,Bacteria,Bacillota,Bacilli,Lactobacillales,Streptococcaceae,Streptococcus,Streptococcus mutans,Streptococcus mutans_1,625
APPS0038_S642,APPS0038_S642_concoct_70,P15,W1,P15_W1,APPS,1,APPS,5/7/23,PR,concoct,2058962,102,35983,96,Bacteria,Bacillota,Negativicutes,Veillonellales,Veillonellaceae,Veillonella,Veillonella parvula_F,Veillonella parvula_F_1,300
APPS0038_S642,APPS0038_S642_concoct_97,P15,W1,P15_W1,APPS,1,APPS,5/7/23,PR,concoct,2528466,95,40932,98,Bacteria,Bacillota,Clostridia,Lachnospirales,Lachnospiraceae,Mediterraneibacter,Mediterraneibacter torques,Mediterraneibacter torques_1,5
APPS0038_S642,APPS0038_S642_concoct_25,P15,W1,P15_W1,APPS,1,APPS,5/7/23,PR,concoct,2220613,210,15335,98,Bacteria,Bacillota,Clostridia,Oscillospirales,Oscillospiraceae,Evtepia,Evtepia gabavorous,Evtepia gabavorous_1,19
APPS0038_S642,APPS0038_S642_metabat2_50,P15,W1,P15_W1,APPS,1,APPS,5/7/23,PR,metabat2,3330062,57,151091,100,Bacteria,Bacillota,Clostridia,Peptostreptococcales,Peptostreptococcaceae,Intestinibacter,Intestinibacter bartlettii,Intestinibacter bartlettii_1,352
APPS0038_S642,APPS0038_S642_concoct_117,P15,W1,P15_W1,APPS,1,APPS,5/7/23,PR,concoct,2215032,89,49459,100,Unclassified Bacteria,NA,NA,NA,NA,NA,Unclassified Bacteria sp.,NA,NA
APPS0038_S642,APPS0038_S642_concoct_104,P15,W1,P15_W1,APPS,1,APPS,5/7/23,PR,concoct,3105244,41,135714,100,Bacteria,Bacillota,Clostridia,Lachnospirales,Lachnospiraceae,Anaerobutyricum,Anaerobutyricum stercoris,Anaerobutyricum stercoris_1,308
APPS0038_S642,APPS0038_S642_concoct_86,P15,W1,P15_W1,APPS,1,APPS,5/7/23,PR,concoct,1829041,52,78331,100,Bacteria,Bacillota,Bacilli,Lactobacillales,Lactobacillaceae,Limosilactobacillus,Limosilactobacillus portuensis,Limosilactobacillus portuensis_1,607
APPS0038_S642,APPS0038_S642_concoct_82,P15,W1,P15_W1,APPS,1,APPS,5/7/23,PR,concoct,1775101,269,8528,100,Bacteria,Bacillota,Clostridia,Christensenellales,Christensenellaceae,Scybalosoma,Scybalosoma faecavium,Scybalosoma faecavium_1,687
APPS0038_S642,APPS0038_S642_concoct_85,P15,W1,P15_W1,APPS,1,APPS,5/7/23,PR,concoct,2368308,96,43026,96,Bacteria,Bacillota,Clostridia,Oscillospirales,Ruminococcaceae,Ruthenibacterium,Ruthenibacterium merdipullorum,Ruthenibacterium merdipullorum_1,119
APPS0038_S642,APPS0038_S642_concoct_109,P15,W1,P15_W1,APPS,1,APPS,5/7/23,PR,concoct,2236599,24,148054,98,Bacteria,Bacillota,Clostridia,Oscillospirales,Acutalibacteraceae,UMGS1071,UMGS1071 sp900542375,UMGS1071 sp900542375_1,91
APPS0038_S642,APPS0038_S642_concoct_59,P15,W1,P15_W1,APPS,1,APPS,5/7/23,PR,concoct,2629055,52,82177,98,Bacteria,Bacillota,Clostridia,Oscillospirales,Acutalibacteraceae,Scatavimonas,Scatavimonas sp900540275,Scatavimonas sp900540275_1,73
APPS0038_S642,APPS0038_S642_metabat2_75,P15,W1,P15_W1,APPS,1,APPS,5/7/23,PR,metabat2,2726221,46,93036,96,Bacteria,Bacillota,Clostridia,Lachnospirales,Lachnospiraceae,Clostridium_AP,Clostridium_AP scindens,Clostridium_AP scindens_1,199
APPS0038_S642,APPS0038_S642_metabat2_3,P15,W1,P15_W1,APPS,1,APPS,5/7/23,PR,metabat2,2745470,269,15975,92,Bacteria,Actinomycetota,Coriobacteriia,Coriobacteriales,Eggerthellaceae,Eggerthella,Eggerthella lenta,Eggerthella lenta_1,3
APPS0038_S642,APPS0038_S642_concoct_23,P15,W1,P15_W1,APPS,1,APPS,5/7/23,PR,concoct,2675447,626,4833,94,Bacteria,Bacillota,Negativicutes,Veillonellales,Dialisteraceae,Dialister,Dialister sp900541485,Dialister sp900541485_2,689
APPS0038_S642,APPS0038_S642_metabat2_66,P15,W1,P15_W1,APPS,1,APPS,5/7/23,PR,metabat2,2270052,62,56648,96,Bacteria,Bacillota,Clostridia,Christensenellales,Christensenellaceae,Guopingia,Guopingia tenuis,Guopingia tenuis_1,399
APPS0038_S642,APPS0038_S642_metabat2_40,P15,W1,P15_W1,APPS,1,APPS,5/7/23,PR,metabat2,2954575,111,46825,96,Bacteria,Bacillota,Clostridia,Oscillospirales,Ruminococcaceae,Ruthenibacterium,Ruthenibacterium lactatiformans,Ruthenibacterium lactatiformans_1,11
APPS0038_S642,APPS0038_S642_metabat2_61,P15,W1,P15_W1,APPS,1,APPS,5/7/23,PR,metabat2,2365260,97,37402,96,Bacteria,Bacillota,Clostridia,Oscillospirales,Acutalibacteraceae,Fimivicinus,Fimivicinus sp002320555,Fimivicinus sp002320555_1,369
APPS0038_S642,APPS0038_S642_concoct_120,P15,W1,P15_W1,APPS,1,APPS,5/7/23,PR,concoct,4840975,357,35637,98,Bacteria,Bacillota,Clostridia,Oscillospirales,Acutalibacteraceae,Hydrogeniiclostridium,Hydrogeniiclostridium mannosilyticum,Hydrogeniiclostridium mannosilyticum_1,368
APPS0038_S642,APPS0038_S642_concoct_6,P15,W1,P15_W1,APPS,1,APPS,5/7/23,PR,concoct,2293931,68,56619,92,Bacteria,Bacillota,Clostridia,Lachnospirales,Lachnospiraceae,Schaedlerella,Schaedlerella sp002320245,Schaedlerella sp002320245_1,420
APPS0038_S642,APPS0038_S642_concoct_100,P15,W1,P15_W1,APPS,1,APPS,5/7/23,PR,concoct,4173052,233,34089,84,Bacteria,Bacillota,Bacilli,Erysipelotrichales,Erysipelotrichaceae,Clostridium_AQ,Clostridium_AQ sp000165065,Clostridium_AQ sp000165065_1,78
APPS0038_S642,APPS0038_S642_concoct_69,P15,W1,P15_W1,APPS,1,APPS,5/7/23,PR,concoct,1597023,572,3111,80,Bacteria,Bacillota,Clostridia,Christensenellales,CAG-138,UMGS946,UMGS946 sp900544965,UMGS946 sp900544965_1,130
APPS0038_S642,APPS0038_S642_metabat2_49,P15,W1,P15_W1,APPS,1,APPS,5/7/23,PR,metabat2,1415375,4,553187,78,Bacteria,Actinomycetota,Actinomycetes,Actinomycetales,Bifidobacteriaceae,Bifidobacterium,Bifidobacterium breve,Bifidobacterium breve_1,95
APPS0038_S642,APPS0038_S642_maxbin2_004,P15,W1,P15_W1,APPS,1,APPS,5/7/23,PR,maxbin2,1389407,88,143140,76,Bacteria,Actinomycetota,Actinomycetes,Actinomycetales,Bifidobacteriaceae,Bifidobacterium,Bifidobacterium breve,NA,NA
APPS0038_S642,APPS0038_S642_concoct_110,P15,W1,P15_W1,APPS,1,APPS,5/7/23,PR,concoct,4122063,353,18141,76,Bacteria,Bacillota,Clostridia,Lachnospirales,Lachnospiraceae,Enterocloster,Enterocloster clostridioformis,Enterocloster clostridioformis_1,204
APPS0038_S642,APPS0038_S642_concoct_39,P15,W1,P15_W1,APPS,1,APPS,5/7/23,PR,concoct,2519758,404,7675,71,Bacteria,Bacillota,Clostridia,Oscillospirales,Acutalibacteraceae,UMGS1623,UMGS1623 sp934647945,UMGS1623 sp934647945_1,136
APPS0038_S642,APPS0038_S642_concoct_9,P15,W1,P15_W1,APPS,1,APPS,5/7/23,PR,concoct,1264582,621,2165,57,Bacteria,Bacillota,Clostridia,Oscillospirales,Acutalibacteraceae,Timburyella,Timburyella sp030842085,Timburyella sp030842085_1,421
APPS0038_S642,APPS0038_S642_maxbin2_054,P15,W1,P15_W1,APPS,1,APPS,5/7/23,PR,maxbin2,426273,15,28637,53,Bacteria,Bacteroidota,Bacteroidia,Bacteroidales,Bacteroidaceae,Bacteroides,Bacteroides sp.,NA,NA
APPS0038_S642,APPS0038_S642_concoct_67,P15,W1,P15_W1,APPS,1,APPS,5/7/23,PR,concoct,2045243,986,2231,53,Bacteria,Bacteroidota,Bacteroidia,Bacteroidales,Rikenellaceae,Alistipes,Alistipes finegoldii,Alistipes finegoldii_1,164
APPS0038_S642,APPS0038_S642_metabat2_8,P15,W1,P15_W1,APPS,1,APPS,5/7/23,PR,metabat2,2881599,835,3796,65,Bacteria,Desulfobacterota_I,Desulfovibrionia,Desulfovibrionales,Desulfovibrionaceae,Bilophila,Bilophila wadsworthia,Bilophila wadsworthia_2,45
APPS0038_S642,APPS0038_S642_concoct_116,P15,W1,P15_W1,APPS,1,APPS,5/7/23,PR,concoct,9855863,270,65782,96,Unclassified Bacteria,NA,NA,NA,NA,NA,Unclassified Bacteria sp.,NA,NA
APPS0040_S643,APPS0040_S643_concoct_5,P16,W1,P16_W1,APPS,1,APPS,5/7/23,PR,concoct,3291185,51,115279,100,Bacteria,Bacteroidota,Bacteroidia,Bacteroidales,Rikenellaceae,Alistipes,Alistipes onderdonkii,Alistipes onderdonkii_1,14
APPS0040_S643,APPS0040_S643_concoct_44,P16,W1,P16_W1,APPS,1,APPS,5/7/23,PR,concoct,4171779,84,98590,100,Bacteria,Bacillota,Clostridia,Eubacteriales,Eubacteriaceae,Eubacterium,Eubacterium maltosivorans,Eubacterium maltosivorans_1,364
APPS0040_S643,APPS0040_S643_metabat2_13,P16,W1,P16_W1,APPS,1,APPS,5/7/23,PR,metabat2,2625981,72,62760,100,Bacteria,Bacteroidota,Bacteroidia,Bacteroidales,Bacteroidaceae,Prevotella,Prevotella timonensis_A,Prevotella timonensis_A_1,373
APPS0040_S643,APPS0040_S643_metabat2_20,P16,W1,P16_W1,APPS,1,APPS,5/7/23,PR,metabat2,2055584,61,56823,100,Bacteria,Actinomycetota,Actinomycetes,Actinomycetales,Actinomycetaceae,Mobiluncus,Mobiluncus massiliensis,Mobiluncus massiliensis_1,206
APPS0040_S643,APPS0040_S643_metabat2_35,P16,W1,P16_W1,APPS,1,APPS,5/7/23,PR,metabat2,2407595,83,50147,100,Bacteria,Bacteroidota,Bacteroidia,Bacteroidales,Bacteroidaceae,Prevotella,Prevotella disiens,Prevotella disiens_1,222
APPS0040_S643,APPS0040_S643_concoct_38,P16,W1,P16_W1,APPS,1,APPS,5/7/23,PR,concoct,5159920,197,49080,100,Bacteria,Pseudomonadota,Gammaproteobacteria,Enterobacterales,Enterobacteriaceae,Escherichia,Escherichia coli,Escherichia coli_2,99
APPS0040_S643,APPS0040_S643_metabat2_7,P16,W1,P16_W1,APPS,1,APPS,5/7/23,PR,metabat2,2633844,127,33523,100,Bacteria,Bacillota,Clostridia,Lachnospirales,Anaerotignaceae,Metalachnospira,Metalachnospira sp900546215,Metalachnospira sp900546215_1,255
APPS0040_S643,APPS0040_S643_metabat2_47,P16,W1,P16_W1,APPS,1,APPS,5/7/23,PR,metabat2,5176200,1153,5419,100,Bacteria,Pseudomonadota,Gammaproteobacteria,Pseudomonadales,Pseudomonadaceae,Pseudomonas,Pseudomonas aeruginosa,Pseudomonas aeruginosa_1,66
APPS0040_S643,APPS0040_S643_metabat2_27,P16,W1,P16_W1,APPS,1,APPS,5/7/23,PR,metabat2,2877282,70,66299,98,Bacteria,Bacillota,Bacilli,Erysipelotrichales,Erysipelotrichaceae,Longicatena,Longicatena caecimuris,Longicatena caecimuris_1,107
APPS0040_S643,APPS0040_S643_concoct_39,P16,W1,P16_W1,APPS,1,APPS,5/7/23,PR,concoct,2450658,60,66859,100,Bacteria,Bacillota,Clostridia,Lachnospirales,Lachnospiraceae,Mediterraneibacter,Mediterraneibacter torques,Mediterraneibacter torques_1,5
APPS0040_S643,APPS0040_S643_concoct_14,P16,W1,P16_W1,APPS,1,APPS,5/7/23,PR,concoct,4284507,203,41990,98,Bacteria,Bacillota,Bacilli,Erysipelotrichales,Coprobacillaceae,Thomasclavelia,Thomasclavelia ramosa,Thomasclavelia ramosa_1,133
APPS0040_S643,APPS0040_S643_concoct_18,P16,W1,P16_W1,APPS,1,APPS,5/7/23,PR,concoct,1794915,322,7789,98,Bacteria,Bacillota,Clostridia,Oscillospirales,Oscillospiraceae,Vescimonas,Vescimonas coprocola,Vescimonas coprocola_1,7
APPS0040_S643,APPS0040_S643_concoct_16,P16,W1,P16_W1,APPS,1,APPS,5/7/23,PR,concoct,3639475,729,6463,94,Bacteria,Bacillota,Clostridia,Peptostreptococcales,Peptostreptococcaceae,Clostridioides,Clostridioides difficile,Clostridioides difficile_1,345
APPS0040_S643,APPS0040_S643_metabat2_24,P16,W1,P16_W1,APPS,1,APPS,5/7/23,PR,metabat2,3608751,713,6397,96,Bacteria,Desulfobacterota_I,Desulfovibrionia,Desulfovibrionales,Desulfovibrionaceae,Bilophila,Bilophila wadsworthia,Bilophila wadsworthia_2,45
APPS0040_S643,APPS0040_S643_concoct_4,P16,W1,P16_W1,APPS,1,APPS,5/7/23,PR,concoct,3364976,32,234252,100,Bacteria,Bacillota,Bacilli,Lactobacillales,Enterococcaceae,Enterococcus,Enterococcus faecalis,NA,NA
APPS0040_S643,APPS0040_S643_metabat2_17,P16,W1,P16_W1,APPS,1,APPS,5/7/23,PR,metabat2,4463432,390,15613,86,Bacteria,Bacillota,Clostridia,Lachnospirales,Lachnospiraceae,Otoolea,Otoolea symbiosa,Otoolea symbiosa_1,149
APPS0040_S643,APPS0040_S643_metabat2_23,P16,W1,P16_W1,APPS,1,APPS,5/7/23,PR,metabat2,1996886,683,2970,69,Bacteria,Desulfobacterota_I,Desulfovibrionia,Desulfovibrionales,Desulfovibrionaceae,Desulfovibrio,Desulfovibrio fairfieldensis_A,Desulfovibrio fairfieldensis_A_1,179
APPS0040_S643,APPS0040_S643_concoct_27,P16,W1,P16_W1,APPS,1,APPS,5/7/23,PR,concoct,2199871,908,2644,67,Bacteria,Actinomycetota,Coriobacteriia,Coriobacteriales,Eggerthellaceae,Eggerthella,Eggerthella lenta,Eggerthella lenta_1,3
APPS0040_S643,APPS0040_S643_concoct_33,P16,W1,P16_W1,APPS,1,APPS,5/7/23,PR,concoct,2228242,577,5019,86,Bacteria,Actinomycetota,Coriobacteriia,Coriobacteriales,Coriobacteriaceae,Collinsella,Collinsella tanakaei,Collinsella tanakaei_1,190
APPS0040_S643,APPS0040_S643_metabat2_6,P16,W1,P16_W1,APPS,1,APPS,5/7/23,PR,metabat2,933843,397,2349,57,Bacteria,Bacillota,Clostridia,Oscillospirales,Ruminococcaceae,Anaerotruncus,Anaerotruncus massiliensis,NA,NA
APPS0040_S643,APPS0040_S643_concoct_32,P16,W1,P16_W1,APPS,1,APPS,5/7/23,PR,concoct,1699789,531,3810,55,Bacteria,Bacillota,Bacilli,Erysipelotrichales,Erysipelotrichaceae,Copranaerobaculum,Copranaerobaculum intestinale,Copranaerobaculum intestinale_1,220
APPS0043_S644,APPS0043_S644_metabat2_71,P17,W1,P17_W1,APPS,1,APPS,5/7/23,PR,metabat2,3113398,23,269543,100,Bacteria,Bacteroidota,Bacteroidia,Bacteroidales,Rikenellaceae,Alistipes,Alistipes onderdonkii,Alistipes onderdonkii_1,14
APPS0043_S644,APPS0043_S644_concoct_116,P17,W1,P17_W1,APPS,1,APPS,5/7/23,PR,concoct,3085738,52,128073,100,Bacteria,Bacillota,Bacilli,Lactobacillales,Enterococcaceae,Enterococcus,Enterococcus faecalis,Enterococcus faecalis_1,2
APPS0043_S644,APPS0043_S644_concoct_45,P17,W1,P17_W1,APPS,1,APPS,5/7/23,PR,concoct,2193737,94,93420,100,Bacteria,Bacillota,Clostridia,Tissierellales,Peptoniphilaceae,Finegoldia,Finegoldia magna,Finegoldia magna_1,355
APPS0043_S644,APPS0043_S644_concoct_18,P17,W1,P17_W1,APPS,1,APPS,5/7/23,PR,concoct,1859195,49,55614,100,Bacteria,Bacillota,Bacilli,Lactobacillales,Lactobacillaceae,Limosilactobacillus,Limosilactobacillus fermentum,Limosilactobacillus fermentum_1,211
APPS0043_S644,APPS0043_S644_concoct_33,P17,W1,P17_W1,APPS,1,APPS,5/7/23,PR,concoct,2692324,236,18956,100,Bacteria,Actinomycetota,Actinomycetes,Actinomycetales,Bifidobacteriaceae,Bifidobacterium,Bifidobacterium breve,Bifidobacterium breve_1,95
APPS0043_S644,APPS0043_S644_metabat2_15,P17,W1,P17_W1,APPS,1,APPS,5/7/23,PR,metabat2,2318637,205,16223,100,Bacteria,Bacillota,Bacilli,Erysipelotrichales,Coprobacillaceae,Allocoprobacillus,Allocoprobacillus merdigallinarum,Allocoprobacillus merdigallinarum_1,258
APPS0043_S644,APPS0043_S644_concoct_111,P17,W1,P17_W1,APPS,1,APPS,5/7/23,PR,concoct,4318776,24,383209,98,Bacteria,Bacillota,Clostridia,Eubacteriales,Eubacteriaceae,Eubacterium,Eubacterium callanderi,Eubacterium callanderi_1,53
APPS0043_S644,APPS0043_S644_concoct_1,P17,W1,P17_W1,APPS,1,APPS,5/7/23,PR,concoct,2154923,15,214372,98,Bacteria,Bacillota,Bacilli,Erysipelotrichales,Erysipelotrichaceae,Copranaerobaculum,Copranaerobaculum intestinale,Copranaerobaculum intestinale_1,220
APPS0043_S644,APPS0043_S644_metabat2_32,P17,W1,P17_W1,APPS,1,APPS,5/7/23,PR,metabat2,2374763,180,20520,98,Bacteria,Actinomycetota,Actinomycetes,Mycobacteriales,Mycobacteriaceae,Corynebacterium,Corynebacterium pseudokroppenstedtii,Corynebacterium pseudokroppenstedtii_1,221
APPS0043_S644,APPS0043_S644_metabat2_8,P17,W1,P17_W1,APPS,1,APPS,5/7/23,PR,metabat2,3011132,313,16145,98,Bacteria,Actinomycetota,Coriobacteriia,Coriobacteriales,Eggerthellaceae,Eggerthella,Eggerthella lenta,Eggerthella lenta_1,3
APPS0043_S644,APPS0043_S644_metabat2_17,P17,W1,P17_W1,APPS,1,APPS,5/7/23,PR,metabat2,3404056,29,246853,100,Bacteria,Bacillota,Clostridia,Lachnospirales,Lachnospiraceae,Blautia_A,Blautia_A hydrogenotrophica,Blautia_A hydrogenotrophica_1,48
APPS0043_S644,APPS0043_S644_concoct_90,P17,W1,P17_W1,APPS,1,APPS,5/7/23,PR,concoct,2439050,25,196304,100,Bacteria,Bacillota,Negativicutes,Acidaminococcales,Acidaminococcaceae,Phascolarctobacterium,Phascolarctobacterium faecium,Phascolarctobacterium faecium_2,272
APPS0043_S644,APPS0043_S644_concoct_69,P17,W1,P17_W1,APPS,1,APPS,5/7/23,PR,concoct,2268475,18,211544,96,Bacteria,Bacillota,Clostridia,Peptostreptococcales,Anaerovoracaceae,Fimisoma,Fimisoma sp000435715,Fimisoma sp000435715_1,36
APPS0043_S644,APPS0043_S644_metabat2_67,P17,W1,P17_W1,APPS,1,APPS,5/7/23,PR,metabat2,3474208,15,586768,100,Bacteria,Bacillota,Clostridia,Lachnospirales,Lachnospiraceae,Anaerostipes,Anaerostipes caccae,Anaerostipes caccae_1,56
APPS0043_S644,APPS0043_S644_concoct_34,P17,W1,P17_W1,APPS,1,APPS,5/7/23,PR,concoct,2717738,20,205250,94,Bacteria,Verrucomicrobiota,Verrucomicrobiia,Verrucomicrobiales,Akkermansiaceae,Akkermansia,Akkermansia muciniphila,Akkermansia muciniphila_1,6
APPS0043_S644,APPS0043_S644_concoct_91,P17,W1,P17_W1,APPS,1,APPS,5/7/23,PR,concoct,4124708,63,103983,94,Bacteria,Bacillota,Bacilli,Erysipelotrichales,Erysipelotrichaceae,Clostridium_AQ,Clostridium_AQ sp000165065,Clostridium_AQ sp000165065_1,78
APPS0043_S644,APPS0043_S644_concoct_75,P17,W1,P17_W1,APPS,1,APPS,5/7/23,PR,concoct,2484256,52,90144,96,Bacteria,Bacillota,Clostridia,Oscillospirales,Ruminococcaceae,Fournierella,Fournierella excrementavium,Fournierella excrementavium_1,139
APPS0043_S644,APPS0043_S644_concoct_21,P17,W1,P17_W1,APPS,1,APPS,5/7/23,PR,concoct,3291830,62,74955,96,Bacteria,Bacillota,Clostridia,Oscillospirales,Ruminococcaceae,Fournierella,Fournierella sp900543285,Fournierella sp900543285_1,120
APPS0043_S644,APPS0043_S644_concoct_37,P17,W1,P17_W1,APPS,1,APPS,5/7/23,PR,concoct,2078647,194,16020,96,Bacteria,Bacillota,Bacilli,Erysipelotrichales,Erysipelotrichaceae,Merdibacter,Merdibacter merdigallinarum,Merdibacter merdigallinarum_1,238
APPS0043_S644,APPS0043_S644_concoct_20,P17,W1,P17_W1,APPS,1,APPS,5/7/23,PR,concoct,1993054,486,5004,96,Bacteria,Bacillota,Clostridia,Peptostreptococcales,Anaerovoracaceae,Lentihominibacter,Lentihominibacter excrementipullorum,Lentihominibacter excrementipullorum_1,110
APPS0043_S644,APPS0043_S644_concoct_40,P17,W1,P17_W1,APPS,1,APPS,5/7/23,PR,concoct,2018925,24,173854,98,Bacteria,Bacillota,Clostridia,Oscillospirales,Acutalibacteraceae,UMGS1071,UMGS1071 sp900542375,UMGS1071 sp900542375_1,91
APPS0043_S644,APPS0043_S644_concoct_4,P17,W1,P17_W1,APPS,1,APPS,5/7/23,PR,concoct,3100421,103,59636,98,Bacteria,Bacillota,Bacilli,Lactobacillales,Lactobacillaceae,Lacticaseibacillus,Lacticaseibacillus rhamnosus,Lacticaseibacillus rhamnosus_2,102
APPS0043_S644,APPS0043_S644_metabat2_64,P17,W1,P17_W1,APPS,1,APPS,5/7/23,PR,metabat2,3271436,170,29187,98,Bacteria,Bacillota,Clostridia,Lachnospirales,Lachnospiraceae,Clostridium_AP,Clostridium_AP sp000509125,Clostridium_AP sp000509125_1,34
APPS0043_S644,APPS0043_S644_concoct_80,P17,W1,P17_W1,APPS,1,APPS,5/7/23,PR,concoct,3050920,25,193974,100,Bacteria,Bacillota,Clostridia,Lachnospirales,Lachnospiraceae,Sellimonas,Sellimonas intestinalis,Sellimonas intestinalis_1,42
APPS0043_S644,APPS0043_S644_metabat2_49,P17,W1,P17_W1,APPS,1,APPS,5/7/23,PR,metabat2,2262726,388,8102,94,Bacteria,Bacillota,Clostridia,Christensenellales,Christensenellaceae,Christensenella,Christensenella massiliensis,Christensenella massiliensis_1,274
APPS0043_S644,APPS0043_S644_concoct_84,P17,W1,P17_W1,APPS,1,APPS,5/7/23,PR,concoct,3503324,51,98778,96,Bacteria,Bacillota,Clostridia,Lachnospirales,Lachnospiraceae,Mediterraneibacter,Mediterraneibacter intestinigallinarum,Mediterraneibacter intestinigallinarum_1,538
APPS0043_S644,APPS0043_S644_metabat2_70,P17,W1,P17_W1,APPS,1,APPS,5/7/23,PR,metabat2,3268113,105,46736,96,Bacteria,Bacillota,Clostridia,Oscillospirales,Ruminococcaceae,Ruthenibacterium,Ruthenibacterium lactatiformans,Ruthenibacterium lactatiformans_1,11
APPS0043_S644,APPS0043_S644_concoct_32,P17,W1,P17_W1,APPS,1,APPS,5/7/23,PR,concoct,2647691,234,17596,96,Bacteria,Bacillota,Clostridia,Oscillospirales,Ruminococcaceae,Fumia,Fumia xinanensis,Fumia xinanensis_1,381
APPS0043_S644,APPS0043_S644_concoct_114,P17,W1,P17_W1,APPS,1,APPS,5/7/23,PR,concoct,1527464,441,3994,90,Bacteria,Bacillota,Clostridia,Christensenellales,Christensenellaceae,,Christensenellaceae sp.,Christensenellaceae sp._2,685
APPS0043_S644,APPS0043_S644_concoct_56,P17,W1,P17_W1,APPS,1,APPS,5/7/23,PR,concoct,3059022,41,162416,98,Bacteria,Bacillota,Clostridia,Oscillospirales,Acutalibacteraceae,Fimivicinus,Fimivicinus sp900544375,Fimivicinus sp900544375_1,29
APPS0043_S644,APPS0043_S644_concoct_112,P17,W1,P17_W1,APPS,1,APPS,5/7/23,PR,concoct,8705947,556,40693,100,Bacteria,Bacteroidota,Bacteroidia,Bacteroidales,Bacteroidaceae,Phocaeicola,Phocaeicola vulgatus,NA,NA
APPS0043_S644,APPS0043_S644_metabat2_69,P17,W1,P17_W1,APPS,1,APPS,5/7/23,PR,metabat2,3386883,69,88940,92,Bacteria,Bacillota,Clostridia,Oscillospirales,Acutalibacteraceae,Acutalibacter,Acutalibacter timonensis,Acutalibacter timonensis_1,49
APPS0043_S644,APPS0043_S644_concoct_67,P17,W1,P17_W1,APPS,1,APPS,5/7/23,PR,concoct,2293814,207,20392,92,Bacteria,Bacillota,Clostridia,Oscillospirales,Acutalibacteraceae,Acutalibacter,Acutalibacter ornithocaccae,Acutalibacter ornithocaccae_1,161
APPS0043_S644,APPS0043_S644_concoct_26,P17,W1,P17_W1,APPS,1,APPS,5/7/23,PR,concoct,2207958,450,6181,94,Bacteria,Bacillota,Bacilli,Staphylococcales,Staphylococcaceae,Staphylococcus,Staphylococcus aureus,Staphylococcus aureus_1,268
APPS0043_S644,APPS0043_S644_concoct_92,P17,W1,P17_W1,APPS,1,APPS,5/7/23,PR,concoct,3312592,94,47442,96,Bacteria,Bacillota,Clostridia,Oscillospirales,Acutalibacteraceae,SIG603,SIG603 sp.,SIG603 sp._1,385
APPS0043_S644,APPS0043_S644_metabat2_24,P17,W1,P17_W1,APPS,1,APPS,5/7/23,PR,metabat2,4760917,305,21933,94,Bacteria,Bacillota,Clostridia,Lachnospirales,Lachnospiraceae,Otoolea,Otoolea symbiosa,Otoolea symbiosa_1,149
APPS0043_S644,APPS0043_S644_concoct_8,P17,W1,P17_W1,APPS,1,APPS,5/7/23,PR,concoct,1207358,328,3993,86,Bacteria,Fusobacteriota,Fusobacteriia,Fusobacteriales,Fusobacteriaceae,Fusobacterium,Fusobacterium animalis,Fusobacterium animalis_1,626
APPS0043_S644,APPS0043_S644_metabat2_1,P17,W1,P17_W1,APPS,1,APPS,5/7/23,PR,metabat2,1737269,35,65456,76,Bacteria,Bacillota,Clostridia,Oscillospirales,Acutalibacteraceae,Acutalibacter,Acutalibacter sp905215055,Acutalibacter sp905215055_1,289
APPS0043_S644,APPS0043_S644_concoct_59,P17,W1,P17_W1,APPS,1,APPS,5/7/23,PR,concoct,3492003,132,70255,98,Unclassified Bacteria,NA,NA,NA,NA,NA,Unclassified Bacteria sp.,NA,NA
APPS0043_S644,APPS0043_S644_metabat2_46,P17,W1,P17_W1,APPS,1,APPS,5/7/23,PR,metabat2,2174046,661,3585,73,Bacteria,Bacillota,Clostridia,Oscillospirales,Oscillospiraceae,Oscillibacter,Oscillibacter welbionis,Oscillibacter welbionis_1,105
APPS0043_S644,APPS0043_S644_concoct_50,P17,W1,P17_W1,APPS,1,APPS,5/7/23,PR,concoct,2559321,84,52972,75,Bacteria,Bacillota,Clostridia,Lachnospirales,Lachnospiraceae,Claveliimonas,Claveliimonas monacensis,Claveliimonas monacensis_1,564
APPS0043_S644,APPS0043_S644_metabat2_80,P17,W1,P17_W1,APPS,1,APPS,5/7/23,PR,metabat2,2145232,65,80756,67,Bacteria,Bacillota,Clostridia,Lachnospirales,Lachnospiraceae,Ruminococcus_B,Ruminococcus_B gnavus,NA,NA
APPS0043_S644,APPS0043_S644_concoct_74,P17,W1,P17_W1,APPS,1,APPS,5/7/23,PR,concoct,3723953,470,11065,67,Bacteria,Actinomycetota,Coriobacteriia,Coriobacteriales,Eggerthellaceae,Eggerthella,Eggerthella lenta,NA,NA
APPS0043_S644,APPS0043_S644_metabat2_73,P17,W1,P17_W1,APPS,1,APPS,5/7/23,PR,metabat2,2026588,650,3288,65,Bacteria,Bacillota,Clostridia,Christensenellales,UMGS416,Parachristensenella,Parachristensenella sp900542005,Parachristensenella sp900542005_1,471
APPS0043_S644,APPS0043_S644_metabat2_29,P17,W1,P17_W1,APPS,1,APPS,5/7/23,PR,metabat2,4275620,351,23019,63,Bacteria,Bacillota,Clostridia,Peptostreptococcales,Anaerovoracaceae,Emergencia,Emergencia timonensis,Emergencia timonensis_1,171
APPS0043_S644,APPS0043_S644_concoct_41,P17,W1,P17_W1,APPS,1,APPS,5/7/23,PR,concoct,4122002,774,6380,65,Bacteria,Bacillota,Clostridia,Lachnospirales,Lachnospiraceae,Diplocloster,Diplocloster modestus,Diplocloster modestus_1,483
APPS0043_S644,APPS0043_S644_maxbin2_065,P17,W1,P17_W1,APPS,1,APPS,5/7/23,PR,maxbin2,3044892,1265,2446,63,Bacteria,Bacillota,Clostridia,Lachnospirales,Lachnospiraceae,Eisenbergiella,Eisenbergiella sp.,NA,NA
APPS0043_S644,APPS0043_S644_concoct_108,P17,W1,P17_W1,APPS,1,APPS,5/7/23,PR,concoct,1344144,158,11018,84,Bacteria,Bacillota,Clostridia,Lachnospirales,Lachnospiraceae,Blautia_A,Blautia_A hydrogenotrophica,NA,NA
APPS0043_S644,APPS0043_S644_concoct_96,P17,W1,P17_W1,APPS,1,APPS,5/7/23,PR,concoct,1968480,104,50199,69,Bacteria,Bacillota,Clostridia,Lachnospirales,Lachnospiraceae,Ruminococcus_B,Ruminococcus_B gnavus,Ruminococcus_B gnavus_1,198
APPS0043_S644,APPS0043_S644_concoct_101,P17,W1,P17_W1,APPS,1,APPS,5/7/23,PR,concoct,1709574,308,8314,51,Bacteria,Bacillota,Bacilli,Lactobacillales,Lactobacillaceae,Lactobacillus,Lactobacillus paragasseri,Lactobacillus paragasseri_1,175
APPS0045_S645,APPS0045_S645_concoct_126,P18,W1,P18_W1,APPS,1,APPS,5/7/23,PR,concoct,1945007,13,333772,100,Bacteria,Actinomycetota,Actinomycetes,Mycobacteriales,Mycobacteriaceae,Lawsonella,Lawsonella sp018376445,Lawsonella sp018376445_1,253
APPS0045_S645,APPS0045_S645_concoct_16,P18,W1,P18_W1,APPS,1,APPS,5/7/23,PR,concoct,1964200,35,263852,100,Bacteria,Bacillota,Clostridia,Tissierellales,Peptoniphilaceae,Anaerococcus,Anaerococcus vaginalis,Anaerococcus vaginalis_1,260
APPS0045_S645,APPS0045_S645_concoct_51,P18,W1,P18_W1,APPS,1,APPS,5/7/23,PR,concoct,3395373,61,182938,100,Bacteria,Bacteroidota,Bacteroidia,Bacteroidales,Rikenellaceae,Alistipes,Alistipes onderdonkii,Alistipes onderdonkii_1,14
APPS0045_S645,APPS0045_S645_metabat2_47,P18,W1,P18_W1,APPS,1,APPS,5/7/23,PR,metabat2,4445506,68,105016,100,Bacteria,Bacteroidota,Bacteroidia,Bacteroidales,Tannerellaceae,Parabacteroides,Parabacteroides distasonis,Parabacteroides distasonis_1,1
APPS0045_S645,APPS0045_S645_concoct_34,P18,W1,P18_W1,APPS,1,APPS,5/7/23,PR,concoct,2420542,51,86286,100,Bacteria,Actinomycetota,Actinomycetes,Actinomycetales,Bifidobacteriaceae,Bifidobacterium,Bifidobacterium longum,Bifidobacterium longum_1,13
APPS0045_S645,APPS0045_S645_concoct_26,P18,W1,P18_W1,APPS,1,APPS,5/7/23,PR,concoct,1767991,40,81512,100,Bacteria,Bacteroidota,Bacteroidia,Bacteroidales,Porphyromonadaceae,Porphyromonas,Porphyromonas sp902489445,Porphyromonas sp902489445_1,114
APPS0045_S645,APPS0045_S645_concoct_10,P18,W1,P18_W1,APPS,1,APPS,5/7/23,PR,concoct,4092388,102,74492,100,Bacteria,Bacteroidota,Bacteroidia,Bacteroidales,Tannerellaceae,Parabacteroides,Parabacteroides merdae,Parabacteroides merdae_1,28
APPS0045_S645,APPS0045_S645_concoct_5,P18,W1,P18_W1,APPS,1,APPS,5/7/23,PR,concoct,2015209,62,55993,100,Bacteria,Bacteroidota,Bacteroidia,Bacteroidales,Porphyromonadaceae,Porphyromonas_A,Porphyromonas_A sp900541275,Porphyromonas_A sp900541275_1,332
APPS0045_S645,APPS0045_S645_metabat2_88,P18,W1,P18_W1,APPS,1,APPS,5/7/23,PR,metabat2,4299773,150,44450,100,Bacteria,Bacteroidota,Bacteroidia,Bacteroidales,Marinifilaceae,Butyricimonas,Butyricimonas virosa,Butyricimonas virosa_1,317
APPS0045_S645,APPS0045_S645_metabat2_38,P18,W1,P18_W1,APPS,1,APPS,5/7/23,PR,metabat2,2654094,110,37789,100,Bacteria,Bacteroidota,Bacteroidia,Bacteroidales,Rikenellaceae,Alistipes_A,Alistipes_A indistinctus,Alistipes_A indistinctus_1,533
APPS0045_S645,APPS0045_S645_concoct_108,P18,W1,P18_W1,APPS,1,APPS,5/7/23,PR,concoct,2122041,134,27615,100,NA,NA,NA,NA,NA,NA,NA,NA_4,586
APPS0045_S645,APPS0045_S645_metabat2_2,P18,W1,P18_W1,APPS,1,APPS,5/7/23,PR,metabat2,3827251,216,25448,100,Bacteria,Bacteroidota,Bacteroidia,Bacteroidales,Marinifilaceae,Odoribacter,Odoribacter splanchnicus,Odoribacter splanchnicus_1,21
APPS0045_S645,APPS0045_S645_concoct_100,P18,W1,P18_W1,APPS,1,APPS,5/7/23,PR,concoct,1977763,37,101139,98,Bacteria,Bacillota,Bacilli,Erysipelotrichales,Erysipelotrichaceae,Massilicoli,Massilicoli timonensis,Massilicoli timonensis_1,134
APPS0045_S645,APPS0045_S645_metabat2_27,P18,W1,P18_W1,APPS,1,APPS,5/7/23,PR,metabat2,1826183,38,71822,98,Bacteria,Bacillota,Clostridia,Oscillospirales,Oscillospiraceae,Vescimonas,Vescimonas coprocola,Vescimonas coprocola_1,7
APPS0045_S645,APPS0045_S645_metabat2_44,P18,W1,P18_W1,APPS,1,APPS,5/7/23,PR,metabat2,4268720,120,59852,98,Bacteria,Desulfobacterota_I,Desulfovibrionia,Desulfovibrionales,Desulfovibrionaceae,Bilophila,Bilophila wadsworthia,Bilophila wadsworthia_1,41
APPS0045_S645,APPS0045_S645_concoct_121,P18,W1,P18_W1,APPS,1,APPS,5/7/23,PR,concoct,2382722,208,15181,98,Bacteria,Bacteroidota,Bacteroidia,Bacteroidales,Rikenellaceae,Alistipes_A,Alistipes_A ihumii,Alistipes_A ihumii_1,194
APPS0045_S645,APPS0045_S645_concoct_19,P18,W1,P18_W1,APPS,1,APPS,5/7/23,PR,concoct,5166870,62,186202,100,Bacteria,Pseudomonadota,Gammaproteobacteria,Enterobacterales,Enterobacteriaceae,Escherichia,Escherichia coli,Escherichia coli_1,16
APPS0045_S645,APPS0045_S645_concoct_45,P18,W1,P18_W1,APPS,1,APPS,5/7/23,PR,concoct,2354386,21,131459,100,Bacteria,Bacillota,Clostridia,Eubacteriales,Eubacteriaceae,Pseudoramibacter,Pseudoramibacter alactolyticus,Pseudoramibacter alactolyticus_1,639
APPS0045_S645,APPS0045_S645_concoct_62,P18,W1,P18_W1,APPS,1,APPS,5/7/23,PR,concoct,2465347,82,54737,100,Bacteria,Bacillota,Clostridia,Lachnospirales,Lachnospiraceae,Mediterraneibacter,Mediterraneibacter torques,Mediterraneibacter torques_1,5
APPS0045_S645,APPS0045_S645_metabat2_87,P18,W1,P18_W1,APPS,1,APPS,5/7/23,PR,metabat2,3191693,114,51333,100,Bacteria,Actinomycetota,Coriobacteriia,Coriobacteriales,Eggerthellaceae,Eggerthella,Eggerthella lenta,Eggerthella lenta_1,3
APPS0045_S645,APPS0045_S645_metabat2_29,P18,W1,P18_W1,APPS,1,APPS,5/7/23,PR,metabat2,4111461,142,60107,96,Bacteria,Bacteroidota,Bacteroidia,Bacteroidales,Bacteroidaceae,Phocaeicola,Phocaeicola massiliensis,Phocaeicola massiliensis_1,348
APPS0045_S645,APPS0045_S645_concoct_4,P18,W1,P18_W1,APPS,1,APPS,5/7/23,PR,concoct,2635787,506,6906,96,Bacteria,Pseudomonadota,Gammaproteobacteria,Burkholderiales,Burkholderiaceae,Sutterella,Sutterella wadsworthensis,Sutterella wadsworthensis_1,443
APPS0045_S645,APPS0045_S645_concoct_105,P18,W1,P18_W1,APPS,1,APPS,5/7/23,PR,concoct,2481591,86,46820,98,Bacteria,Bacillota,Clostridia,Lachnospirales,Lachnospiraceae,Frisingicoccus,Frisingicoccus sp.,Frisingicoccus sp._1,508
APPS0045_S645,APPS0045_S645_concoct_18,P18,W1,P18_W1,APPS,1,APPS,5/7/23,PR,concoct,2663389,122,35800,98,Bacteria,Bacillota,Clostridia,Oscillospirales,Oscillospiraceae,Scatomorpha,Scatomorpha intestinigallinarum,Scatomorpha intestinigallinarum_1,74
APPS0045_S645,APPS0045_S645_concoct_48,P18,W1,P18_W1,APPS,1,APPS,5/7/23,PR,concoct,3937256,209,33089,98,Bacteria,Bacillota,Clostridia,Oscillospirales,Oscillospiraceae,UMGS1202,UMGS1202 sp900549565,UMGS1202 sp900549565_1,279
APPS0045_S645,APPS0045_S645_metabat2_80,P18,W1,P18_W1,APPS,1,APPS,5/7/23,PR,metabat2,3472568,19,370934,100,Bacteria,Bacillota,Clostridia,Lachnospirales,Lachnospiraceae,Anaerostipes,Anaerostipes caccae,Anaerostipes caccae_1,56
APPS0045_S645,APPS0045_S645_maxbin2_009,P18,W1,P18_W1,APPS,1,APPS,5/7/23,PR,maxbin2,1641968,46,180578,94,Bacteria,Campylobacterota,Campylobacteria,Campylobacterales,Campylobacteraceae,Campylobacter_B,Campylobacter_B hominis,Campylobacter_B hominis_1,115
APPS0045_S645,APPS0045_S645_concoct_37,P18,W1,P18_W1,APPS,1,APPS,5/7/23,PR,concoct,4259953,96,78868,94,Bacteria,Bacillota,Bacilli,Erysipelotrichales,Erysipelotrichaceae,Clostridium_AQ,Clostridium_AQ innocuum,Clostridium_AQ innocuum_1,20
APPS0045_S645,APPS0045_S645_metabat2_18,P18,W1,P18_W1,APPS,1,APPS,5/7/23,PR,metabat2,3316134,22,257533,96,Bacteria,Bacillota,Clostridia,Lachnospirales,Lachnospiraceae,Blautia_A,Blautia_A hydrogenotrophica,Blautia_A hydrogenotrophica_1,48
APPS0045_S645,APPS0045_S645_metabat2_35,P18,W1,P18_W1,APPS,1,APPS,5/7/23,PR,metabat2,1841294,42,150660,96,Bacteria,Bacillota,Clostridia,Peptostreptococcales,Anaerovoracaceae,S5-A14a,S5-A14a sp900553025,S5-A14a sp900553025_1,113
APPS0045_S645,APPS0045_S645_metabat2_7,P18,W1,P18_W1,APPS,1,APPS,5/7/23,PR,metabat2,2253001,46,69011,96,Bacteria,Bacillota,Clostridia,Oscillospirales,Oscillospiraceae,Faecousia,Faecousia intestinalis,Faecousia intestinalis_1,65
APPS0045_S645,APPS0045_S645_metabat2_81,P18,W1,P18_W1,APPS,1,APPS,5/7/23,PR,metabat2,3074368,80,61314,98,Bacteria,Bacillota,Clostridia,Oscillospirales,Ruminococcaceae,Anaerotruncus,Anaerotruncus massiliensis,Anaerotruncus massiliensis_1,158
APPS0045_S645,APPS0045_S645_concoct_17,P18,W1,P18_W1,APPS,1,APPS,5/7/23,PR,concoct,1817937,387,6225,92,Bacteria,Bacteroidota,Bacteroidia,Flavobacteriales,UBA1820,Merdimorpha,Merdimorpha sp003150615,Merdimorpha sp003150615_1,470
APPS0045_S645,APPS0045_S645_concoct_116,P18,W1,P18_W1,APPS,1,APPS,5/7/23,PR,concoct,1907191,20,270055,94,Bacteria,Bacillota,Clostridia,Oscillospirales,Oscillospiraceae,Hominicoprocola,Hominicoprocola sp900317525,Hominicoprocola sp900317525_1,38
APPS0045_S645,APPS0045_S645_concoct_68,P18,W1,P18_W1,APPS,1,APPS,5/7/23,PR,concoct,3418875,41,204251,94,Bacteria,Bacillota,Clostridia,Oscillospirales,Ruminococcaceae,Fournierella,Fournierella sp900543285,Fournierella sp900543285_1,120
APPS0045_S645,APPS0045_S645_metabat2_65,P18,W1,P18_W1,APPS,1,APPS,5/7/23,PR,metabat2,2061994,72,47630,92,Bacteria,Bacillota,Clostridia,Oscillospirales,Oscillospiraceae,Evtepia,Evtepia gabavorous,Evtepia gabavorous_1,19
APPS0045_S645,APPS0045_S645_concoct_22,P18,W1,P18_W1,APPS,1,APPS,5/7/23,PR,concoct,1513720,368,5207,92,Bacteria,Bacillota,Bacilli,Erysipelotrichales,Erysipelotrichaceae,Faecalitalea,Faecalitalea cylindroides,Faecalitalea cylindroides_1,341
APPS0045_S645,APPS0045_S645_metabat2_40,P18,W1,P18_W1,APPS,1,APPS,5/7/23,PR,metabat2,2949349,44,94288,98,Bacteria,Bacillota,Clostridia,Oscillospirales,Acutalibacteraceae,Fimivicinus,Fimivicinus sp900544375,Fimivicinus sp900544375_1,29
APPS0045_S645,APPS0045_S645_concoct_67,P18,W1,P18_W1,APPS,1,APPS,5/7/23,PR,concoct,1699215,698,2808,90,Bacteria,Bacillota,Clostridia,Christensenellales,,,Christensenellales sp.,Christensenellales sp._1,224
APPS0045_S645,APPS0045_S645_concoct_64,P18,W1,P18_W1,APPS,1,APPS,5/7/23,PR,concoct,3837746,54,115331,92,Bacteria,Bacillota,Clostridia,Lachnospirales,Lachnospiraceae,Extibacter,Extibacter hylemonae,Extibacter hylemonae_1,125
APPS0045_S645,APPS0045_S645_metabat2_42,P18,W1,P18_W1,APPS,1,APPS,5/7/23,PR,metabat2,3382758,309,15063,92,Bacteria,Bacillota,Clostridia,Oscillospirales,Acutalibacteraceae,Acutalibacter,Acutalibacter timonensis,Acutalibacter timonensis_1,49
APPS0045_S645,APPS0045_S645_metabat2_46,P18,W1,P18_W1,APPS,1,APPS,5/7/23,PR,metabat2,2016575,78,56318,86,Bacteria,Bacteroidota,Bacteroidia,Bacteroidales,Rikenellaceae,Alistipes,Alistipes putredinis,Alistipes putredinis_1,4
APPS0045_S645,APPS0045_S645_metabat2_14,P18,W1,P18_W1,APPS,1,APPS,5/7/23,PR,metabat2,1977172,182,16421,86,Bacteria,Bacteroidota,Bacteroidia,Bacteroidales,Porphyromonadaceae,Porphyromonas,Porphyromonas sp902489635,Porphyromonas sp902489635_2,568
APPS0045_S645,APPS0045_S645_concoct_70,P18,W1,P18_W1,APPS,1,APPS,5/7/23,PR,concoct,7383839,136,88946,98,Bacteria,Bacillota,Clostridia,Lachnospirales,Lachnospiraceae,Eisenbergiella,Eisenbergiella tayi,Eisenbergiella tayi_1,79
APPS0045_S645,APPS0045_S645_metabat2_16,P18,W1,P18_W1,APPS,1,APPS,5/7/23,PR,metabat2,2516923,47,87462,90,Bacteria,Bacillota,Clostridia,Christensenellales,Aristaeellaceae,Limiplasma,Limiplasma pullistercoris,Limiplasma pullistercoris_1,433
APPS0045_S645,APPS0045_S645_metabat2_74,P18,W1,P18_W1,APPS,1,APPS,5/7/23,PR,metabat2,3186746,104,54422,92,Bacteria,Bacillota,Clostridia,Oscillospirales,Ruminococcaceae,Ruthenibacterium,Ruthenibacterium lactatiformans,Ruthenibacterium lactatiformans_1,11
APPS0045_S645,APPS0045_S645_concoct_110,P18,W1,P18_W1,APPS,1,APPS,5/7/23,PR,concoct,3616040,81,105390,86,Bacteria,Bacillota,Clostridia,Lachnospirales,Lachnospiraceae,Clostridium_AP,Clostridium_AP sp000509125,Clostridium_AP sp000509125_1,34
APPS0045_S645,APPS0045_S645_metabat2_84,P18,W1,P18_W1,APPS,1,APPS,5/7/23,PR,metabat2,6031106,127,89882,65,Bacteria,Bacillota,Clostridia,Lachnospirales,Lachnospiraceae,Hungatella,Hungatella hathewayi,Hungatella hathewayi_1,514
APPS0045_S645,APPS0045_S645_concoct_28,P18,W1,P18_W1,APPS,1,APPS,5/7/23,PR,concoct,1060114,319,3512,59,Bacteria,Bacillota,Clostridia,Peptostreptococcales,Anaerovoracaceae,Hominibacterium,Hominibacterium faecale,NA,NA
APPS0045_S645,APPS0045_S645_concoct_104,P18,W1,P18_W1,APPS,1,APPS,5/7/23,PR,concoct,9512087,722,17100,73,Unclassified Bacteria,NA,NA,NA,NA,NA,Unclassified Bacteria sp.,NA,NA
APPS0047_S646,APPS0047_S646_concoct_88,P20,W1,P20_W1,APPS,1,APPS,5/7/23,PR,concoct,2272825,17,242786,100,Bacteria,Bacillota,Clostridia,Oscillospirales,Oscillospiraceae,CAG-103,CAG-103 sp900543625,CAG-103 sp900543625_1,54
APPS0047_S646,APPS0047_S646_concoct_14,P20,W1,P20_W1,APPS,1,APPS,5/7/23,PR,concoct,3580737,53,201753,100,Bacteria,Bacteroidota,Bacteroidia,Bacteroidales,Rikenellaceae,Alistipes,Alistipes onderdonkii,Alistipes onderdonkii_1,14
APPS0047_S646,APPS0047_S646_metabat2_25,P20,W1,P20_W1,APPS,1,APPS,5/7/23,PR,metabat2,4485220,55,127448,100,Bacteria,Bacteroidota,Bacteroidia,Bacteroidales,Tannerellaceae,Parabacteroides,Parabacteroides distasonis,Parabacteroides distasonis_1,1
APPS0047_S646,APPS0047_S646_metabat2_46,P20,W1,P20_W1,APPS,1,APPS,5/7/23,PR,metabat2,3154548,59,88797,100,Bacteria,Actinomycetota,Coriobacteriia,Coriobacteriales,Eggerthellaceae,Eggerthella,Eggerthella lenta,Eggerthella lenta_1,3
APPS0047_S646,APPS0047_S646_metabat2_97,P20,W1,P20_W1,APPS,1,APPS,5/7/23,PR,metabat2,1953586,64,43849,100,Bacteria,Actinomycetota,Actinomycetes,Actinomycetales,Actinomycetaceae,Varibaculum,Varibaculum sp902489465,Varibaculum sp902489465_1,574
APPS0047_S646,APPS0047_S646_metabat2_53,P20,W1,P20_W1,APPS,1,APPS,5/7/23,PR,metabat2,2652492,99,39479,100,Bacteria,Desulfobacterota_I,Desulfovibrionia,Desulfovibrionales,Desulfovibrionaceae,Desulfovibrio,Desulfovibrio sp900556755,Desulfovibrio sp900556755_1,699
APPS0047_S646,APPS0047_S646_concoct_118,P20,W1,P20_W1,APPS,1,APPS,5/7/23,PR,concoct,2949362,53,116393,98,Bacteria,Bacillota,Bacilli,Erysipelotrichales,Erysipelotrichaceae,Longicatena,Longicatena caecimuris,Longicatena caecimuris_1,107
APPS0047_S646,APPS0047_S646_concoct_128,P20,W1,P20_W1,APPS,1,APPS,5/7/23,PR,concoct,4572290,100,91132,98,Bacteria,Desulfobacterota_I,Desulfovibrionia,Desulfovibrionales,Desulfovibrionaceae,Bilophila,Bilophila wadsworthia,Bilophila wadsworthia_1,41
APPS0047_S646,APPS0047_S646_concoct_99,P20,W1,P20_W1,APPS,1,APPS,5/7/23,PR,concoct,1347832,222,8277,98,Bacteria,Actinomycetota,Coriobacteriia,Coriobacteriales,Atopobiaceae,Fannyhessea,Fannyhessea vaginae,Fannyhessea vaginae_1,485
APPS0047_S646,APPS0047_S646_concoct_48,P20,W1,P20_W1,APPS,1,APPS,5/7/23,PR,concoct,5453309,48,182721,100,Bacteria,Pseudomonadota,Gammaproteobacteria,Enterobacterales,Enterobacteriaceae,Klebsiella,Klebsiella pneumoniae,Klebsiella pneumoniae_1,83
APPS0047_S646,APPS0047_S646_metabat2_66,P20,W1,P20_W1,APPS,1,APPS,5/7/23,PR,metabat2,2656322,149,31418,96,Bacteria,Bacillota,Bacilli,Lactobacillales,Enterococcaceae,Enterococcus,Enterococcus faecalis,Enterococcus faecalis_1,2
APPS0047_S646,APPS0047_S646_metabat2_39,P20,W1,P20_W1,APPS,1,APPS,5/7/23,PR,metabat2,3918565,248,23684,96,Bacteria,Bacteroidota,Bacteroidia,Bacteroidales,Tannerellaceae,Parabacteroides,Parabacteroides merdae,Parabacteroides merdae_1,28
APPS0047_S646,APPS0047_S646_metabat2_110,P20,W1,P20_W1,APPS,1,APPS,5/7/23,PR,metabat2,2031616,345,7290,96,Bacteria,Pseudomonadota,Gammaproteobacteria,Burkholderiales,Burkholderiaceae,Sutterella,Sutterella wadsworthensis_A,Sutterella wadsworthensis_A_1,10
APPS0047_S646,APPS0047_S646_concoct_120,P20,W1,P20_W1,APPS,1,APPS,5/7/23,PR,concoct,2308553,11,262244,98,Bacteria,Bacillota,Clostridia,Oscillospirales,Acutalibacteraceae,CAG-177,CAG-177 sp003514385,CAG-177 sp003514385_1,59
APPS0047_S646,APPS0047_S646_concoct_44,P20,W1,P20_W1,APPS,1,APPS,5/7/23,PR,concoct,2869066,71,73784,98,Bacteria,Bacillota,Clostridia,Lachnospirales,Lachnospiraceae,Claveliimonas,Claveliimonas stercoravium,Claveliimonas stercoravium_1,565
APPS0047_S646,APPS0047_S646_concoct_7,P20,W1,P20_W1,APPS,1,APPS,5/7/23,PR,concoct,3163029,48,95329,100,Bacteria,Bacillota,Clostridia,Lachnospirales,Lachnospiraceae,Blautia_A,Blautia_A caecimuris,Blautia_A caecimuris_1,165
APPS0047_S646,APPS0047_S646_metabat2_57,P20,W1,P20_W1,APPS,1,APPS,5/7/23,PR,metabat2,2223489,31,143132,94,Bacteria,Bacillota,Clostridia,Peptostreptococcales,Anaerovoracaceae,Fimisoma,Fimisoma sp000435715,Fimisoma sp000435715_1,36
APPS0047_S646,APPS0047_S646_maxbin2_019,P20,W1,P20_W1,APPS,1,APPS,5/7/23,PR,maxbin2,1733940,79,79276,94,Bacteria,Campylobacterota,Campylobacteria,Campylobacterales,Campylobacteraceae,Campylobacter_B,Campylobacter_B hominis,Campylobacter_B hominis_1,115
APPS0047_S646,APPS0047_S646_metabat2_109,P20,W1,P20_W1,APPS,1,APPS,5/7/23,PR,metabat2,1844974,194,15497,94,Bacteria,Bacillota,Negativicutes,Veillonellales,Megasphaeraceae,Megasphaera,Megasphaera massiliensis,Megasphaera massiliensis_1,266
APPS0047_S646,APPS0047_S646_concoct_13,P20,W1,P20_W1,APPS,1,APPS,5/7/23,PR,concoct,2649352,40,163036,96,Bacteria,Bacillota,Clostridia,Oscillospirales,Ruminococcaceae,Ruthenibacterium,Ruthenibacterium sp018380115,Ruthenibacterium sp018380115_1,118
APPS0047_S646,APPS0047_S646_metabat2_112,P20,W1,P20_W1,APPS,1,APPS,5/7/23,PR,metabat2,2476314,200,16796,96,Bacteria,Bacillota,Clostridia,Oscillospirales,Ruminococcaceae,Gemmiger,Gemmiger qucibialis,Gemmiger qucibialis_1,12
APPS0047_S646,APPS0047_S646_concoct_5,P20,W1,P20_W1,APPS,1,APPS,5/7/23,PR,concoct,1705443,275,7595,96,Bacteria,Bacillota,Clostridia,Peptostreptococcales,Anaerovoracaceae,Mogibacterium_A,Mogibacterium_A kristiansenii,Mogibacterium_A kristiansenii_1,334
APPS0047_S646,APPS0047_S646_metabat2_89,P20,W1,P20_W1,APPS,1,APPS,5/7/23,PR,metabat2,2546155,35,126681,98,Bacteria,Bacillota,Clostridia,Oscillospirales,Acutalibacteraceae,Hominenteromicrobium,Hominenteromicrobium sp900549945,Hominenteromicrobium sp900549945_1,92
APPS0047_S646,APPS0047_S646_metabat2_12,P20,W1,P20_W1,APPS,1,APPS,5/7/23,PR,metabat2,1374871,39,55442,98,Bacteria,Bacillota,Clostridia,Lachnospirales,Lachnospiraceae,UBA4285,UBA4285 sp900545225,UBA4285 sp900545225_1,552
APPS0047_S646,APPS0047_S646_metabat2_85,P20,W1,P20_W1,APPS,1,APPS,5/7/23,PR,metabat2,1843436,36,110196,94,Bacteria,Bacillota,Clostridia,Oscillospirales,Ruminococcaceae,UBA3818,UBA3818 sp904397845,UBA3818 sp904397845_1,495
APPS0047_S646,APPS0047_S646_metabat2_103,P20,W1,P20_W1,APPS,1,APPS,5/7/23,PR,metabat2,2907778,112,54202,96,Bacteria,Bacillota,Clostridia,Oscillospirales,Ruminococcaceae,Ruthenibacterium,Ruthenibacterium lactatiformans,Ruthenibacterium lactatiformans_1,11
APPS0047_S646,APPS0047_S646_concoct_31,P20,W1,P20_W1,APPS,1,APPS,5/7/23,PR,concoct,3870198,26,252666,96,Bacteria,Bacillota,Clostridia,Lachnospirales,Lachnospiraceae,Clostridium_AP,Clostridium_AP sp000509125,Clostridium_AP sp000509125_1,34
APPS0047_S646,APPS0047_S646_concoct_124,P20,W1,P20_W1,APPS,1,APPS,5/7/23,PR,concoct,3548793,57,90875,94,Bacteria,Bacillota,Clostridia,Lachnospirales,Lachnospiraceae,Blautia_A,Blautia_A faecipullorum,Blautia_A faecipullorum_1,504
APPS0047_S646,APPS0047_S646_concoct_45,P20,W1,P20_W1,APPS,1,APPS,5/7/23,PR,concoct,3745582,291,19003,88,Bacteria,Bacteroidota,Bacteroidia,Bacteroidales,Marinifilaceae,Odoribacter,Odoribacter splanchnicus,Odoribacter splanchnicus_1,21
APPS0047_S646,APPS0047_S646_metabat2_80,P20,W1,P20_W1,APPS,1,APPS,5/7/23,PR,metabat2,1700007,42,113858,90,Bacteria,Bacillota,Clostridia,Oscillospirales,Oscillospiraceae,Evtepia,Evtepia gabavorous,Evtepia gabavorous_1,19
APPS0047_S646,APPS0047_S646_concoct_76,P20,W1,P20_W1,APPS,1,APPS,5/7/23,PR,concoct,2426586,69,57327,90,Bacteria,Bacillota,Clostridia,Lachnospirales,Lachnospiraceae,Mediterraneibacter,Mediterraneibacter torques,Mediterraneibacter torques_1,5
APPS0047_S646,APPS0047_S646_concoct_40,P20,W1,P20_W1,APPS,1,APPS,5/7/23,PR,concoct,4150987,76,191686,100,Bacteria,Bacillota,Clostridia,Lachnospirales,Lachnospiraceae,Sellimonas,Sellimonas intestinalis,Sellimonas intestinalis_1,42
APPS0047_S646,APPS0047_S646_metabat2_44,P20,W1,P20_W1,APPS,1,APPS,5/7/23,PR,metabat2,5488473,333,25750,96,Bacteria,Bacillota,Clostridia,Lachnospirales,Lachnospiraceae,Otoolea,Otoolea symbiosa,NA,NA
APPS0047_S646,APPS0047_S646_metabat2_94,P20,W1,P20_W1,APPS,1,APPS,5/7/23,PR,metabat2,1650710,195,11345,82,Bacteria,Bacteroidota,Bacteroidia,Bacteroidales,Rikenellaceae,Alistipes,Alistipes putredinis,Alistipes putredinis_1,4
APPS0047_S646,APPS0047_S646_metabat2_17,P20,W1,P20_W1,APPS,1,APPS,5/7/23,PR,metabat2,2628248,498,6559,82,Bacteria,Bacillota,Clostridia,Oscillospirales,Ruminococcaceae,Anaerotruncus,Anaerotruncus colihominis,Anaerotruncus colihominis_1,188
APPS0047_S646,APPS0047_S646_metabat2_84,P20,W1,P20_W1,APPS,1,APPS,5/7/23,PR,metabat2,5126231,368,21620,88,Bacteria,Bacillota,Clostridia,Lachnospirales,Lachnospiraceae,Diplocloster,Diplocloster hominis,Diplocloster hominis_1,484
APPS0047_S646,APPS0047_S646_concoct_82,P20,W1,P20_W1,APPS,1,APPS,5/7/23,PR,concoct,1450046,368,5006,84,Bacteria,Bacillota,Clostridia,Christensenellales,QAND01,QAND01,QAND01 sp003150225,QAND01 sp003150225_1,302
APPS0047_S646,APPS0047_S646_metabat2_9,P20,W1,P20_W1,APPS,1,APPS,5/7/23,PR,metabat2,3646509,204,31950,76,Bacteria,Bacillota,Bacilli,Erysipelotrichales,Erysipelotrichaceae,Clostridium_AQ,Clostridium_AQ innocuum,Clostridium_AQ innocuum_1,20
APPS0047_S646,APPS0047_S646_concoct_126,P20,W1,P20_W1,APPS,1,APPS,5/7/23,PR,concoct,3513740,493,11283,92,Bacteria,Actinomycetota,Actinomycetes,Actinomycetales,Bifidobacteriaceae,Bifidobacterium,Bifidobacterium breve,NA,NA
APPS0047_S646,APPS0047_S646_metabat2_86,P20,W1,P20_W1,APPS,1,APPS,5/7/23,PR,metabat2,3396396,150,36318,73,Bacteria,Bacillota,Clostridia,Lachnospirales,Lachnospiraceae,Enterocloster,Enterocloster excrementigallinarum,Enterocloster excrementigallinarum_1,502
APPS0047_S646,APPS0047_S646_concoct_65,P20,W1,P20_W1,APPS,1,APPS,5/7/23,PR,concoct,2145730,840,2839,75,Bacteria,Desulfobacterota_I,Desulfovibrionia,Desulfovibrionales,Desulfovibrionaceae,Mailhella,Mailhella merdigallinarum,Mailhella merdigallinarum_1,366
APPS0047_S646,APPS0047_S646_metabat2_71,P20,W1,P20_W1,APPS,1,APPS,5/7/23,PR,metabat2,2188355,313,10903,71,Bacteria,Bacillota,Bacilli,Erysipelotrichales,Coprobacillaceae,Allocoprobacillus,Allocoprobacillus merdigallinarum,Allocoprobacillus merdigallinarum_1,258
APPS0047_S646,APPS0047_S646_concoct_107,P20,W1,P20_W1,APPS,1,APPS,5/7/23,PR,concoct,2637858,232,17295,73,Bacteria,Bacillota,Bacilli,Erysipelotrichales,Coprobacillaceae,Allocoprobacillus,Allocoprobacillus sp002160865,NA,NA
APPS0047_S646,APPS0047_S646_metabat2_28,P20,W1,P20_W1,APPS,1,APPS,5/7/23,PR,metabat2,2612666,113,34348,65,Bacteria,Bacillota,Clostridia,Lachnospirales,Lachnospiraceae,Schaedlerella,Schaedlerella glycyrrhizinilytica_A,Schaedlerella glycyrrhizinilytica_A_1,323
APPS0047_S646,APPS0047_S646_metabat2_105,P20,W1,P20_W1,APPS,1,APPS,5/7/23,PR,metabat2,2575057,184,21044,65,Bacteria,Bacillota,Clostridia,Lachnospirales,Lachnospiraceae,Alitiscatomonas,Alitiscatomonas aceti,Alitiscatomonas aceti_1,306
APPS0047_S646,APPS0047_S646_maxbin2_015,P20,W1,P20_W1,APPS,1,APPS,5/7/23,PR,maxbin2,1423695,631,2556,67,Bacteria,Bacillota,Clostridia,Peptostreptococcales,Anaerovoracaceae,Lentihominibacter,Lentihominibacter excrementipullorum,NA,NA
APPS0047_S646,APPS0047_S646_concoct_35,P20,W1,P20_W1,APPS,1,APPS,5/7/23,PR,concoct,13005911,752,28008,100,Bacteria,Bacteroidota,Bacteroidia,Bacteroidales,Bacteroidaceae,Phocaeicola,Phocaeicola vulgatus,NA,NA
APPS0047_S646,APPS0047_S646_concoct_134,P20,W1,P20_W1,APPS,1,APPS,5/7/23,PR,concoct,3249120,183,44550,75,Bacteria,Bacillota,Clostridia,Lachnospirales,Lachnospiraceae,Ruminococcus_B,Ruminococcus_B gnavus,NA,NA
APPS0047_S646,APPS0047_S646_concoct_23,P20,W1,P20_W1,APPS,1,APPS,5/7/23,PR,concoct,6708955,553,18418,59,Bacteria,Bacillota,Clostridia,Oscillospirales,Ruminococcaceae,UBA3818,UBA3818 sp904397845,NA,NA
APPS0047_S646,APPS0047_S646_concoct_22,P20,W1,P20_W1,APPS,1,APPS,5/7/23,PR,concoct,8366270,686,14862,98,Unclassified Bacteria,NA,NA,NA,NA,NA,Unclassified Bacteria sp.,NA,NA
APPS0047_S646,APPS0047_S646_concoct_96,P20,W1,P20_W1,APPS,1,APPS,5/7/23,PR,concoct,1166265,556,2276,59,Bacteria,Bacillota,Clostridia,Oscillospirales,Oscillospiraceae,Vescimonas,Vescimonas coprocola,Vescimonas coprocola_2,412
APPS0047_S646,APPS0047_S646_concoct_26,P20,W1,P20_W1,APPS,1,APPS,5/7/23,PR,concoct,1339778,674,2112,55,Bacteria,Bacillota,Negativicutes,Acidaminococcales,Acidaminococcaceae,Phascolarctobacterium_A,Phascolarctobacterium_A succinatutens_B,Phascolarctobacterium_A succinatutens_B_3,698
APPS0047_S646,APPS0047_S646_metabat2_104,P20,W1,P20_W1,APPS,1,APPS,5/7/23,PR,metabat2,2752676,84,68645,57,Bacteria,Bacillota,Clostridia,Oscillospirales,Oscillospiraceae,Oscillibacter,Oscillibacter sp018228705,Oscillibacter sp018228705_1,410
APPS0047_S646,APPS0047_S646_concoct_46,P20,W1,P20_W1,APPS,1,APPS,5/7/23,PR,concoct,2436253,771,3529,59,Bacteria,Bacillota,Clostridia,Oscillospirales,Acutalibacteraceae,UMGS856,UMGS856 sp900546265,UMGS856 sp900546265_1,189
APPS0051_S647,APPS0051_S647_metabat2_69,P21,W1,P21_W1,APPS,1,APPS,5/7/23,PR,metabat2,3227308,24,286765,100,Bacteria,Bacteroidota,Bacteroidia,Bacteroidales,Rikenellaceae,Alistipes,Alistipes onderdonkii,Alistipes onderdonkii_1,14
APPS0051_S647,APPS0051_S647_concoct_60,P21,W1,P21_W1,APPS,1,APPS,5/7/23,PR,concoct,3112929,32,248945,100,Bacteria,Bacteroidota,Bacteroidia,Bacteroidales,Barnesiellaceae,Barnesiella,Barnesiella intestinihominis,Barnesiella intestinihominis_1,9
APPS0051_S647,APPS0051_S647_concoct_25,P21,W1,P21_W1,APPS,1,APPS,5/7/23,PR,concoct,3045409,27,234253,100,Bacteria,Bacillota,Bacilli,Lactobacillales,Enterococcaceae,Enterococcus,Enterococcus faecalis,Enterococcus faecalis_1,2
APPS0051_S647,APPS0051_S647_concoct_14,P21,W1,P21_W1,APPS,1,APPS,5/7/23,PR,concoct,5634124,60,185528,100,Bacteria,Pseudomonadota,Gammaproteobacteria,Enterobacterales,Enterobacteriaceae,Klebsiella,Klebsiella pneumoniae,Klebsiella pneumoniae_1,83
APPS0051_S647,APPS0051_S647_concoct_17,P21,W1,P21_W1,APPS,1,APPS,5/7/23,PR,concoct,2498540,64,88043,100,Unclassified,NA,NA,NA,NA,NA,Unclassified sp.,NA,NA
APPS0051_S647,APPS0051_S647_metabat2_76,P21,W1,P21_W1,APPS,1,APPS,5/7/23,PR,metabat2,3169794,112,59507,100,Bacteria,Actinomycetota,Coriobacteriia,Coriobacteriales,Eggerthellaceae,Eggerthella,Eggerthella lenta,Eggerthella lenta_1,3
APPS0051_S647,APPS0051_S647_concoct_19,P21,W1,P21_W1,APPS,1,APPS,5/7/23,PR,concoct,4127507,24,364627,98,Bacteria,Bacillota,Clostridia,Eubacteriales,Eubacteriaceae,Eubacterium,Eubacterium callanderi,Eubacterium callanderi_1,53
APPS0051_S647,APPS0051_S647_concoct_41,P21,W1,P21_W1,APPS,1,APPS,5/7/23,PR,concoct,3089243,79,61207,98,Bacteria,Bacillota,Bacilli,Erysipelotrichales,Coprobacillaceae,Longibaculum,Longibaculum muris,Longibaculum muris_1,632
APPS0051_S647,APPS0051_S647_concoct_22,P21,W1,P21_W1,APPS,1,APPS,5/7/23,PR,concoct,4322016,158,43714,98,Bacteria,Desulfobacterota_I,Desulfovibrionia,Desulfovibrionales,Desulfovibrionaceae,Bilophila,Bilophila wadsworthia,Bilophila wadsworthia_2,45
APPS0051_S647,APPS0051_S647_metabat2_10,P21,W1,P21_W1,APPS,1,APPS,5/7/23,PR,metabat2,3453186,367,13583,98,Bacteria,Bacteroidota,Bacteroidia,Bacteroidales,Marinifilaceae,Odoribacter,Odoribacter splanchnicus,Odoribacter splanchnicus_1,21
APPS0051_S647,APPS0051_S647_metabat2_5,P21,W1,P21_W1,APPS,1,APPS,5/7/23,PR,metabat2,3701254,38,258353,100,Bacteria,Bacillota,Clostridia,Lachnospirales,Lachnospiraceae,Blautia_A,Blautia_A hydrogenotrophica,Blautia_A hydrogenotrophica_1,48
APPS0051_S647,APPS0051_S647_concoct_40,P21,W1,P21_W1,APPS,1,APPS,5/7/23,PR,concoct,2216073,33,109410,100,Bacteria,Actinomycetota,Coriobacteriia,Coriobacteriales,Coriobacteriaceae,Collinsella,Collinsella sp902494245,Collinsella sp902494245_1,452
APPS0051_S647,APPS0051_S647_concoct_45,P21,W1,P21_W1,APPS,1,APPS,5/7/23,PR,concoct,2564158,70,57359,100,Bacteria,Bacillota,Clostridia,Lachnospirales,Lachnospiraceae,Mediterraneibacter,Mediterraneibacter torques,Mediterraneibacter torques_1,5
APPS0051_S647,APPS0051_S647_concoct_96,P21,W1,P21_W1,APPS,1,APPS,5/7/23,PR,concoct,2136007,55,157724,100,NA,NA,NA,NA,NA,NA,NA,NA_2,151
APPS0051_S647,APPS0051_S647_metabat2_75,P21,W1,P21_W1,APPS,1,APPS,5/7/23,PR,metabat2,2777738,67,72089,98,Bacteria,Bacillota,Clostridia,Oscillospirales,Oscillospiraceae,Lawsonibacter,Lawsonibacter sp000177015,Lawsonibacter sp000177015_1,408
APPS0051_S647,APPS0051_S647_metabat2_28,P21,W1,P21_W1,APPS,1,APPS,5/7/23,PR,metabat2,3334091,57,89838,100,Bacteria,Bacillota,Clostridia,Lachnospirales,Lachnospiraceae,Blautia_A,Blautia_A caecimuris,Blautia_A caecimuris_1,165
APPS0051_S647,APPS0051_S647_metabat2_73,P21,W1,P21_W1,APPS,1,APPS,5/7/23,PR,metabat2,2685950,112,36753,100,Bacteria,Actinomycetota,Actinomycetes,Mycobacteriales,Mycobacteriaceae,Corynebacterium,Corynebacterium striatum,Corynebacterium striatum_1,584
APPS0051_S647,APPS0051_S647_concoct_38,P21,W1,P21_W1,APPS,1,APPS,5/7/23,PR,concoct,2979829,79,57788,96,Bacteria,Bacillota,Clostridia,Oscillospirales,Acutalibacteraceae,Caccousia,Caccousia sp900752115,Caccousia sp900752115_1,400
APPS0051_S647,APPS0051_S647_concoct_0,P21,W1,P21_W1,APPS,1,APPS,5/7/23,PR,concoct,2632510,43,126680,98,Bacteria,Bacillota,Clostridia,Oscillospirales,Acutalibacteraceae,Hominenteromicrobium,Hominenteromicrobium sp900549945,Hominenteromicrobium sp900549945_1,92
APPS0051_S647,APPS0051_S647_concoct_83,P21,W1,P21_W1,APPS,1,APPS,5/7/23,PR,concoct,2864066,68,90080,98,Bacteria,Bacillota,Clostridia,Oscillospirales,Acutalibacteraceae,Clostridium_A,Clostridium_A leptum,Clostridium_A leptum_1,186
APPS0051_S647,APPS0051_S647_metabat2_46,P21,W1,P21_W1,APPS,1,APPS,5/7/23,PR,metabat2,4949773,88,88022,92,Bacteria,Bacteroidota,Bacteroidia,Bacteroidales,Tannerellaceae,Parabacteroides,Parabacteroides distasonis,Parabacteroides distasonis_1,1
APPS0051_S647,APPS0051_S647_concoct_84,P21,W1,P21_W1,APPS,1,APPS,5/7/23,PR,concoct,2239515,32,134442,94,Bacteria,Bacillota,Clostridia,Oscillospirales,Ruminococcaceae,Negativibacillus,Negativibacillus sp000435195,Negativibacillus sp000435195_1,155
APPS0051_S647,APPS0051_S647_metabat2_33,P21,W1,P21_W1,APPS,1,APPS,5/7/23,PR,metabat2,2868498,92,76653,96,Bacteria,Bacillota,Clostridia,Lachnospirales,Lachnospiraceae,Blautia,Blautia sp900547685,Blautia sp900547685_1,531
APPS0051_S647,APPS0051_S647_concoct_77,P21,W1,P21_W1,APPS,1,APPS,5/7/23,PR,concoct,3282537,100,70860,96,Bacteria,Bacillota,Clostridia,Oscillospirales,Ruminococcaceae,Ruthenibacterium,Ruthenibacterium lactatiformans,Ruthenibacterium lactatiformans_1,11
APPS0051_S647,APPS0051_S647_metabat2_19,P21,W1,P21_W1,APPS,1,APPS,5/7/23,PR,metabat2,2342634,145,27918,96,Bacteria,Bacillota,Clostridia,Oscillospirales,Butyricicoccaceae,Agathobaculum,Agathobaculum desmolans,Agathobaculum desmolans_1,394
APPS0051_S647,APPS0051_S647_metabat2_40,P21,W1,P21_W1,APPS,1,APPS,5/7/23,PR,metabat2,4050910,18,280271,96,Bacteria,Bacillota,Clostridia,Lachnospirales,Lachnospiraceae,Clostridium_AP,Clostridium_AP sp000509125,Clostridium_AP sp000509125_1,34
APPS0051_S647,APPS0051_S647_metabat2_24,P21,W1,P21_W1,APPS,1,APPS,5/7/23,PR,metabat2,1850019,9,327914,92,Bacteria,Bacillota,Negativicutes,Acidaminococcales,Acidaminococcaceae,Phascolarctobacterium,Phascolarctobacterium faecium,Phascolarctobacterium faecium_2,272
APPS0051_S647,APPS0051_S647_metabat2_57,P21,W1,P21_W1,APPS,1,APPS,5/7/23,PR,metabat2,4423517,88,83245,94,Bacteria,Bacteroidota,Bacteroidia,Bacteroidales,Bacteroidaceae,Bacteroides,Bacteroides uniformis,Bacteroides uniformis_1,37
APPS0051_S647,APPS0051_S647_metabat2_51,P21,W1,P21_W1,APPS,1,APPS,5/7/23,PR,metabat2,1980424,67,57872,94,Bacteria,Bacillota,Clostridia,Oscillospirales,Oscillospiraceae,Evtepia,Evtepia gabavorous,Evtepia gabavorous_1,19
APPS0051_S647,APPS0051_S647_metabat2_4,P21,W1,P21_W1,APPS,1,APPS,5/7/23,PR,metabat2,2339544,118,30130,94,Bacteria,Bacillota,Clostridia,Oscillospirales,Acutalibacteraceae,Acutalibacter,Acutalibacter sp900548545,Acutalibacter sp900548545_1,160
APPS0051_S647,APPS0051_S647_concoct_78,P21,W1,P21_W1,APPS,1,APPS,5/7/23,PR,concoct,6219668,52,222516,96,Bacteria,Bacillota,Clostridia,Lachnospirales,Lachnospiraceae,Enterocloster,Enterocloster bolteae,Enterocloster bolteae_1,148
APPS0051_S647,APPS0051_S647_metabat2_64,P21,W1,P21_W1,APPS,1,APPS,5/7/23,PR,metabat2,1946057,36,113502,96,Bacteria,Bacillota,Clostridia,Oscillospirales,Oscillospiraceae,Vescimonas,Vescimonas sp000435975,Vescimonas sp000435975_1,93
APPS0051_S647,APPS0051_S647_concoct_13,P21,W1,P21_W1,APPS,1,APPS,5/7/23,PR,concoct,3047111,38,127786,98,Bacteria,Bacillota,Clostridia,Oscillospirales,Acutalibacteraceae,Fimivicinus,Fimivicinus sp900544375,Fimivicinus sp900544375_1,29
APPS0051_S647,APPS0051_S647_metabat2_41,P21,W1,P21_W1,APPS,1,APPS,5/7/23,PR,metabat2,7261437,228,48261,98,Bacteria,Bacillota,Clostridia,Lachnospirales,Lachnospiraceae,Eisenbergiella,Eisenbergiella tayi,Eisenbergiella tayi_1,79
APPS0051_S647,APPS0051_S647_metabat2_42,P21,W1,P21_W1,APPS,1,APPS,5/7/23,PR,metabat2,6426675,496,23721,100,Bacteria,Bacillota,Clostridia,Lachnospirales,Lachnospiraceae,Roseburia,Roseburia inulinivorans,NA,NA
APPS0051_S647,APPS0051_S647_metabat2_36,P21,W1,P21_W1,APPS,1,APPS,5/7/23,PR,metabat2,3726614,437,12269,82,Bacteria,Bacillota,Bacilli,Erysipelotrichales,Erysipelotrichaceae,Clostridium_AQ,Clostridium_AQ innocuum,Clostridium_AQ innocuum_1,20
APPS0051_S647,APPS0051_S647_concoct_72,P21,W1,P21_W1,APPS,1,APPS,5/7/23,PR,concoct,2627965,989,3093,92,Bacteria,Desulfobacterota_I,Desulfovibrionia,Desulfovibrionales,Desulfovibrionaceae,Desulfovibrio,Desulfovibrio sp.,Desulfovibrio sp._1,700
APPS0051_S647,APPS0051_S647_concoct_56,P21,W1,P21_W1,APPS,1,APPS,5/7/23,PR,concoct,1911008,510,4586,76,Bacteria,Bacillota,Clostridia,Peptostreptococcales,Anaerovoracaceae,Lentihominibacter,Lentihominibacter excrementipullorum,Lentihominibacter excrementipullorum_1,110
APPS0051_S647,APPS0051_S647_metabat2_72,P21,W1,P21_W1,APPS,1,APPS,5/7/23,PR,metabat2,5670325,128,87104,78,Bacteria,Bacillota,Clostridia,Lachnospirales,Lachnospiraceae,Blautia,Blautia coccoides,Blautia coccoides_1,145
APPS0051_S647,APPS0051_S647_concoct_76,P21,W1,P21_W1,APPS,1,APPS,5/7/23,PR,concoct,2474695,662,4584,96,Bacteria,Bacillota,Bacilli,Lactobacillales,Streptococcaceae,Streptococcus,Streptococcus vaginalis,NA,NA
APPS0051_S647,APPS0051_S647_concoct_100,P21,W1,P21_W1,APPS,1,APPS,5/7/23,PR,concoct,2114127,878,2734,69,Bacteria,Bacillota,Clostridia,Oscillospirales,Oscillospiraceae,Scatomorpha,Scatomorpha sp900759385,Scatomorpha sp900759385_1,425
APPS0051_S647,APPS0051_S647_concoct_46,P21,W1,P21_W1,APPS,1,APPS,5/7/23,PR,concoct,2062225,839,2821,69,Bacteria,Bacillota,Clostridia,Oscillospirales,Acutalibacteraceae,UMGS1623,UMGS1623 sp934647945,UMGS1623 sp934647945_1,136
APPS0051_S647,APPS0051_S647_concoct_66,P21,W1,P21_W1,APPS,1,APPS,5/7/23,PR,concoct,2438041,228,15632,63,Bacteria,Bacillota,Clostridia,Lachnospirales,Lachnospiraceae,Sellimonas,Sellimonas intestinalis,Sellimonas intestinalis_1,42
APPS0051_S647,APPS0051_S647_metabat2_53,P21,W1,P21_W1,APPS,1,APPS,5/7/23,PR,metabat2,2729103,45,73013,57,Bacteria,Bacteroidota,Bacteroidia,Bacteroidales,Bacteroidaceae,Bacteroides,Bacteroides stercoris,Bacteroides stercoris_1,112
APPS0051_S647,APPS0051_S647_concoct_16,P21,W1,P21_W1,APPS,1,APPS,5/7/23,PR,concoct,1354249,545,2785,55,Bacteria,Actinomycetota,Actinomycetes,Actinomycetales,Bifidobacteriaceae,Alloscardovia,Alloscardovia omnicolens,Alloscardovia omnicolens_2,489
APPS0051_S647,APPS0051_S647_concoct_52,P21,W1,P21_W1,APPS,1,APPS,5/7/23,PR,concoct,1645519,672,2852,53,Bacteria,Bacillota,Clostridia,Oscillospirales,Oscillospiraceae,Faecousia,Faecousia intestinalis,Faecousia intestinalis_2,427
APPS0051_S647,APPS0051_S647_concoct_73,P21,W1,P21_W1,APPS,1,APPS,5/7/23,PR,concoct,2367893,1036,2518,51,Bacteria,Bacillota,Clostridia,Oscillospirales,Ruminococcaceae,Fournierella,Fournierella sp900543285,Fournierella sp900543285_1,120
APPS0052_S648,APPS0052_S648_metabat2_61,P22,W1,P22_W1,APPS,1,APPS,5/7/23,PR,metabat2,2531430,19,295894,100,Bacteria,Bacteroidota,Bacteroidia,Bacteroidales,Rikenellaceae,Alistipes_A,Alistipes_A ihumii,Alistipes_A ihumii_1,194
APPS0052_S648,APPS0052_S648_metabat2_96,P22,W1,P22_W1,APPS,1,APPS,5/7/23,PR,metabat2,2226953,21,203069,100,Bacteria,Bacteroidota,Bacteroidia,Bacteroidales,Rikenellaceae,Alistipes,Alistipes sp902363575,Alistipes sp902363575_1,232
APPS0052_S648,APPS0052_S648_metabat2_42,P22,W1,P22_W1,APPS,1,APPS,5/7/23,PR,metabat2,3359230,26,175022,100,Bacteria,Bacteroidota,Bacteroidia,Bacteroidales,Rikenellaceae,Alistipes,Alistipes onderdonkii,Alistipes onderdonkii_1,14
APPS0052_S648,APPS0052_S648_concoct_142,P22,W1,P22_W1,APPS,1,APPS,5/7/23,PR,concoct,2206194,29,174386,100,Bacteria,Actinomycetota,Actinomycetes,Actinomycetales,Actinomycetaceae,Mobiluncus,Mobiluncus massiliensis,Mobiluncus massiliensis_1,206
APPS0052_S648,APPS0052_S648_concoct_127,P22,W1,P22_W1,APPS,1,APPS,5/7/23,PR,concoct,2562527,32,154019,100,Bacteria,Desulfobacterota_I,Desulfovibrionia,Desulfovibrionales,Desulfovibrionaceae,Desulfovibrio,Desulfovibrio sp900319575,Desulfovibrio sp900319575_1,361
APPS0052_S648,APPS0052_S648_concoct_25,P22,W1,P22_W1,APPS,1,APPS,5/7/23,PR,concoct,3082084,41,130386,100,Bacteria,Bacteroidota,Bacteroidia,Bacteroidales,Barnesiellaceae,Barnesiella,Barnesiella intestinihominis,Barnesiella intestinihominis_1,9
APPS0052_S648,APPS0052_S648_metabat2_14,P22,W1,P22_W1,APPS,1,APPS,5/7/23,PR,metabat2,2271796,29,108976,100,Bacteria,Bacteroidota,Bacteroidia,Bacteroidales,Rikenellaceae,Alistipes,Alistipes putredinis,Alistipes putredinis_1,4
APPS0052_S648,APPS0052_S648_concoct_27,P22,W1,P22_W1,APPS,1,APPS,5/7/23,PR,concoct,2514732,53,61863,100,Bacteria,Bacillota,Clostridia,Peptostreptococcales,Anaerovoracaceae,Lentihominibacter,Lentihominibacter excrementipullorum,Lentihominibacter excrementipullorum_1,110
APPS0052_S648,APPS0052_S648_metabat2_34,P22,W1,P22_W1,APPS,1,APPS,5/7/23,PR,metabat2,2116008,75,45445,100,Bacteria,Bacillota,Clostridia,Peptostreptococcales,Anaerovoracaceae,Lentihominibacter,Lentihominibacter faecis,Lentihominibacter faecis_1,208
APPS0052_S648,APPS0052_S648_metabat2_92,P22,W1,P22_W1,APPS,1,APPS,5/7/23,PR,metabat2,4104585,397,15940,100,Bacteria,Bacteroidota,Bacteroidia,Bacteroidales,Marinifilaceae,Butyricimonas,Butyricimonas faecihominis,Butyricimonas faecihominis_3,528
APPS0052_S648,APPS0052_S648_concoct_160,P22,W1,P22_W1,APPS,1,APPS,5/7/23,PR,concoct,1430684,227,8825,100,Bacteria,Bacillota,Clostridia,Tissierellales,Peptoniphilaceae,Fenollaria,Fenollaria massiliensis,Fenollaria massiliensis_1,643
APPS0052_S648,APPS0052_S648_metabat2_58,P22,W1,P22_W1,APPS,1,APPS,5/7/23,PR,metabat2,4747142,76,111859,98,Bacteria,Bacteroidota,Bacteroidia,Bacteroidales,Bacteroidaceae,Bacteroides,Bacteroides caccae,Bacteroides caccae_1,257
APPS0052_S648,APPS0052_S648_concoct_100,P22,W1,P22_W1,APPS,1,APPS,5/7/23,PR,concoct,2640167,254,15790,98,Bacteria,Actinomycetota,Actinomycetes,Actinomycetales,Bifidobacteriaceae,Bifidobacterium,Bifidobacterium longum,Bifidobacterium longum_1,13
APPS0052_S648,APPS0052_S648_concoct_110,P22,W1,P22_W1,APPS,1,APPS,5/7/23,PR,concoct,2470958,53,73971,100,Bacteria,Bacillota,Clostridia,Lachnospirales,Lachnospiraceae,Mediterraneibacter,Mediterraneibacter torques,Mediterraneibacter torques_1,5
APPS0052_S648,APPS0052_S648_metabat2_130,P22,W1,P22_W1,APPS,1,APPS,5/7/23,PR,metabat2,2155238,45,73198,100,Bacteria,Actinomycetota,Coriobacteriia,Coriobacteriales,Eggerthellaceae,Senegalimassilia,Senegalimassilia anaerobia,Senegalimassilia anaerobia_1,298
APPS0052_S648,APPS0052_S648_concoct_87,P22,W1,P22_W1,APPS,1,APPS,5/7/23,PR,concoct,2553615,99,53226,100,Unclassified Bacteria,NA,NA,NA,NA,NA,Unclassified Bacteria sp.,NA,NA
APPS0052_S648,APPS0052_S648_metabat2_9,P22,W1,P22_W1,APPS,1,APPS,5/7/23,PR,metabat2,1872357,91,31381,100,Bacteria,Bacillota,Clostridia,Peptostreptococcales,Anaerovoracaceae,Mogibacterium_A,Mogibacterium_A kristiansenii,Mogibacterium_A kristiansenii_1,334
APPS0052_S648,APPS0052_S648_concoct_33,P22,W1,P22_W1,APPS,1,APPS,5/7/23,PR,concoct,2578634,180,27124,100,Bacteria,Bacillota,Clostridia,Tissierellales,Peptoniphilaceae,Anaerococcus,Anaerococcus vaginalis,Anaerococcus vaginalis_3,662
APPS0052_S648,APPS0052_S648_metabat2_62,P22,W1,P22_W1,APPS,1,APPS,5/7/23,PR,metabat2,3656522,52,107220,96,Bacteria,Bacteroidota,Bacteroidia,Bacteroidales,Bacteroidaceae,Bacteroides,Bacteroides uniformis,Bacteroides uniformis_1,37
APPS0052_S648,APPS0052_S648_metabat2_2,P22,W1,P22_W1,APPS,1,APPS,5/7/23,PR,metabat2,2089916,45,87393,96,Bacteria,Bacillota,Clostridia,Oscillospirales,Oscillospiraceae,CAG-103,CAG-103 sp900543625,CAG-103 sp900543625_1,54
APPS0052_S648,APPS0052_S648_metabat2_22,P22,W1,P22_W1,APPS,1,APPS,5/7/23,PR,metabat2,1923187,26,118710,98,Bacteria,Bacillota,Clostridia,Christensenellales,CAG-138,SFEL01,SFEL01 sp004557245,SFEL01 sp004557245_1,60
APPS0052_S648,APPS0052_S648_metabat2_47,P22,W1,P22_W1,APPS,1,APPS,5/7/23,PR,metabat2,2089942,37,116640,98,Bacteria,Bacillota,Clostridia,Oscillospirales,Oscillospiraceae,Vescimonas,Vescimonas fastidiosa,Vescimonas fastidiosa_1,414
APPS0052_S648,APPS0052_S648_concoct_124,P22,W1,P22_W1,APPS,1,APPS,5/7/23,PR,concoct,4758194,91,87107,98,Bacteria,Bacteroidota,Bacteroidia,Bacteroidales,Tannerellaceae,Parabacteroides,Parabacteroides distasonis,Parabacteroides distasonis_1,1
APPS0052_S648,APPS0052_S648_concoct_11,P22,W1,P22_W1,APPS,1,APPS,5/7/23,PR,concoct,2153610,47,64225,98,Bacteria,Bacillota,Clostridia,Christensenellales,CAG-138,Phil1,Phil1 sp001940855,Phil1 sp001940855_1,154
APPS0052_S648,APPS0052_S648_metabat2_125,P22,W1,P22_W1,APPS,1,APPS,5/7/23,PR,metabat2,1933365,62,47997,98,Bacteria,Bacillota,Clostridia,Oscillospirales,Oscillospiraceae,Vescimonas,Vescimonas coprocola,Vescimonas coprocola_1,7
APPS0052_S648,APPS0052_S648_metabat2_52,P22,W1,P22_W1,APPS,1,APPS,5/7/23,PR,metabat2,4716267,339,21501,98,Bacteria,Pseudomonadota,Gammaproteobacteria,Enterobacterales,Enterobacteriaceae,Escherichia,Escherichia coli,Escherichia coli_2,99
APPS0052_S648,APPS0052_S648_concoct_98,P22,W1,P22_W1,APPS,1,APPS,5/7/23,PR,concoct,2142297,243,12029,98,Bacteria,Bacillota,Clostridia,Christensenellales,,,Christensenellales sp.,Christensenellales sp._1,224
APPS0052_S648,APPS0052_S648_concoct_125,P22,W1,P22_W1,APPS,1,APPS,5/7/23,PR,concoct,3419350,51,112957,100,Bacteria,Bacillota,Clostridia,Lachnospirales,Lachnospiraceae,Anaerobutyricum,Anaerobutyricum faecale,Anaerobutyricum faecale_1,309
APPS0052_S648,APPS0052_S648_metabat2_75,P22,W1,P22_W1,APPS,1,APPS,5/7/23,PR,metabat2,2729039,42,109691,94,Bacteria,Verrucomicrobiota,Verrucomicrobiia,Verrucomicrobiales,Akkermansiaceae,Akkermansia,Akkermansia muciniphila,Akkermansia muciniphila_1,6
APPS0052_S648,APPS0052_S648_metabat2_27,P22,W1,P22_W1,APPS,1,APPS,5/7/23,PR,metabat2,2834711,27,233007,96,Bacteria,Bacillota,Clostridia,Lachnospirales,Lachnospiraceae,Frisingicoccus,Frisingicoccus sp902489645,Frisingicoccus sp902489645_1,510
APPS0052_S648,APPS0052_S648_concoct_2,P22,W1,P22_W1,APPS,1,APPS,5/7/23,PR,concoct,2187442,187,16656,92,Bacteria,Bacillota,Clostridia,Oscillospirales,Acutalibacteraceae,Hominenteromicrobium,Hominenteromicrobium mulieris,Hominenteromicrobium mulieris_1,18
APPS0052_S648,APPS0052_S648_metabat2_129,P22,W1,P22_W1,APPS,1,APPS,5/7/23,PR,metabat2,2109250,420,6172,92,Bacteria,Pseudomonadota,Gammaproteobacteria,Burkholderiales,Burkholderiaceae,Parasutterella,Parasutterella excrementihominis,Parasutterella excrementihominis_1,230
APPS0052_S648,APPS0052_S648_concoct_135,P22,W1,P22_W1,APPS,1,APPS,5/7/23,PR,concoct,1834865,571,3846,92,Bacteria,Bacillota,Clostridia,Oscillospirales,UBA644,UBA644,UBA644 sp900547165,UBA644 sp900547165_1,382
APPS0052_S648,APPS0052_S648_metabat2_72,P22,W1,P22_W1,APPS,1,APPS,5/7/23,PR,metabat2,6716498,55,211035,94,Bacteria,Bacteroidota,Bacteroidia,Bacteroidales,Bacteroidaceae,Bacteroides,Bacteroides cellulosilyticus,Bacteroides cellulosilyticus_1,261
APPS0052_S648,APPS0052_S648_metabat2_103,P22,W1,P22_W1,APPS,1,APPS,5/7/23,PR,metabat2,2517859,68,74979,94,Bacteria,Bacillota,Clostridia,Oscillospirales,Ruminococcaceae,Gemmiger,Gemmiger formicilis,Gemmiger formicilis_1,72
APPS0052_S648,APPS0052_S648_concoct_67,P22,W1,P22_W1,APPS,1,APPS,5/7/23,PR,concoct,3408373,154,44268,96,Unclassified Bacteria,NA,NA,NA,NA,NA,Unclassified Bacteria sp.,NA,NA
APPS0052_S648,APPS0052_S648_concoct_46,P22,W1,P22_W1,APPS,1,APPS,5/7/23,PR,concoct,1426114,480,3563,90,Bacteria,Bacillota,Clostridia,Tissierellales,Peptoniphilaceae,Peptoniphilus_A,Peptoniphilus_A grossensis,Peptoniphilus_A grossensis_2,649
APPS0052_S648,APPS0052_S648_concoct_72,P22,W1,P22_W1,APPS,1,APPS,5/7/23,PR,concoct,2308320,259,13913,94,Bacteria,Bacillota,Bacilli,Erysipelotrichales,Erysipelotrichaceae,Holdemanella,Holdemanella biformis,Holdemanella biformis_1,213
APPS0052_S648,APPS0052_S648_metabat2_82,P22,W1,P22_W1,APPS,1,APPS,5/7/23,PR,metabat2,2957808,39,127183,98,Bacteria,Bacillota,Clostridia,Oscillospirales,Acutalibacteraceae,Fimivicinus,Fimivicinus sp900544375,Fimivicinus sp900544375_1,29
APPS0052_S648,APPS0052_S648_metabat2_8,P22,W1,P22_W1,APPS,1,APPS,5/7/23,PR,metabat2,2319680,291,16414,88,Bacteria,Bacillota,Clostridia,Christensenellales,Aristaeellaceae,Pullichristensenella,Pullichristensenella sp946496415,Pullichristensenella sp946496415_2,285
APPS0052_S648,APPS0052_S648_concoct_133,P22,W1,P22_W1,APPS,1,APPS,5/7/23,PR,concoct,3683540,188,48485,96,Bacteria,Bacillota,Clostridia,Christensenellales,Aristaeellaceae,Limiplasma,Limiplasma merdipullorum,NA,NA
APPS0052_S648,APPS0052_S648_metabat2_76,P22,W1,P22_W1,APPS,1,APPS,5/7/23,PR,metabat2,1655938,251,9382,88,Bacteria,Bacillota,Bacilli,Erysipelotrichales,Erysipelotrichaceae,Massilicoli,Massilicoli timonensis,Massilicoli timonensis_1,134
APPS0052_S648,APPS0052_S648_concoct_5,P22,W1,P22_W1,APPS,1,APPS,5/7/23,PR,concoct,1640129,69,39982,90,Bacteria,Bacillota,Clostridia,Oscillospirales,Oscillospiraceae,Hominicoprocola,Hominicoprocola sp003522105,Hominicoprocola sp003522105_1,283
APPS0052_S648,APPS0052_S648_concoct_156,P22,W1,P22_W1,APPS,1,APPS,5/7/23,PR,concoct,2362199,569,5276,90,Bacteria,Bacillota,Clostridia,Lachnospirales,Anaerotignaceae,Metalachnospira,Metalachnospira sp900546215,Metalachnospira sp900546215_1,255
APPS0052_S648,APPS0052_S648_concoct_53,P22,W1,P22_W1,APPS,1,APPS,5/7/23,PR,concoct,11591643,1136,15523,100,Bacteria,Bacillota,Clostridia,Lachnospirales,Lachnospiraceae,Anaerobutyricum,Anaerobutyricum soehngenii,NA,NA
APPS0052_S648,APPS0052_S648_metabat2_12,P22,W1,P22_W1,APPS,1,APPS,5/7/23,PR,metabat2,2369741,63,55248,90,Bacteria,Bacillota,Clostridia,Oscillospirales,Acutalibacteraceae,Hominenteromicrobium,Hominenteromicrobium gallistercoris,Hominenteromicrobium gallistercoris_1,388
APPS0052_S648,APPS0052_S648_concoct_4,P22,W1,P22_W1,APPS,1,APPS,5/7/23,PR,concoct,2352746,213,15915,82,Bacteria,Bacillota,Negativicutes,Acidaminococcales,Acidaminococcaceae,Phascolarctobacterium_A,Phascolarctobacterium_A succinatutens_B,Phascolarctobacterium_A succinatutens_B_2,697
APPS0052_S648,APPS0052_S648_metabat2_128,P22,W1,P22_W1,APPS,1,APPS,5/7/23,PR,metabat2,2500449,171,28212,75,Bacteria,Bacillota,Clostridia,Oscillospirales,Acutalibacteraceae,Acutalibacter,Acutalibacter sp905215055,Acutalibacter sp905215055_1,289
APPS0052_S648,APPS0052_S648_concoct_10,P22,W1,P22_W1,APPS,1,APPS,5/7/23,PR,concoct,10045574,585,31708,98,Bacteria,Bacillota,Clostridia,Oscillospirales,Acutalibacteraceae,Acutalibacter,Acutalibacter timonensis,NA,NA
APPS0052_S648,APPS0052_S648_concoct_103,P22,W1,P22_W1,APPS,1,APPS,5/7/23,PR,concoct,2194063,621,3955,78,Bacteria,Bacillota,Clostridia,Christensenellales,Christensenellaceae,Christensenella,Christensenella minuta,Christensenella minuta_1,135
APPS0052_S648,APPS0052_S648_metabat2_111,P22,W1,P22_W1,APPS,1,APPS,5/7/23,PR,metabat2,2598166,278,15350,80,Bacteria,Bacteroidota,Bacteroidia,Bacteroidales,Rikenellaceae,Alistipes,Alistipes shahii,NA,NA
APPS0052_S648,APPS0052_S648_metabat2_63,P22,W1,P22_W1,APPS,1,APPS,5/7/23,PR,metabat2,2375073,121,43129,71,Bacteria,Bacillota,Clostridia,Lachnospirales,Lachnospiraceae,Blautia_A,Blautia_A wexlerae,Blautia_A wexlerae_2,546
APPS0052_S648,APPS0052_S648_concoct_139,P22,W1,P22_W1,APPS,1,APPS,5/7/23,PR,concoct,2246421,302,13511,73,Bacteria,Bacillota,Clostridia,Oscillospirales,Acutalibacteraceae,Acutalibacter,Acutalibacter ornithocaccae,Acutalibacter ornithocaccae_1,161
APPS0052_S648,APPS0052_S648_concoct_143,P22,W1,P22_W1,APPS,1,APPS,5/7/23,PR,concoct,925295,401,2518,69,Bacteria,Bacillota,Clostridia,Peptostreptococcales,Anaerovoracaceae,Alterileibacterium,Alterileibacterium massiliense,Alterileibacterium massiliense_3,673
APPS0052_S648,APPS0052_S648_concoct_141,P22,W1,P22_W1,APPS,1,APPS,5/7/23,PR,concoct,2006761,582,4320,71,Bacteria,Actinomycetota,Coriobacteriia,Coriobacteriales,Eggerthellaceae,Slackia,Slackia isoflavoniconvertens,Slackia isoflavoniconvertens_1,458
APPS0052_S648,APPS0052_S648_concoct_155,P22,W1,P22_W1,APPS,1,APPS,5/7/23,PR,concoct,976787,648,1486,67,Bacteria,Bacteroidota,Bacteroidia,Bacteroidales,Porphyromonadaceae,Porphyromonas,Porphyromonas asaccharolytica,NA,NA
APPS0052_S648,APPS0052_S648_metabat2_53,P22,W1,P22_W1,APPS,1,APPS,5/7/23,PR,metabat2,1083049,35,49232,65,Bacteria,Bacillota,Clostridia,Lachnospirales,Lachnospiraceae,Blautia_A,Blautia_A fusiformis,NA,NA
APPS0052_S648,APPS0052_S648_metabat2_126,P22,W1,P22_W1,APPS,1,APPS,5/7/23,PR,metabat2,2622790,154,26197,69,Bacteria,Bacillota,Clostridia,Lachnospirales,Lachnospiraceae,Fusicatenibacter,Fusicatenibacter saccharivorans,Fusicatenibacter saccharivorans_1,33
APPS0052_S648,APPS0052_S648_maxbin2_052,P22,W1,P22_W1,APPS,1,APPS,5/7/23,PR,maxbin2,790152,17,46506,67,Bacteria,Bacillota,Clostridia,Lachnospirales,Lachnospiraceae,,Lachnospiraceae sp.,NA,NA
APPS0052_S648,APPS0052_S648_metabat2_94,P22,W1,P22_W1,APPS,1,APPS,5/7/23,PR,metabat2,1941752,603,3554,63,Bacteria,Bacillota,Clostridia,Oscillospirales,Ruminococcaceae,Anaerotruncus,Anaerotruncus massiliensis,Anaerotruncus massiliensis_1,158
APPS0052_S648,APPS0052_S648_metabat2_105,P22,W1,P22_W1,APPS,1,APPS,5/7/23,PR,metabat2,2305665,180,22440,65,Bacteria,Bacillota,Clostridia,Lachnospirales,Lachnospiraceae,Dorea_A,Dorea_A amylophila,Dorea_A amylophila_1,168
APPS0052_S648,APPS0052_S648_metabat2_86,P22,W1,P22_W1,APPS,1,APPS,5/7/23,PR,metabat2,1741470,275,8869,76,Bacteria,Bacillota,Clostridia,Oscillospirales,Oscillospiraceae,Faecousia,Faecousia intestinalis,Faecousia intestinalis_1,65
APPS0052_S648,APPS0052_S648_metabat2_59,P22,W1,P22_W1,APPS,1,APPS,5/7/23,PR,metabat2,4125071,161,39025,61,Bacteria,Bacteroidota,Bacteroidia,Bacteroidales,Bacteroidaceae,Phocaeicola,Phocaeicola vulgatus,Phocaeicola vulgatus_1,44
APPS0052_S648,APPS0052_S648_maxbin2_008,P22,W1,P22_W1,APPS,1,APPS,5/7/23,PR,maxbin2,664127,6,131275,57,Bacteria,Bacillota,Clostridia,Lachnospirales,Lachnospiraceae,Mediterraneibacter,Mediterraneibacter sp.,NA,NA
APPS0052_S648,APPS0052_S648_concoct_93,P22,W1,P22_W1,APPS,1,APPS,5/7/23,PR,concoct,3094595,610,6483,57,Bacteria,Bacteroidota,Bacteroidia,Bacteroidales,Coprobacteraceae,Coprobacter,Coprobacter fastidiosus,Coprobacter fastidiosus_1,682
APPS0052_S648,APPS0052_S648_concoct_58,P22,W1,P22_W1,APPS,1,APPS,5/7/23,PR,concoct,2626193,725,4317,65,Bacteria,Bacillota,Clostridia,Lachnospirales,Lachnospiraceae,Ventrisoma,Ventrisoma faecale,Ventrisoma faecale_1,390
APPS0052_S648,APPS0052_S648_maxbin2_056,P22,W1,P22_W1,APPS,1,APPS,5/7/23,PR,maxbin2,449099,8,56273,53,Bacteria,Bacillota,Clostridia,Lachnospirales,Lachnospiraceae,,Lachnospiraceae sp.,NA,NA
APPS0052_S648,APPS0052_S648_metabat2_65,P22,W1,P22_W1,APPS,1,APPS,5/7/23,PR,metabat2,935553,169,9397,53,Bacteria,Bacillota,Clostridia,Lachnospirales,Lachnospiraceae,Anaerobutyricum,Anaerobutyricum soehngenii,NA,NA
APPS0052_S648,APPS0052_S648_concoct_101,P22,W1,P22_W1,APPS,1,APPS,5/7/23,PR,concoct,1281029,599,2231,71,Bacteria,Bacillota,Clostridia,Peptostreptococcales,Anaerovoracaceae,Emergencia,Emergencia sp904420065,NA,NA
APPS0052_S648,APPS0052_S648_metabat2_107,P22,W1,P22_W1,APPS,1,APPS,5/7/23,PR,metabat2,3517905,137,38421,55,Bacteria,Bacteroidota,Bacteroidia,Bacteroidales,Bacteroidaceae,Phocaeicola,Phocaeicola massiliensis,Phocaeicola massiliensis_1,348
APPS0056_S650,APPS0056_S650_metabat2_85,P33,W6,P33_W6,APPS,2,APPS,6/11/23,PR,metabat2,4233807,31,257186,100,Bacteria,Bacillota,Clostridia,Eubacteriales,Eubacteriaceae,Eubacterium,Eubacterium limosum,Eubacterium limosum_1,270
APPS0056_S650,APPS0056_S650_concoct_34,P33,W6,P33_W6,APPS,2,APPS,6/11/23,PR,concoct,3373425,47,162422,100,Bacteria,Bacteroidota,Bacteroidia,Bacteroidales,Rikenellaceae,Alistipes,Alistipes onderdonkii,Alistipes onderdonkii_1,14
APPS0056_S650,APPS0056_S650_concoct_68,P33,W6,P33_W6,APPS,2,APPS,6/11/23,PR,concoct,2251564,33,136169,100,Bacteria,Actinomycetota,Actinomycetes,Actinomycetales,Bifidobacteriaceae,Bifidobacterium,Bifidobacterium longum,Bifidobacterium longum_1,13
APPS0056_S650,APPS0056_S650_concoct_56,P33,W6,P33_W6,APPS,2,APPS,6/11/23,PR,concoct,2080989,36,127583,100,NA,NA,NA,NA,NA,NA,NA,NA_1,23
APPS0056_S650,APPS0056_S650_maxbin2_015,P33,W6,P33_W6,APPS,2,APPS,6/11/23,PR,maxbin2,3775452,150,93005,100,Bacteria,Pseudomonadota,Alphaproteobacteria,Rhizobiales,Beijerinckiaceae,Methylocystis,Methylocystis sp000188155,Methylocystis sp000188155_1,641
APPS0056_S650,APPS0056_S650_concoct_31,P33,W6,P33_W6,APPS,2,APPS,6/11/23,PR,concoct,2882745,148,47724,100,Bacteria,Bacillota,Bacilli,Lactobacillales,Enterococcaceae,Enterococcus_B,Enterococcus_B faecium,Enterococcus_B faecium_1,27
APPS0056_S650,APPS0056_S650_concoct_65,P33,W6,P33_W6,APPS,2,APPS,6/11/23,PR,concoct,2863144,86,56823,98,Bacteria,Bacillota,Clostridia,Peptostreptococcales,Anaerovoracaceae,Hominibacterium,Hominibacterium hominis,Hominibacterium hominis_1,242
APPS0056_S650,APPS0056_S650_metabat2_74,P33,W6,P33_W6,APPS,2,APPS,6/11/23,PR,metabat2,2731453,189,25256,98,Bacteria,Bacillota,Clostridia,Christensenellales,Christensenellaceae,Christensenella,Christensenella hongkongensis,Christensenella hongkongensis_1,275
APPS0056_S650,APPS0056_S650_concoct_64,P33,W6,P33_W6,APPS,2,APPS,6/11/23,PR,concoct,2253161,226,14472,98,Bacteria,Bacillota,Clostridia,Peptostreptococcales,Anaerovoracaceae,Lentihominibacter,Lentihominibacter excrementipullorum,Lentihominibacter excrementipullorum_1,110
APPS0056_S650,APPS0056_S650_concoct_19,P33,W6,P33_W6,APPS,2,APPS,6/11/23,PR,concoct,3779710,652,7041,98,Bacteria,Desulfobacterota_I,Desulfovibrionia,Desulfovibrionales,Desulfovibrionaceae,Bilophila,Bilophila wadsworthia,Bilophila wadsworthia_2,45
APPS0056_S650,APPS0056_S650_concoct_71,P33,W6,P33_W6,APPS,2,APPS,6/11/23,PR,concoct,2485492,37,129958,100,Bacteria,Bacillota,Clostridia,Christensenellales,Christensenellaceae,Christensenella,Christensenella massiliensis,Christensenella massiliensis_1,274
APPS0056_S650,APPS0056_S650_concoct_50,P33,W6,P33_W6,APPS,2,APPS,6/11/23,PR,concoct,2435894,55,73710,100,Bacteria,Bacillota,Clostridia,Lachnospirales,Lachnospiraceae,Mediterraneibacter,Mediterraneibacter torques,Mediterraneibacter torques_1,5
APPS0056_S650,APPS0056_S650_metabat2_35,P33,W6,P33_W6,APPS,2,APPS,6/11/23,PR,metabat2,2921810,57,84059,100,Bacteria,Bacillota,Clostridia,Lachnospirales,Lachnospiraceae,Sellimonas,Sellimonas intestinalis,Sellimonas intestinalis_1,42
APPS0056_S650,APPS0056_S650_concoct_48,P33,W6,P33_W6,APPS,2,APPS,6/11/23,PR,concoct,3041464,46,101845,94,Bacteria,Verrucomicrobiota,Verrucomicrobiia,Verrucomicrobiales,Akkermansiaceae,Akkermansia,Akkermansia massiliensis,Akkermansia massiliensis_1,173
APPS0056_S650,APPS0056_S650_metabat2_40,P33,W6,P33_W6,APPS,2,APPS,6/11/23,PR,metabat2,1713124,218,10447,94,Bacteria,Actinomycetota,Coriobacteriia,Coriobacteriales,Coriobacteriaceae,Collinsella,Collinsella bouchesdurhonensis,Collinsella bouchesdurhonensis_1,455
APPS0056_S650,APPS0056_S650_concoct_110,P33,W6,P33_W6,APPS,2,APPS,6/11/23,PR,concoct,2683857,52,82096,96,Bacteria,Bacillota,Clostridia,Oscillospirales,Ruminococcaceae,Ruthenibacterium,Ruthenibacterium sp018380115,Ruthenibacterium sp018380115_1,118
APPS0056_S650,APPS0056_S650_metabat2_4,P33,W6,P33_W6,APPS,2,APPS,6/11/23,PR,metabat2,2958349,110,47217,96,Bacteria,Bacillota,Clostridia,Oscillospirales,Ruminococcaceae,Ruthenibacterium,Ruthenibacterium lactatiformans,Ruthenibacterium lactatiformans_1,11
APPS0056_S650,APPS0056_S650_metabat2_20,P33,W6,P33_W6,APPS,2,APPS,6/11/23,PR,metabat2,3034937,280,17036,96,Bacteria,Bacillota,Clostridia,Oscillospirales,Ruminococcaceae,Massilioclostridium,Massilioclostridium methylpentosum,Massilioclostridium methylpentosum_1,496
APPS0056_S650,APPS0056_S650_metabat2_73,P33,W6,P33_W6,APPS,2,APPS,6/11/23,PR,metabat2,3395539,446,10986,96,Bacteria,Bacteroidota,Bacteroidia,Bacteroidales,Marinifilaceae,Odoribacter,Odoribacter splanchnicus,Odoribacter splanchnicus_1,21
APPS0056_S650,APPS0056_S650_concoct_36,P33,W6,P33_W6,APPS,2,APPS,6/11/23,PR,concoct,2966282,47,152613,98,Bacteria,Bacillota,Clostridia,Oscillospirales,Acutalibacteraceae,Hominenteromicrobium,Hominenteromicrobium sp900549945,Hominenteromicrobium sp900549945_1,92
APPS0056_S650,APPS0056_S650_metabat2_49,P33,W6,P33_W6,APPS,2,APPS,6/11/23,PR,metabat2,3581351,61,116245,98,Bacteria,Bacillota,Clostridia,Oscillospirales,Acutalibacteraceae,Acutalibacter,Acutalibacter timonensis,Acutalibacter timonensis_1,49
APPS0056_S650,APPS0056_S650_metabat2_47,P33,W6,P33_W6,APPS,2,APPS,6/11/23,PR,metabat2,2555361,59,67407,98,Bacteria,Bacillota,Clostridia,Oscillospirales,Acutalibacteraceae,Scatavimonas,Scatavimonas sp900540275,Scatavimonas sp900540275_1,73
APPS0056_S650,APPS0056_S650_metabat2_91,P33,W6,P33_W6,APPS,2,APPS,6/11/23,PR,metabat2,2880268,185,23158,98,Bacteria,Bacillota,Clostridia,Oscillospirales,Oscillospiraceae,Flavonifractor,Flavonifractor plautii,Flavonifractor plautii_1,63
APPS0056_S650,APPS0056_S650_concoct_92,P33,W6,P33_W6,APPS,2,APPS,6/11/23,PR,concoct,2687984,183,22483,98,Bacteria,Bacillota,Clostridia,Oscillospirales,Butyricicoccaceae,Agathobaculum,Agathobaculum ammoniilyticum,Agathobaculum ammoniilyticum_1,278
APPS0056_S650,APPS0056_S650_metabat2_13,P33,W6,P33_W6,APPS,2,APPS,6/11/23,PR,metabat2,2580258,189,22164,98,Bacteria,Bacillota,Clostridia,Oscillospirales,Acutalibacteraceae,Clostridium_A,Clostridium_A leptum,Clostridium_A leptum_1,186
APPS0056_S650,APPS0056_S650_metabat2_11,P33,W6,P33_W6,APPS,2,APPS,6/11/23,PR,metabat2,1918682,46,71721,92,Bacteria,Bacteroidota,Bacteroidia,Bacteroidales,Rikenellaceae,Alistipes,Alistipes putredinis,Alistipes putredinis_1,4
APPS0056_S650,APPS0056_S650_metabat2_87,P33,W6,P33_W6,APPS,2,APPS,6/11/23,PR,metabat2,2612928,84,55587,94,Bacteria,Bacillota,Clostridia,Oscillospirales,Oscillospiraceae,Scatomorpha,Scatomorpha sp900545405,Scatomorpha sp900545405_2,282
APPS0056_S650,APPS0056_S650_metabat2_27,P33,W6,P33_W6,APPS,2,APPS,6/11/23,PR,metabat2,2579913,95,43843,98,Bacteria,Bacillota,Clostridia,Oscillospirales,Ruminococcaceae,Ruminiclostridium_E,Ruminiclostridium_E siraeum,Ruminiclostridium_E siraeum_1,182
APPS0056_S650,APPS0056_S650_concoct_2,P33,W6,P33_W6,APPS,2,APPS,6/11/23,PR,concoct,2116641,52,62731,90,Bacteria,Bacillota,Negativicutes,Acidaminococcales,Acidaminococcaceae,Acidaminococcus,Acidaminococcus intestini,Acidaminococcus intestini_1,271
APPS0056_S650,APPS0056_S650_metabat2_88,P33,W6,P33_W6,APPS,2,APPS,6/11/23,PR,metabat2,3116395,212,24460,92,Bacteria,Bacillota,Clostridia,Lachnospirales,Lachnospiraceae,Blautia_A,Blautia_A hydrogenotrophica,Blautia_A hydrogenotrophica_1,48
APPS0056_S650,APPS0056_S650_concoct_9,P33,W6,P33_W6,APPS,2,APPS,6/11/23,PR,concoct,2136525,180,19166,92,Bacteria,Bacillota,Clostridia,Oscillospirales,Oscillospiraceae,Faecousia,Faecousia intestinalis,Faecousia intestinalis_1,65
APPS0056_S650,APPS0056_S650_concoct_5,P33,W6,P33_W6,APPS,2,APPS,6/11/23,PR,concoct,3134967,105,49822,96,Bacteria,Bacillota,Clostridia,Lachnospirales,Lachnospiraceae,Dorea_D,Dorea_D sp000433535,Dorea_D sp000433535_1,321
APPS0056_S650,APPS0056_S650_metabat2_81,P33,W6,P33_W6,APPS,2,APPS,6/11/23,PR,metabat2,3254729,344,14194,96,Bacteria,Bacillota,Clostridia,Oscillospirales,Oscillospiraceae,Lawsonibacter,Lawsonibacter sp000177015,NA,NA
APPS0056_S650,APPS0056_S650_concoct_91,P33,W6,P33_W6,APPS,2,APPS,6/11/23,PR,concoct,2964164,49,78987,98,Bacteria,Bacillota,Clostridia,Oscillospirales,Acutalibacteraceae,Fimivicinus,Fimivicinus sp900544375,Fimivicinus sp900544375_1,29
APPS0056_S650,APPS0056_S650_concoct_51,P33,W6,P33_W6,APPS,2,APPS,6/11/23,PR,concoct,2333864,368,9074,88,Bacteria,Bacillota,Clostridia,Oscillospirales,Ruminococcaceae,Gemmiger,Gemmiger qucibialis,Gemmiger qucibialis_1,12
APPS0056_S650,APPS0056_S650_concoct_97,P33,W6,P33_W6,APPS,2,APPS,6/11/23,PR,concoct,6000325,65,180768,92,Bacteria,Bacillota,Clostridia,Lachnospirales,Lachnospiraceae,Blautia,Blautia coccoides,Blautia coccoides_1,145
APPS0056_S650,APPS0056_S650_concoct_12,P33,W6,P33_W6,APPS,2,APPS,6/11/23,PR,concoct,3404985,416,11705,88,Bacteria,Actinomycetota,Coriobacteriia,Coriobacteriales,Eggerthellaceae,Eggerthella,Eggerthella lenta,Eggerthella lenta_1,3
APPS0056_S650,APPS0056_S650_concoct_76,P33,W6,P33_W6,APPS,2,APPS,6/11/23,PR,concoct,3612386,1262,3573,84,Bacteria,Pseudomonadota,Gammaproteobacteria,Enterobacterales,Enterobacteriaceae,Escherichia,Escherichia coli,Escherichia coli_1,16
APPS0056_S650,APPS0056_S650_concoct_25,P33,W6,P33_W6,APPS,2,APPS,6/11/23,PR,concoct,6442297,284,46783,80,Bacteria,Bacteroidota,Bacteroidia,Bacteroidales,Tannerellaceae,Parabacteroides,Parabacteroides merdae,Parabacteroides merdae_1,28
APPS0056_S650,APPS0056_S650_metabat2_41,P33,W6,P33_W6,APPS,2,APPS,6/11/23,PR,metabat2,4737468,68,121002,71,Bacteria,Bacteroidota,Bacteroidia,Bacteroidales,Tannerellaceae,Parabacteroides,Parabacteroides distasonis,Parabacteroides distasonis_1,1
APPS0056_S650,APPS0056_S650_metabat2_71,P33,W6,P33_W6,APPS,2,APPS,6/11/23,PR,metabat2,1100478,302,4026,73,Bacteria,Bacillota,Clostridia,Christensenellales,QAND01,UMGS1975,UMGS1975 sp900546685,UMGS1975 sp900546685_2,482
APPS0056_S650,APPS0056_S650_concoct_81,P33,W6,P33_W6,APPS,2,APPS,6/11/23,PR,concoct,2295854,248,13920,71,Bacteria,Bacillota,Clostridia,Oscillospirales,Ruminococcaceae,Faecalibacterium,Faecalibacterium duncaniae,Faecalibacterium duncaniae_1,156
APPS0056_S650,APPS0056_S650_concoct_85,P33,W6,P33_W6,APPS,2,APPS,6/11/23,PR,concoct,1784313,325,7191,67,Bacteria,Bacillota,Clostridia,Oscillospirales,Acutalibacteraceae,UMGS1071,UMGS1071 sp900542375,UMGS1071 sp900542375_1,91
APPS0056_S650,APPS0056_S650_maxbin2_072,P33,W6,P33_W6,APPS,2,APPS,6/11/23,PR,maxbin2,1161480,492,2761,61,Bacteria,Bacillota,Bacilli,Erysipelotrichales,Erysipelotrichaceae,Merdibacter,Merdibacter merdipullorum,Merdibacter merdipullorum_1,428
APPS0056_S650,APPS0056_S650_concoct_59,P33,W6,P33_W6,APPS,2,APPS,6/11/23,PR,concoct,1634201,931,1792,61,Bacteria,Bacillota,Bacilli,Lactobacillales,Lactobacillaceae,Lacticaseibacillus,Lacticaseibacillus rhamnosus,Lacticaseibacillus rhamnosus_5,610
APPS0056_S650,APPS0056_S650_metabat2_17,P33,W6,P33_W6,APPS,2,APPS,6/11/23,PR,metabat2,7522840,412,57224,63,Bacteria,Bacteroidota,Bacteroidia,Bacteroidales,Bacteroidaceae,Bacteroides,Bacteroides thetaiotaomicron,NA,NA
APPS0056_S650,APPS0056_S650_metabat2_75,P33,W6,P33_W6,APPS,2,APPS,6/11/23,PR,metabat2,2107002,622,3738,63,Bacteria,Bacillota,Clostridia,Peptostreptococcales,Anaerovoracaceae,Emergencia,Emergencia sp904420065,Emergencia sp904420065_1,557
APPS0056_S650,APPS0056_S650_concoct_73,P33,W6,P33_W6,APPS,2,APPS,6/11/23,PR,concoct,2507760,883,3350,51,Bacteria,Bacillota,Clostridia,Oscillospirales,Ruminococcaceae,Ruthenibacterium,Ruthenibacterium sp905212515,Ruthenibacterium sp905212515_1,287
APPS0056_S650,APPS0056_S650_metabat2_24,P33,W6,P33_W6,APPS,2,APPS,6/11/23,PR,metabat2,3679266,342,15333,57,Bacteria,Bacillota,Clostridia,Lachnospirales,Lachnospiraceae,Scatomonas,Scatomonas hejianensis,Scatomonas hejianensis_1,515
APPS0056_S650,APPS0056_S650_maxbin2_064,P33,W6,P33_W6,APPS,2,APPS,6/11/23,PR,maxbin2,3123424,1084,3956,75,Bacteria,Bacillota,Clostridia,Lachnospirales,Lachnospiraceae,,Lachnospiraceae sp.,NA,NA
APPS0057_S651,APPS0057_S651_concoct_63,P34,W6,P34_W6,APPS,2,APPS,6/11/23,PR,concoct,2972509,30,428939,100,Bacteria,Bacillota,Bacilli,Lactobacillales,Enterococcaceae,Enterococcus,Enterococcus faecalis,Enterococcus faecalis_1,2
APPS0057_S651,APPS0057_S651_concoct_45,P34,W6,P34_W6,APPS,2,APPS,6/11/23,PR,concoct,2010768,33,217190,100,Bacteria,Bacillota,Clostridia,Tissierellales,Peptoniphilaceae,Anaerococcus,Anaerococcus vaginalis_C,Anaerococcus vaginalis_C_2,661
APPS0057_S651,APPS0057_S651_metabat2_77,P34,W6,P34_W6,APPS,2,APPS,6/11/23,PR,metabat2,4452600,70,106192,100,Bacteria,Bacteroidota,Bacteroidia,Bacteroidales,Bacteroidaceae,Bacteroides,Bacteroides uniformis,Bacteroides uniformis_1,37
APPS0057_S651,APPS0057_S651_metabat2_38,P34,W6,P34_W6,APPS,2,APPS,6/11/23,PR,metabat2,2860248,60,103958,100,Bacteria,Bacteroidota,Bacteroidia,Bacteroidales,Bacteroidaceae,Prevotella,Prevotella sp.,Prevotella sp._1,708
APPS0057_S651,APPS0057_S651_metabat2_20,P34,W6,P34_W6,APPS,2,APPS,6/11/23,PR,metabat2,3291187,60,99292,100,Bacteria,Actinomycetota,Coriobacteriia,Coriobacteriales,Eggerthellaceae,Eggerthella,Eggerthella lenta,Eggerthella lenta_1,3
APPS0057_S651,APPS0057_S651_metabat2_18,P34,W6,P34_W6,APPS,2,APPS,6/11/23,PR,metabat2,1583048,101,26841,100,Bacteria,Bacillota,Bacilli,Lactobacillales,Lactobacillaceae,Leuconostoc,Leuconostoc lactis,Leuconostoc lactis_1,518
APPS0057_S651,APPS0057_S651_concoct_79,P34,W6,P34_W6,APPS,2,APPS,6/11/23,PR,concoct,4222876,37,249128,98,Bacteria,Bacillota,Clostridia,Eubacteriales,Eubacteriaceae,Eubacterium,Eubacterium callanderi,Eubacterium callanderi_1,53
APPS0057_S651,APPS0057_S651_metabat2_44,P34,W6,P34_W6,APPS,2,APPS,6/11/23,PR,metabat2,2236979,54,58278,98,Bacteria,Bacillota,Clostridia,Oscillospirales,Oscillospiraceae,Faecousia,Faecousia intestinalis,Faecousia intestinalis_1,65
APPS0057_S651,APPS0057_S651_metabat2_17,P34,W6,P34_W6,APPS,2,APPS,6/11/23,PR,metabat2,2540451,66,57358,98,Bacteria,Pseudomonadota,Gammaproteobacteria,Burkholderiales,Burkholderiaceae,Turicimonas,Turicimonas muris,Turicimonas muris_1,448
APPS0057_S651,APPS0057_S651_metabat2_86,P34,W6,P34_W6,APPS,2,APPS,6/11/23,PR,metabat2,2659997,73,55284,100,Bacteria,Bacillota,Clostridia,Lachnospirales,Lachnospiraceae,Mediterraneibacter,Mediterraneibacter torques,Mediterraneibacter torques_1,5
APPS0057_S651,APPS0057_S651_concoct_99,P34,W6,P34_W6,APPS,2,APPS,6/11/23,PR,concoct,4446170,196,52257,98,Bacteria,Bacillota,Clostridia,Lachnospirales,Lachnospiraceae,Ruminococcus_B,Ruminococcus_B gnavus,Ruminococcus_B gnavus_1,198
APPS0057_S651,APPS0057_S651_concoct_20,P34,W6,P34_W6,APPS,2,APPS,6/11/23,PR,concoct,2111399,29,151093,96,Bacteria,Bacillota,Clostridia,Peptostreptococcales,Anaerovoracaceae,Fimisoma,Fimisoma sp000435715,Fimisoma sp000435715_1,36
APPS0057_S651,APPS0057_S651_metabat2_32,P34,W6,P34_W6,APPS,2,APPS,6/11/23,PR,metabat2,2193832,67,69563,96,Bacteria,Bacillota,Clostridia,Oscillospirales,Ruminococcaceae,Ruthenibacterium,Ruthenibacterium merdipullorum,Ruthenibacterium merdipullorum_1,119
APPS0057_S651,APPS0057_S651_metabat2_1,P34,W6,P34_W6,APPS,2,APPS,6/11/23,PR,metabat2,3809577,220,27225,96,Bacteria,Bacillota,Clostridia,Oscillospirales,Oscillospiraceae,UMGS1202,UMGS1202 sp900549565,UMGS1202 sp900549565_1,279
APPS0057_S651,APPS0057_S651_concoct_21,P34,W6,P34_W6,APPS,2,APPS,6/11/23,PR,concoct,3170575,281,18746,96,Bacteria,Bacillota,Clostridia,Oscillospirales,Ruminococcaceae,Ruthenibacterium,Ruthenibacterium lactatiformans,Ruthenibacterium lactatiformans_1,11
APPS0057_S651,APPS0057_S651_concoct_84,P34,W6,P34_W6,APPS,2,APPS,6/11/23,PR,concoct,1745946,268,9567,96,Bacteria,Bacillota,Bacilli,Lactobacillales,Lactobacillaceae,Limosilactobacillus,Limosilactobacillus fermentum,Limosilactobacillus fermentum_1,211
APPS0057_S651,APPS0057_S651_concoct_94,P34,W6,P34_W6,APPS,2,APPS,6/11/23,PR,concoct,2793544,42,138199,98,Bacteria,Bacillota,Clostridia,Oscillospirales,Acutalibacteraceae,Hominenteromicrobium,Hominenteromicrobium sp900549945,Hominenteromicrobium sp900549945_1,92
APPS0057_S651,APPS0057_S651_metabat2_65,P34,W6,P34_W6,APPS,2,APPS,6/11/23,PR,metabat2,3917955,103,63712,98,Bacteria,Bacillota,Clostridia,Oscillospirales,Acutalibacteraceae,Acutalibacter,Acutalibacter timonensis,Acutalibacter timonensis_1,49
APPS0057_S651,APPS0057_S651_concoct_51,P34,W6,P34_W6,APPS,2,APPS,6/11/23,PR,concoct,3167876,110,52967,98,Bacteria,Bacillota,Clostridia,Oscillospirales,Ruminococcaceae,Anaerotruncus,Anaerotruncus massiliensis,Anaerotruncus massiliensis_1,158
APPS0057_S651,APPS0057_S651_concoct_118,P34,W6,P34_W6,APPS,2,APPS,6/11/23,PR,concoct,1904145,87,40036,98,Bacteria,Bacillota,Clostridia,Oscillospirales,Acutalibacteraceae,UMGS1071,UMGS1071 sp900541905,UMGS1071 sp900541905_1,375
APPS0057_S651,APPS0057_S651_concoct_69,P34,W6,P34_W6,APPS,2,APPS,6/11/23,PR,concoct,3122965,48,116191,100,Bacteria,Bacillota,Clostridia,Lachnospirales,Lachnospiraceae,Sellimonas,Sellimonas intestinalis,Sellimonas intestinalis_1,42
APPS0057_S651,APPS0057_S651_concoct_19,P34,W6,P34_W6,APPS,2,APPS,6/11/23,PR,concoct,2832271,131,40102,96,Bacteria,Bacillota,Clostridia,Oscillospirales,Ruminococcaceae,Anaerotruncus,Anaerotruncus colihominis,Anaerotruncus colihominis_1,188
APPS0057_S651,APPS0057_S651_concoct_73,P34,W6,P34_W6,APPS,2,APPS,6/11/23,PR,concoct,4385537,105,107932,94,Bacteria,Bacillota,Bacilli,Lactobacillales,Enterococcaceae,Enterococcus_A,Enterococcus_A raffinosus,Enterococcus_A raffinosus_1,635
APPS0057_S651,APPS0057_S651_concoct_10,P34,W6,P34_W6,APPS,2,APPS,6/11/23,PR,concoct,6341489,281,62360,100,Bacteria,Bacillota,Bacilli,Erysipelotrichales,Coprobacillaceae,Thomasclavelia,Thomasclavelia ramosa,NA,NA
APPS0057_S651,APPS0057_S651_concoct_50,P34,W6,P34_W6,APPS,2,APPS,6/11/23,PR,concoct,3812228,27,228292,96,Bacteria,Bacillota,Clostridia,Lachnospirales,Lachnospiraceae,Clostridium_AP,Clostridium_AP sp000509125,Clostridium_AP sp000509125_1,34
APPS0057_S651,APPS0057_S651_concoct_61,P34,W6,P34_W6,APPS,2,APPS,6/11/23,PR,concoct,5859745,165,65162,94,Bacteria,Bacillota,Clostridia,Lachnospirales,Lachnospiraceae,Blautia,Blautia celeris,Blautia celeris_1,126
APPS0057_S651,APPS0057_S651_concoct_121,P34,W6,P34_W6,APPS,2,APPS,6/11/23,PR,concoct,2653554,123,36109,94,Bacteria,Bacillota,Clostridia,Lachnospirales,Lachnospiraceae,Frisingicoccus,Frisingicoccus sp902471845,Frisingicoccus sp902471845_1,109
APPS0057_S651,APPS0057_S651_concoct_47,P34,W6,P34_W6,APPS,2,APPS,6/11/23,PR,concoct,2833560,47,106735,98,Bacteria,Bacillota,Clostridia,Oscillospirales,Acutalibacteraceae,Fimivicinus,Fimivicinus sp900544375,Fimivicinus sp900544375_1,29
APPS0057_S651,APPS0057_S651_concoct_74,P34,W6,P34_W6,APPS,2,APPS,6/11/23,PR,concoct,1989190,30,100487,92,Bacteria,Bacillota,Clostridia,Oscillospirales,Oscillospiraceae,Vescimonas,Vescimonas sp900545585,Vescimonas sp900545585_1,413
APPS0057_S651,APPS0057_S651_metabat2_29,P34,W6,P34_W6,APPS,2,APPS,6/11/23,PR,metabat2,2786945,372,11124,88,Bacteria,Bacillota,Clostridia,Lachnospirales,Lachnospiraceae,Blautia_A,Blautia_A caecimuris,NA,NA
APPS0057_S651,APPS0057_S651_concoct_120,P34,W6,P34_W6,APPS,2,APPS,6/11/23,PR,concoct,4208614,959,5542,86,Bacteria,Bacillota,Clostridia,Lachnospirales,Lachnospiraceae,Scatomonas,Scatomonas hejianensis,NA,NA
APPS0057_S651,APPS0057_S651_concoct_28,P34,W6,P34_W6,APPS,2,APPS,6/11/23,PR,concoct,4525427,222,28386,88,Bacteria,Bacillota,Clostridia,Lachnospirales,Lachnospiraceae,Otoolea,Otoolea symbiosa,Otoolea symbiosa_1,149
APPS0057_S651,APPS0057_S651_metabat2_68,P34,W6,P34_W6,APPS,2,APPS,6/11/23,PR,metabat2,1674605,24,104672,82,Bacteria,Bacillota,Clostridia,Oscillospirales,Oscillospiraceae,Oscillibacter,Oscillibacter welbionis,Oscillibacter welbionis_1,105
APPS0057_S651,APPS0057_S651_concoct_58,P34,W6,P34_W6,APPS,2,APPS,6/11/23,PR,concoct,2047174,684,3820,82,Bacteria,Synergistota,Synergistia,Synergistales,Dethiosulfovibrionaceae,Pyramidobacter,Pyramidobacter piscolens,Pyramidobacter piscolens_1,210
APPS0057_S651,APPS0057_S651_concoct_3,P34,W6,P34_W6,APPS,2,APPS,6/11/23,PR,concoct,1752329,678,3007,82,Bacteria,Bacillota,Clostridia,UBA1212,UBA1255,Egerieisoma,Egerieisoma sp900543695,Egerieisoma sp900543695_2,547
APPS0057_S651,APPS0057_S651_metabat2_21,P34,W6,P34_W6,APPS,2,APPS,6/11/23,PR,metabat2,3271570,688,6014,80,Bacteria,Bacillota,Bacilli,Erysipelotrichales,Erysipelotrichaceae,Clostridium_AQ,Clostridium_AQ innocuum,Clostridium_AQ innocuum_1,20
APPS0057_S651,APPS0057_S651_concoct_35,P34,W6,P34_W6,APPS,2,APPS,6/11/23,PR,concoct,2983123,45,130849,82,Bacteria,Bacillota,Clostridia,Lachnospirales,Lachnospiraceae,Alitiscatomonas,Alitiscatomonas aceti,Alitiscatomonas aceti_1,306
APPS0057_S651,APPS0057_S651_concoct_25,P34,W6,P34_W6,APPS,2,APPS,6/11/23,PR,concoct,6923898,508,20063,88,Bacteria,Bacillota,Clostridia,Lachnospirales,Lachnospiraceae,Eisenbergiella,Eisenbergiella porci,Eisenbergiella porci_1,314
APPS0057_S651,APPS0057_S651_metabat2_30,P34,W6,P34_W6,APPS,2,APPS,6/11/23,PR,metabat2,3234210,70,82202,78,Bacteria,Bacillota,Clostridia,Oscillospirales,Oscillospiraceae,Lawsonibacter,Lawsonibacter sp900545895,Lawsonibacter sp900545895_1,407
APPS0057_S651,APPS0057_S651_metabat2_23,P34,W6,P34_W6,APPS,2,APPS,6/11/23,PR,metabat2,1969447,168,17303,78,Bacteria,Bacillota,Clostridia,Oscillospirales,Oscillospiraceae,Evtepia,Evtepia excrementipullorum,Evtepia excrementipullorum_1,404
APPS0057_S651,APPS0057_S651_concoct_14,P34,W6,P34_W6,APPS,2,APPS,6/11/23,PR,concoct,1908128,560,3865,73,Bacteria,Bacillota,Clostridia,Peptostreptococcales,Anaerovoracaceae,Lentihominibacter,Lentihominibacter excrementipullorum,Lentihominibacter excrementipullorum_1,110
APPS0057_S651,APPS0057_S651_concoct_87,P34,W6,P34_W6,APPS,2,APPS,6/11/23,PR,concoct,2397906,960,2860,73,Bacteria,Bacteroidota,Bacteroidia,Bacteroidales,Barnesiellaceae,Barnesiella,Barnesiella intestinihominis,Barnesiella intestinihominis_1,9
APPS0057_S651,APPS0057_S651_metabat2_47,P34,W6,P34_W6,APPS,2,APPS,6/11/23,PR,metabat2,513702,2,482349,71,Bacteria,Bacillota,Clostridia,Lachnospirales,Lachnospiraceae,Anaerostipes,Anaerostipes caccae,NA,NA
APPS0057_S651,APPS0057_S651_concoct_57,P34,W6,P34_W6,APPS,2,APPS,6/11/23,PR,concoct,3242146,18,333347,84,Bacteria,Bacillota,Clostridia,Lachnospirales,Lachnospiraceae,Anaerostipes,Anaerostipes caccae,NA,NA
APPS0057_S651,APPS0057_S651_concoct_106,P34,W6,P34_W6,APPS,2,APPS,6/11/23,PR,concoct,1776460,944,1974,76,Bacteria,Bacillota,Clostridia,Oscillospirales,Acutalibacteraceae,Timburyella,Timburyella sp030842085,NA,NA
APPS0057_S651,APPS0057_S651_concoct_24,P34,W6,P34_W6,APPS,2,APPS,6/11/23,PR,concoct,6186758,450,42971,92,Bacteria,Bacteroidota,Bacteroidia,Bacteroidales,Bacteroidaceae,Bacteroides,Bacteroides caccae,NA,NA
APPS0057_S651,APPS0057_S651_concoct_0,P34,W6,P34_W6,APPS,2,APPS,6/11/23,PR,concoct,3996546,81,91988,51,Bacteria,Bacteroidota,Bacteroidia,Bacteroidales,Tannerellaceae,Parabacteroides,Parabacteroides merdae,Parabacteroides merdae_1,28
APPS0058_S652,APPS0058_S652_concoct_29,P35,W6,P35_W6,APPS,2,APPS,6/11/23,PR,concoct,3605728,33,257779,100,Bacteria,Bacteroidota,Bacteroidia,Bacteroidales,Rikenellaceae,Alistipes,Alistipes onderdonkii,Alistipes onderdonkii_1,14
APPS0058_S652,APPS0058_S652_concoct_42,P35,W6,P35_W6,APPS,2,APPS,6/11/23,PR,concoct,2979601,37,242332,100,Bacteria,Bacillota,Bacilli,Lactobacillales,Enterococcaceae,Enterococcus,Enterococcus faecalis,Enterococcus faecalis_1,2
APPS0058_S652,APPS0058_S652_metabat2_15,P35,W6,P35_W6,APPS,2,APPS,6/11/23,PR,metabat2,3020544,55,95141,100,Bacteria,Actinomycetota,Coriobacteriia,Coriobacteriales,Eggerthellaceae,Eggerthella,Eggerthella lenta,Eggerthella lenta_1,3
APPS0058_S652,APPS0058_S652_concoct_49,P35,W6,P35_W6,APPS,2,APPS,6/11/23,PR,concoct,2138906,42,86404,100,Bacteria,Bacillota,Clostridia,Oscillospirales,Oscillospiraceae,CAG-103,CAG-103 sp900543625,CAG-103 sp900543625_1,54
APPS0058_S652,APPS0058_S652_concoct_54,P35,W6,P35_W6,APPS,2,APPS,6/11/23,PR,concoct,2996098,37,124375,98,Bacteria,Bacillota,Bacilli,Erysipelotrichales,Erysipelotrichaceae,Longicatena,Longicatena caecimuris,Longicatena caecimuris_1,107
APPS0058_S652,APPS0058_S652_metabat2_54,P35,W6,P35_W6,APPS,2,APPS,6/11/23,PR,metabat2,4275583,118,65067,98,Bacteria,Desulfobacterota_I,Desulfovibrionia,Desulfovibrionales,Desulfovibrionaceae,Bilophila,Bilophila wadsworthia,Bilophila wadsworthia_2,45
APPS0058_S652,APPS0058_S652_concoct_2,P35,W6,P35_W6,APPS,2,APPS,6/11/23,PR,concoct,2821769,241,19468,98,Bacteria,Bacteroidota,Bacteroidia,Bacteroidales,Bacteroidaceae,Prevotella,Prevotella sp003447235,Prevotella sp003447235_1,291
APPS0058_S652,APPS0058_S652_metabat2_27,P35,W6,P35_W6,APPS,2,APPS,6/11/23,PR,metabat2,2440421,19,248247,100,Bacteria,Bacillota,Negativicutes,Acidaminococcales,Acidaminococcaceae,Phascolarctobacterium,Phascolarctobacterium faecium,Phascolarctobacterium faecium_1,17
APPS0058_S652,APPS0058_S652_concoct_80,P35,W6,P35_W6,APPS,2,APPS,6/11/23,PR,concoct,2253004,16,257267,96,Bacteria,Bacillota,Clostridia,Peptostreptococcales,Anaerovoracaceae,Fimisoma,Fimisoma sp000435715,Fimisoma sp000435715_1,36
APPS0058_S652,APPS0058_S652_metabat2_38,P35,W6,P35_W6,APPS,2,APPS,6/11/23,PR,metabat2,3282839,56,97710,98,Bacteria,Bacillota,Clostridia,Lachnospirales,Lachnospiraceae,Laedolimicola,Laedolimicola faecalis,Laedolimicola faecalis_1,497
APPS0058_S652,APPS0058_S652_concoct_85,P35,W6,P35_W6,APPS,2,APPS,6/11/23,PR,concoct,3673261,9,838875,100,Bacteria,Bacillota,Clostridia,Lachnospirales,Lachnospiraceae,Anaerostipes,Anaerostipes caccae,Anaerostipes caccae_1,56
APPS0058_S652,APPS0058_S652_concoct_46,P35,W6,P35_W6,APPS,2,APPS,6/11/23,PR,concoct,5518550,62,185274,100,Bacteria,Bacillota,Clostridia,Lachnospirales,Lachnospiraceae,Blautia,Blautia celeris,Blautia celeris_1,126
APPS0058_S652,APPS0058_S652_metabat2_50,P35,W6,P35_W6,APPS,2,APPS,6/11/23,PR,metabat2,2965708,65,73239,100,Bacteria,Bacillota,Clostridia,Lachnospirales,Lachnospiraceae,Clostridium_AP,Clostridium_AP scindens,Clostridium_AP scindens_1,199
APPS0058_S652,APPS0058_S652_concoct_50,P35,W6,P35_W6,APPS,2,APPS,6/11/23,PR,concoct,1884433,33,88297,94,Bacteria,Bacillota,Bacilli,Erysipelotrichales,Erysipelotrichaceae,Massilicoli,Massilicoli timonensis,Massilicoli timonensis_1,134
APPS0058_S652,APPS0058_S652_metabat2_23,P35,W6,P35_W6,APPS,2,APPS,6/11/23,PR,metabat2,3056572,188,26614,94,Bacteria,Bacteroidota,Bacteroidia,Bacteroidales,Barnesiellaceae,Barnesiella,Barnesiella intestinihominis,Barnesiella intestinihominis_1,9
APPS0058_S652,APPS0058_S652_concoct_10,P35,W6,P35_W6,APPS,2,APPS,6/11/23,PR,concoct,4513231,319,19680,94,Bacteria,Bacteroidota,Bacteroidia,Bacteroidales,Tannerellaceae,Parabacteroides,Parabacteroides distasonis,Parabacteroides distasonis_1,1
APPS0058_S652,APPS0058_S652_concoct_32,P35,W6,P35_W6,APPS,2,APPS,6/11/23,PR,concoct,2732784,39,172081,96,Bacteria,Bacillota,Clostridia,Oscillospirales,Ruminococcaceae,Ruthenibacterium,Ruthenibacterium sp018380115,Ruthenibacterium sp018380115_1,118
APPS0058_S652,APPS0058_S652_metabat2_45,P35,W6,P35_W6,APPS,2,APPS,6/11/23,PR,metabat2,2339223,41,99398,98,Bacteria,Bacillota,Clostridia,Oscillospirales,Oscillospiraceae,Vescimonas,Vescimonas sp000435975,Vescimonas sp000435975_1,93
APPS0058_S652,APPS0058_S652_concoct_26,P35,W6,P35_W6,APPS,2,APPS,6/11/23,PR,concoct,3901405,56,89745,98,Bacteria,Bacillota,Clostridia,Lachnospirales,Lachnospiraceae,Extibacter,Extibacter hylemonae,Extibacter hylemonae_1,125
APPS0058_S652,APPS0058_S652_metabat2_49,P35,W6,P35_W6,APPS,2,APPS,6/11/23,PR,metabat2,3098332,28,176555,100,Bacteria,Bacillota,Clostridia,Lachnospirales,Lachnospiraceae,Sellimonas,Sellimonas intestinalis,Sellimonas intestinalis_1,42
APPS0058_S652,APPS0058_S652_metabat2_18,P35,W6,P35_W6,APPS,2,APPS,6/11/23,PR,metabat2,5090952,129,72698,100,Bacteria,Bacillota,Clostridia,Lachnospirales,Lachnospiraceae,Faecalicatena,Faecalicatena contortus_B,Faecalicatena contortus_B_1,550
APPS0058_S652,APPS0058_S652_metabat2_17,P35,W6,P35_W6,APPS,2,APPS,6/11/23,PR,metabat2,3491363,206,25455,96,Bacteria,Bacillota,Clostridia,Oscillospirales,Ruminococcaceae,Ruthenibacterium,Ruthenibacterium lactatiformans,Ruthenibacterium lactatiformans_1,11
APPS0058_S652,APPS0058_S652_concoct_24,P35,W6,P35_W6,APPS,2,APPS,6/11/23,PR,concoct,2939073,45,106766,98,Bacteria,Bacillota,Clostridia,Oscillospirales,Acutalibacteraceae,Fimivicinus,Fimivicinus sp900544375,Fimivicinus sp900544375_1,29
APPS0058_S652,APPS0058_S652_concoct_58,P35,W6,P35_W6,APPS,2,APPS,6/11/23,PR,concoct,3605142,1165,3670,78,Bacteria,Bacteroidota,Bacteroidia,Bacteroidales,Marinifilaceae,Butyricimonas,Butyricimonas faecihominis,Butyricimonas faecihominis_1,526
APPS0058_S652,APPS0058_S652_concoct_55,P35,W6,P35_W6,APPS,2,APPS,6/11/23,PR,concoct,2329409,857,3182,80,Bacteria,Bacillota,Bacilli,Lactobacillales,Lactobacillaceae,Lacticaseibacillus,Lacticaseibacillus rhamnosus,Lacticaseibacillus rhamnosus_2,102
APPS0058_S652,APPS0058_S652_metabat2_36,P35,W6,P35_W6,APPS,2,APPS,6/11/23,PR,metabat2,2559427,150,27613,69,Bacteria,Bacteroidota,Bacteroidia,Bacteroidales,Rikenellaceae,Alistipes,Alistipes communis,Alistipes communis_1,141
APPS0058_S652,APPS0058_S652_metabat2_42,P35,W6,P35_W6,APPS,2,APPS,6/11/23,PR,metabat2,4731798,1359,3911,78,Bacteria,Bacillota,Bacilli,Erysipelotrichales,Coprobacillaceae,Longibaculum,Longibaculum muris,NA,NA
APPS0058_S652,APPS0058_S652_concoct_40,P35,W6,P35_W6,APPS,2,APPS,6/11/23,PR,concoct,2221789,432,5904,86,Bacteria,Bacteroidota,Bacteroidia,Bacteroidales,Rikenellaceae,Alistipes,Alistipes communis,NA,NA
APPS0058_S652,APPS0058_S652_concoct_39,P35,W6,P35_W6,APPS,2,APPS,6/11/23,PR,concoct,1332294,706,1979,63,Bacteria,Bacillota,Clostridia,Christensenellales,Christensenellaceae,,Christensenellaceae sp.,NA,NA
APPS0058_S652,APPS0058_S652_maxbin2_045,P35,W6,P35_W6,APPS,2,APPS,6/11/23,PR,maxbin2,1495763,77,23389,61,Bacteria,Bacteroidota,Bacteroidia,Bacteroidales,Bacteroidaceae,JAQWAN01,JAQWAN01 sp.,NA,NA
APPS0058_S652,APPS0058_S652_maxbin2_054,P35,W6,P35_W6,APPS,2,APPS,6/11/23,PR,maxbin2,4778275,747,12210,78,Bacteria,Bacillota,Bacilli,Erysipelotrichales,Erysipelotrichaceae,Clostridium_AQ,Clostridium_AQ sp.,NA,NA
APPS0058_S652,APPS0058_S652_concoct_19,P35,W6,P35_W6,APPS,2,APPS,6/11/23,PR,concoct,1619736,1034,1514,59,Bacteria,Pseudomonadota,Gammaproteobacteria,Enterobacterales,Enterobacteriaceae,Klebsiella,Klebsiella pneumoniae,NA,NA
APPS0058_S652,APPS0058_S652_concoct_25,P35,W6,P35_W6,APPS,2,APPS,6/11/23,PR,concoct,3011343,379,10099,53,Bacteria,Bacteroidota,Bacteroidia,Bacteroidales,Marinifilaceae,Odoribacter,Odoribacter splanchnicus,Odoribacter splanchnicus_1,21
APPS0058_S652,APPS0058_S652_concoct_83,P35,W6,P35_W6,APPS,2,APPS,6/11/23,PR,concoct,2604187,584,5404,53,Bacteria,Bacillota,Bacilli,Erysipelotrichales,Erysipelotrichaceae,Dielma,Dielma fastidiosa,Dielma fastidiosa_1,192
APPS0059_S653,APPS0059_S653_concoct_55,P36,W6,P36_W6,APPS,2,APPS,6/11/23,PR,concoct,4743362,64,113237,100,Bacteria,Bacteroidota,Bacteroidia,Bacteroidales,Tannerellaceae,Parabacteroides,Parabacteroides distasonis,Parabacteroides distasonis_1,1
APPS0059_S653,APPS0059_S653_metabat2_9,P36,W6,P36_W6,APPS,2,APPS,6/11/23,PR,metabat2,4088034,79,93075,100,Bacteria,Bacteroidota,Bacteroidia,Bacteroidales,Tannerellaceae,Parabacteroides,Parabacteroides merdae,Parabacteroides merdae_1,28
APPS0059_S653,APPS0059_S653_concoct_32,P36,W6,P36_W6,APPS,2,APPS,6/11/23,PR,concoct,3124882,229,23760,100,Bacteria,Bacillota,Bacilli,Lactobacillales,Enterococcaceae,Enterococcus_B,Enterococcus_B faecium,Enterococcus_B faecium_1,27
APPS0059_S653,APPS0059_S653_concoct_56,P36,W6,P36_W6,APPS,2,APPS,6/11/23,PR,concoct,4126338,80,90084,98,Bacteria,Bacillota,Bacilli,Erysipelotrichales,Erysipelotrichaceae,Clostridium_AQ,Clostridium_AQ innocuum,Clostridium_AQ innocuum_1,20
APPS0059_S653,APPS0059_S653_concoct_43,P36,W6,P36_W6,APPS,2,APPS,6/11/23,PR,concoct,5309717,73,124207,100,Bacteria,Pseudomonadota,Gammaproteobacteria,Enterobacterales,Enterobacteriaceae,Klebsiella,Klebsiella aerogenes,Klebsiella aerogenes_1,606
APPS0059_S653,APPS0059_S653_concoct_33,P36,W6,P36_W6,APPS,2,APPS,6/11/23,PR,concoct,2971393,172,24721,98,Bacteria,Bacillota,Bacilli,Lactobacillales,Lactobacillaceae,Lacticaseibacillus,Lacticaseibacillus rhamnosus,Lacticaseibacillus rhamnosus_1,68
APPS0059_S653,APPS0059_S653_concoct_30,P36,W6,P36_W6,APPS,2,APPS,6/11/23,PR,concoct,3056282,1221,2895,90,Bacteria,Desulfobacterota_I,Desulfovibrionia,Desulfovibrionales,Desulfovibrionaceae,Bilophila,Bilophila wadsworthia,Bilophila wadsworthia_2,45
APPS0059_S653,APPS0059_S653_concoct_38,P36,W6,P36_W6,APPS,2,APPS,6/11/23,PR,concoct,1252416,602,2190,76,Bacteria,Pseudomonadota,Gammaproteobacteria,Burkholderiales,Burkholderiaceae,Sutterella,Sutterella wadsworthensis_A,Sutterella wadsworthensis_A_1,10
APPS0059_S653,APPS0059_S653_concoct_37,P36,W6,P36_W6,APPS,2,APPS,6/11/23,PR,concoct,3534123,758,5689,71,Bacteria,Bacillota,Bacilli,Lactobacillales,Enterococcaceae,Enterococcus_A,Enterococcus_A avium,Enterococcus_A avium_1,176
APPS0059_S653,APPS0059_S653_concoct_26,P36,W6,P36_W6,APPS,2,APPS,6/11/23,PR,concoct,3940952,1881,2255,84,Bacteria,Bacillota,Bacilli,Erysipelotrichales,Coprobacillaceae,Thomasclavelia,Thomasclavelia sp000508865,NA,NA
APPS0059_S653,APPS0059_S653_concoct_21,P36,W6,P36_W6,APPS,2,APPS,6/11/23,PR,concoct,1552152,922,1675,59,Bacteria,Bacillota,Bacilli,Erysipelotrichales,Erysipelotrichaceae,Holdemania,Holdemania filiformis,NA,NA
APPS0059_S653,APPS0059_S653_metabat2_17,P36,W6,P36_W6,APPS,2,APPS,6/11/23,PR,metabat2,3210687,75,73323,53,Bacteria,Bacteroidota,Bacteroidia,Bacteroidales,Bacteroidaceae,Bacteroides,Bacteroides stercoris,Bacteroides stercoris_1,112
APPS0060_S654,APPS0060_S654_concoct_26,P37,W6,P37_W6,APPS,2,APPS,6/11/23,PR,concoct,2766706,12,510653,100,Bacteria,Bacillota,Bacilli,Lactobacillales,Enterococcaceae,Enterococcus,Enterococcus faecalis,Enterococcus faecalis_1,2
APPS0060_S654,APPS0060_S654_concoct_58,P37,W6,P37_W6,APPS,2,APPS,6/11/23,PR,concoct,2203760,89,217516,100,Bacteria,Actinomycetota,Actinomycetes,Mycobacteriales,Mycobacteriaceae,Lawsonella,Lawsonella sp018376445,Lawsonella sp018376445_1,253
APPS0060_S654,APPS0060_S654_concoct_89,P37,W6,P37_W6,APPS,2,APPS,6/11/23,PR,concoct,2040092,77,172340,100,Bacteria,Bacillota,Clostridia,Tissierellales,Peptoniphilaceae,Finegoldia,Finegoldia magna,Finegoldia magna_2,657
APPS0060_S654,APPS0060_S654_concoct_29,P37,W6,P37_W6,APPS,2,APPS,6/11/23,PR,concoct,2505815,38,130443,100,Bacteria,Actinomycetota,Actinomycetes,Mycobacteriales,Mycobacteriaceae,Corynebacterium,Corynebacterium jeikeium_D,Corynebacterium jeikeium_D_1,367
APPS0060_S654,APPS0060_S654_concoct_46,P37,W6,P37_W6,APPS,2,APPS,6/11/23,PR,concoct,2802691,56,91937,100,Bacteria,Bacteroidota,Bacteroidia,Bacteroidales,Rikenellaceae,Alistipes,Alistipes putredinis,Alistipes putredinis_1,4
APPS0060_S654,APPS0060_S654_metabat2_37,P37,W6,P37_W6,APPS,2,APPS,6/11/23,PR,metabat2,2563423,59,82838,100,Bacteria,Bacillota,Bacilli,Staphylococcales,Staphylococcaceae,Staphylococcus,Staphylococcus epidermidis,Staphylococcus epidermidis_1,178
APPS0060_S654,APPS0060_S654_concoct_21,P37,W6,P37_W6,APPS,2,APPS,6/11/23,PR,concoct,2822486,64,79601,100,Bacteria,Pseudomonadota,Gammaproteobacteria,Burkholderiales,Burkholderiaceae,Sutterella,Sutterella wadsworthensis,Sutterella wadsworthensis_2,444
APPS0060_S654,APPS0060_S654_concoct_85,P37,W6,P37_W6,APPS,2,APPS,6/11/23,PR,concoct,2739764,157,31993,100,Bacteria,Bacillota,Bacilli,Lactobacillales,Enterococcaceae,Enterococcus_B,Enterococcus_B faecium,Enterococcus_B faecium_1,27
APPS0060_S654,APPS0060_S654_concoct_48,P37,W6,P37_W6,APPS,2,APPS,6/11/23,PR,concoct,4131840,39,163875,98,Bacteria,Bacillota,Clostridia,Peptostreptococcales,Anaerovoracaceae,Emergencia,Emergencia sp900066695,Emergencia sp900066695_1,555
APPS0060_S654,APPS0060_S654_concoct_65,P37,W6,P37_W6,APPS,2,APPS,6/11/23,PR,concoct,2197086,64,92149,98,Bacteria,Bacillota,Negativicutes,Veillonellales,Veillonellaceae,Veillonella,Veillonella sp.,Veillonella sp._1,300
APPS0060_S654,APPS0060_S654_metabat2_68,P37,W6,P37_W6,APPS,2,APPS,6/11/23,PR,metabat2,4257800,175,44498,98,Bacteria,Desulfobacterota_I,Desulfovibrionia,Desulfovibrionales,Desulfovibrionaceae,Bilophila,Bilophila wadsworthia,Bilophila wadsworthia_2,45
APPS0060_S654,APPS0060_S654_metabat2_53,P37,W6,P37_W6,APPS,2,APPS,6/11/23,PR,metabat2,1560881,249,8266,100,Bacteria,Bacillota,Clostridia,Tissierellales,Peptoniphilaceae,Peptoniphilus_A,Peptoniphilus_A harei,Peptoniphilus_A harei_1,653
APPS0060_S654,APPS0060_S654_metabat2_43,P37,W6,P37_W6,APPS,2,APPS,6/11/23,PR,metabat2,2812924,246,20413,96,Bacteria,Actinomycetota,Coriobacteriia,Coriobacteriales,Eggerthellaceae,Eggerthella,Eggerthella lenta,Eggerthella lenta_1,3
APPS0060_S654,APPS0060_S654_concoct_6,P37,W6,P37_W6,APPS,2,APPS,6/11/23,PR,concoct,2210922,35,116839,98,Bacteria,Bacillota,Clostridia,Oscillospirales,Oscillospiraceae,Vescimonas,Vescimonas coprocola,Vescimonas coprocola_1,7
APPS0060_S654,APPS0060_S654_concoct_75,P37,W6,P37_W6,APPS,2,APPS,6/11/23,PR,concoct,2710746,49,94960,98,Bacteria,Bacillota,Negativicutes,Veillonellales,Megasphaeraceae,Caecibacter,Caecibacter sp003467125,Caecibacter sp003467125_1,692
APPS0060_S654,APPS0060_S654_metabat2_54,P37,W6,P37_W6,APPS,2,APPS,6/11/23,PR,metabat2,2260279,75,56037,98,Bacteria,Bacillota,Clostridia,Oscillospirales,Oscillospiraceae,Evtepia,Evtepia gabavorous,Evtepia gabavorous_1,19
APPS0060_S654,APPS0060_S654_maxbin2_009,P37,W6,P37_W6,APPS,2,APPS,6/11/23,PR,maxbin2,1615763,36,135609,94,Bacteria,Campylobacterota,Campylobacteria,Campylobacterales,Campylobacteraceae,Campylobacter_B,Campylobacter_B hominis,Campylobacter_B hominis_1,115
APPS0060_S654,APPS0060_S654_concoct_4,P37,W6,P37_W6,APPS,2,APPS,6/11/23,PR,concoct,2773209,42,119857,94,Bacteria,Verrucomicrobiota,Verrucomicrobiia,Verrucomicrobiales,Akkermansiaceae,Akkermansia,Akkermansia muciniphila,Akkermansia muciniphila_1,6
APPS0060_S654,APPS0060_S654_concoct_9,P37,W6,P37_W6,APPS,2,APPS,6/11/23,PR,concoct,3104983,146,37842,96,Bacteria,Bacillota,Clostridia,Oscillospirales,Ruminococcaceae,Gemmiger,Gemmiger formicilis,Gemmiger formicilis_1,72
APPS0060_S654,APPS0060_S654_concoct_79,P37,W6,P37_W6,APPS,2,APPS,6/11/23,PR,concoct,4838520,182,37513,98,Bacteria,Bacillota,Clostridia,Lachnospirales,Lachnospiraceae,Otoolea,Otoolea symbiosa,Otoolea symbiosa_1,149
APPS0060_S654,APPS0060_S654_concoct_55,P37,W6,P37_W6,APPS,2,APPS,6/11/23,PR,concoct,3083159,25,415278,100,Bacteria,Bacillota,Clostridia,Lachnospirales,Lachnospiraceae,Sellimonas,Sellimonas intestinalis,Sellimonas intestinalis_1,42
APPS0060_S654,APPS0060_S654_metabat2_27,P37,W6,P37_W6,APPS,2,APPS,6/11/23,PR,metabat2,3841197,55,126948,98,Bacteria,Bacillota,Clostridia,Lachnospirales,Lachnospiraceae,Clostridium_AP,Clostridium_AP sp000509125,Clostridium_AP sp000509125_1,34
APPS0060_S654,APPS0060_S654_concoct_81,P37,W6,P37_W6,APPS,2,APPS,6/11/23,PR,concoct,5409908,63,140741,98,Bacteria,Bacillota,Clostridia,Lachnospirales,Lachnospiraceae,Blautia,Blautia celeris,Blautia celeris_1,126
APPS0060_S654,APPS0060_S654_concoct_69,P37,W6,P37_W6,APPS,2,APPS,6/11/23,PR,concoct,2033384,272,9181,92,Bacteria,Bacillota,Clostridia,Peptostreptococcales,Anaerovoracaceae,Lentihominibacter,Lentihominibacter hominis,Lentihominibacter hominis_1,590
APPS0060_S654,APPS0060_S654_metabat2_65,P37,W6,P37_W6,APPS,2,APPS,6/11/23,PR,metabat2,2650590,158,22555,94,Bacteria,Bacillota,Clostridia,Oscillospirales,Acutalibacteraceae,UMGS1623,UMGS1623 sp934647945,UMGS1623 sp934647945_1,136
APPS0060_S654,APPS0060_S654_concoct_17,P37,W6,P37_W6,APPS,2,APPS,6/11/23,PR,concoct,2692747,575,6357,94,Bacteria,Bacillota,Clostridia,Oscillospirales,Ruminococcaceae,Ruthenibacterium,Ruthenibacterium lactatiformans,Ruthenibacterium lactatiformans_1,11
APPS0060_S654,APPS0060_S654_metabat2_10,P37,W6,P37_W6,APPS,2,APPS,6/11/23,PR,metabat2,5216709,159,67407,96,Bacteria,Bacillota,Clostridia,Lachnospirales,Lachnospiraceae,Faecalicatena_A,Faecalicatena_A sp.,Faecalicatena_A sp._1,516
APPS0060_S654,APPS0060_S654_metabat2_47,P37,W6,P37_W6,APPS,2,APPS,6/11/23,PR,metabat2,2764786,124,33321,88,Bacteria,Bacteroidota,Bacteroidia,Bacteroidales,Rikenellaceae,Alistipes,Alistipes shahii,Alistipes shahii_1,123
APPS0060_S654,APPS0060_S654_metabat2_29,P37,W6,P37_W6,APPS,2,APPS,6/11/23,PR,metabat2,2054909,286,10850,86,Bacteria,Bacillota,Clostridia,Lachnospirales,Lachnospiraceae,Mediterraneibacter,Mediterraneibacter torques,Mediterraneibacter torques_1,5
APPS0060_S654,APPS0060_S654_concoct_10,P37,W6,P37_W6,APPS,2,APPS,6/11/23,PR,concoct,4455695,977,5554,76,Bacteria,Pseudomonadota,Gammaproteobacteria,Enterobacterales,Enterobacteriaceae,Klebsiella,Klebsiella pneumoniae,Klebsiella pneumoniae_1,83
APPS0060_S654,APPS0060_S654_concoct_54,P37,W6,P37_W6,APPS,2,APPS,6/11/23,PR,concoct,4750173,145,104386,100,Bacteria,Bacillota,Clostridia,Peptostreptococcales,Peptostreptococcaceae,Clostridioides,Clostridioides difficile,NA,NA
APPS0060_S654,APPS0060_S654_metabat2_16,P37,W6,P37_W6,APPS,2,APPS,6/11/23,PR,metabat2,1858471,221,10713,71,Bacteria,Bacillota,Clostridia,Peptostreptococcales,Anaerovoracaceae,Fimisoma,Fimisoma sp000435715,Fimisoma sp000435715_1,36
APPS0060_S654,APPS0060_S654_metabat2_36,P37,W6,P37_W6,APPS,2,APPS,6/11/23,PR,metabat2,4239041,371,16210,86,Bacteria,Bacillota,Clostridia,Oscillospirales,Oscillospiraceae,Flavonifractor,Flavonifractor plautii,NA,NA
APPS0060_S654,APPS0060_S654_concoct_80,P37,W6,P37_W6,APPS,2,APPS,6/11/23,PR,concoct,1538950,778,2070,69,Bacteria,Actinomycetota,Actinomycetes,Actinomycetales,Actinomycetaceae,Mobiluncus,Mobiluncus sp034180645,Mobiluncus sp034180645_1,206
APPS0060_S654,APPS0060_S654_metabat2_7,P37,W6,P37_W6,APPS,2,APPS,6/11/23,PR,metabat2,1692421,334,6060,65,Bacteria,Bacillota,Clostridia,Oscillospirales,Ruminococcaceae,Negativibacillus,Negativibacillus sp000435195,Negativibacillus sp000435195_1,155
APPS0060_S654,APPS0060_S654_concoct_28,P37,W6,P37_W6,APPS,2,APPS,6/11/23,PR,concoct,2378010,1170,2147,65,Bacteria,Pseudomonadota,Gammaproteobacteria,Enterobacterales,Enterobacteriaceae,Proteus,Proteus mirabilis,Proteus mirabilis_1,100
APPS0060_S654,APPS0060_S654_metabat2_35,P37,W6,P37_W6,APPS,2,APPS,6/11/23,PR,metabat2,4389713,90,88357,61,Bacteria,Bacteroidota,Bacteroidia,Bacteroidales,Bacteroidaceae,Phocaeicola,Phocaeicola vulgatus,Phocaeicola vulgatus_1,44
APPS0060_S654,APPS0060_S654_metabat2_33,P37,W6,P37_W6,APPS,2,APPS,6/11/23,PR,metabat2,1537441,623,2475,57,Bacteria,Bacillota,Clostridia,Clostridiales,Clostridiaceae,Clostridium,Clostridium sp900766315,Clostridium sp900766315_1,645
APPS0060_S654,APPS0060_S654_metabat2_40,P37,W6,P37_W6,APPS,2,APPS,6/11/23,PR,metabat2,4579720,262,26188,51,Bacteria,Bacteroidota,Bacteroidia,Bacteroidales,Tannerellaceae,Parabacteroides,Parabacteroides distasonis,Parabacteroides distasonis_1,1
APPS0061_S655,APPS0061_S655_metabat2_7,P38,W6,P38_W6,APPS,2,APPS,6/11/23,PR,metabat2,4145425,37,194677,100,Bacteria,Bacillota,Clostridia,Peptostreptococcales,Anaerovoracaceae,Hominibacterium,Hominibacterium faecale,Hominibacterium faecale_1,311
APPS0061_S655,APPS0061_S655_concoct_39,P38,W6,P38_W6,APPS,2,APPS,6/11/23,PR,concoct,4197734,105,61596,100,Bacteria,Bacillota,Bacilli,Lactobacillales,Enterococcaceae,Enterococcus_A,Enterococcus_A avium,Enterococcus_A avium_1,176
APPS0061_S655,APPS0061_S655_concoct_17,P38,W6,P38_W6,APPS,2,APPS,6/11/23,PR,concoct,2293450,18,214528,98,Bacteria,Bacillota,Bacilli,Erysipelotrichales,Erysipelotrichaceae,Copranaerobaculum,Copranaerobaculum intestinale,Copranaerobaculum intestinale_1,220
APPS0061_S655,APPS0061_S655_metabat2_1,P38,W6,P38_W6,APPS,2,APPS,6/11/23,PR,metabat2,3684256,62,100835,98,Bacteria,Bacillota,Bacilli,Erysipelotrichales,Coprobacillaceae,Thomasclavelia,Thomasclavelia ramosa,Thomasclavelia ramosa_1,133
APPS0061_S655,APPS0061_S655_concoct_19,P38,W6,P38_W6,APPS,2,APPS,6/11/23,PR,concoct,4280252,180,38141,98,Bacteria,Pseudomonadota,Gammaproteobacteria,Xanthomonadales,Xanthomonadaceae,Stenotrophomonas,Stenotrophomonas pavanii,Stenotrophomonas pavanii_1,437
APPS0061_S655,APPS0061_S655_metabat2_3,P38,W6,P38_W6,APPS,2,APPS,6/11/23,PR,metabat2,3557659,27,286046,100,Bacteria,Bacillota,Clostridia,Lachnospirales,Lachnospiraceae,Blautia_A,Blautia_A hydrogenotrophica,Blautia_A hydrogenotrophica_1,48
APPS0061_S655,APPS0061_S655_concoct_21,P38,W6,P38_W6,APPS,2,APPS,6/11/23,PR,concoct,3283496,87,80592,100,Bacteria,Bacillota,Clostridia,Lachnospirales,Lachnospiraceae,Ruminococcus_B,Ruminococcus_B gnavus,Ruminococcus_B gnavus_1,198
APPS0061_S655,APPS0061_S655_concoct_76,P38,W6,P38_W6,APPS,2,APPS,6/11/23,PR,concoct,2597200,119,33610,100,Bacteria,Bacillota,Clostridia,Oscillospirales,Oscillospiraceae,Scatomorpha,Scatomorpha intestinigallinarum,Scatomorpha intestinigallinarum_1,74
APPS0061_S655,APPS0061_S655_concoct_13,P38,W6,P38_W6,APPS,2,APPS,6/11/23,PR,concoct,2311959,24,139797,98,Bacteria,Bacillota,Clostridia,Oscillospirales,Acutalibacteraceae,CAG-177,CAG-177 sp003514385,CAG-177 sp003514385_2,416
APPS0061_S655,APPS0061_S655_metabat2_5,P38,W6,P38_W6,APPS,2,APPS,6/11/23,PR,metabat2,5755913,45,243186,100,Bacteria,Bacillota,Clostridia,Lachnospirales,Lachnospiraceae,Blautia,Blautia coccoides,Blautia coccoides_1,145
APPS0061_S655,APPS0061_S655_concoct_83,P38,W6,P38_W6,APPS,2,APPS,6/11/23,PR,concoct,3860917,70,135158,100,Bacteria,Bacillota,Clostridia,Lachnospirales,Lachnospiraceae,Clostridium_AP,Clostridium_AP sp000509125,Clostridium_AP sp000509125_1,34
APPS0061_S655,APPS0061_S655_metabat2_26,P38,W6,P38_W6,APPS,2,APPS,6/11/23,PR,metabat2,1670047,24,138650,96,Bacteria,Bacillota,Bacilli,Lactobacillales,Lactobacillaceae,Lactobacillus,Lactobacillus sp910589175,Lactobacillus sp910589175_1,346
APPS0061_S655,APPS0061_S655_concoct_18,P38,W6,P38_W6,APPS,2,APPS,6/11/23,PR,concoct,2887734,18,344851,98,Bacteria,Bacillota,Bacilli,Lactobacillales,Lactobacillaceae,Lacticaseibacillus,Lacticaseibacillus rhamnosus,Lacticaseibacillus rhamnosus_1,68
APPS0061_S655,APPS0061_S655_metabat2_2,P38,W6,P38_W6,APPS,2,APPS,6/11/23,PR,metabat2,3502217,74,72497,98,Bacteria,Desulfobacterota_I,Desulfovibrionia,Desulfovibrionales,Desulfovibrionaceae,Desulfovibrio,Desulfovibrio fairfieldensis_A,Desulfovibrio fairfieldensis_A_1,179
APPS0061_S655,APPS0061_S655_concoct_77,P38,W6,P38_W6,APPS,2,APPS,6/11/23,PR,concoct,3012669,26,214440,100,Bacteria,Bacillota,Clostridia,Lachnospirales,Lachnospiraceae,Sellimonas,Sellimonas intestinalis,Sellimonas intestinalis_1,42
APPS0061_S655,APPS0061_S655_concoct_3,P38,W6,P38_W6,APPS,2,APPS,6/11/23,PR,concoct,4008730,319,21126,100,Bacteria,Actinomycetota,Coriobacteriia,Coriobacteriales,Eggerthellaceae,Eggerthella,Eggerthella lenta,Eggerthella lenta_1,3
APPS0061_S655,APPS0061_S655_maxbin2_015,P38,W6,P38_W6,APPS,2,APPS,6/11/23,PR,maxbin2,2443183,75,109728,94,Bacteria,Actinomycetota,Actinomycetes,Actinomycetales,Actinomycetaceae,Pauljensenia,Pauljensenia sp001838165,Pauljensenia sp001838165_1,578
APPS0061_S655,APPS0061_S655_concoct_53,P38,W6,P38_W6,APPS,2,APPS,6/11/23,PR,concoct,2346278,46,108555,94,Bacteria,Bacillota,Clostridia,Oscillospirales,Oscillospiraceae,Faecousia,Faecousia intestinalis,Faecousia intestinalis_1,65
APPS0061_S655,APPS0061_S655_concoct_0,P38,W6,P38_W6,APPS,2,APPS,6/11/23,PR,concoct,2427668,132,27840,94,Bacteria,Bacillota,Clostridia,Christensenellales,Borkfalkiaceae,Borkfalkia,Borkfalkia ceftriaxoniphila,Borkfalkia ceftriaxoniphila_1,244
APPS0061_S655,APPS0061_S655_metabat2_41,P38,W6,P38_W6,APPS,2,APPS,6/11/23,PR,metabat2,6878540,281,36952,96,Bacteria,Bacillota,Clostridia,Lachnospirales,Lachnospiraceae,Catenibacillus,Catenibacillus sp.,Catenibacillus sp._1,522
APPS0061_S655,APPS0061_S655_concoct_6,P38,W6,P38_W6,APPS,2,APPS,6/11/23,PR,concoct,2334984,410,8446,90,Bacteria,Bacillota,Clostridia,Christensenellales,Borkfalkiaceae,UMGS775,UMGS775 sp900545325,UMGS775 sp900545325_1,316
APPS0061_S655,APPS0061_S655_metabat2_21,P38,W6,P38_W6,APPS,2,APPS,6/11/23,PR,metabat2,2671113,369,11121,88,Bacteria,Bacillota,Clostridia,Lachnospirales,Lachnospiraceae,Faecalimonas,Faecalimonas phoceensis,Faecalimonas phoceensis_1,536
APPS0061_S655,APPS0061_S655_metabat2_25,P38,W6,P38_W6,APPS,2,APPS,6/11/23,PR,metabat2,4367962,591,10469,90,Bacteria,Bacillota,Clostridia,Oscillospirales,Acutalibacteraceae,Acutalibacter,Acutalibacter timonensis,Acutalibacter timonensis_1,49
APPS0061_S655,APPS0061_S655_concoct_1,P38,W6,P38_W6,APPS,2,APPS,6/11/23,PR,concoct,7233016,196,56513,98,Bacteria,Bacillota,Clostridia,Lachnospirales,Lachnospiraceae,Eisenbergiella,Eisenbergiella tayi,Eisenbergiella tayi_1,79
APPS0061_S655,APPS0061_S655_metabat2_43,P38,W6,P38_W6,APPS,2,APPS,6/11/23,PR,metabat2,3441638,532,8419,84,Bacteria,Bacillota,Clostridia,Oscillospirales,Oscillospiraceae,Flavonifractor,Flavonifractor plautii,Flavonifractor plautii_1,63
APPS0061_S655,APPS0061_S655_concoct_16,P38,W6,P38_W6,APPS,2,APPS,6/11/23,PR,concoct,1316663,356,4707,75,Bacteria,Actinomycetota,Actinomycetes,Actinomycetales,Bifidobacteriaceae,Scardovia,Scardovia wiggsiae,Scardovia wiggsiae_2,492
APPS0061_S655,APPS0061_S655_concoct_8,P38,W6,P38_W6,APPS,2,APPS,6/11/23,PR,concoct,1261118,571,2402,73,Bacteria,Bacillota,Clostridia,Oscillospirales,Ruminococcaceae,Paludihabitans,Paludihabitans sp900543295,Paludihabitans sp900543295_1,276
APPS0061_S655,APPS0061_S655_concoct_31,P38,W6,P38_W6,APPS,2,APPS,6/11/23,PR,concoct,1525536,386,5297,88,Bacteria,Bacillota,Clostridia,Oscillospirales,Oscillospiraceae,Vescimonas,Vescimonas cirricatena,NA,NA
APPS0061_S655,APPS0061_S655_concoct_61,P38,W6,P38_W6,APPS,2,APPS,6/11/23,PR,concoct,3349197,1278,3039,63,Bacteria,Actinomycetota,Coriobacteriia,Coriobacteriales,Eggerthellaceae,Gordonibacter,Gordonibacter pamelaeae,Gordonibacter pamelaeae_1,463
APPS0061_S655,APPS0061_S655_maxbin2_035,P38,W6,P38_W6,APPS,2,APPS,6/11/23,PR,maxbin2,1664380,366,10287,71,Bacteria,Actinomycetota,Actinomycetes,Actinomycetales,Actinomycetaceae,Pauljensenia,Pauljensenia sp.,NA,NA
APPS0061_S655,APPS0061_S655_concoct_14,P38,W6,P38_W6,APPS,2,APPS,6/11/23,PR,concoct,1165416,601,2032,76,Bacteria,Bacillota,Bacilli,Lactobacillales,Streptococcaceae,Streptococcus,Streptococcus gordonii,Streptococcus gordonii_1,624
APPS0062_S656,APPS0062_S656_maxbin2_004,P39,W6,P39_W6,APPS,2,APPS,6/11/23,PR,maxbin2,2877300,82,435806,100,Bacteria,Actinomycetota,Actinomycetes,Actinomycetales,Bifidobacteriaceae,Bifidobacterium,Bifidobacterium dentium,Bifidobacterium dentium_1,140
APPS0062_S656,APPS0062_S656_concoct_42,P39,W6,P39_W6,APPS,2,APPS,6/11/23,PR,concoct,2239727,23,193214,100,Bacteria,Pseudomonadota,Gammaproteobacteria,Burkholderiales,Burkholderiaceae,Duodenibacillus,Duodenibacillus intestinavium,Duodenibacillus intestinavium_1,293
APPS0062_S656,APPS0062_S656_concoct_43,P39,W6,P39_W6,APPS,2,APPS,6/11/23,PR,concoct,5442395,67,177581,100,Bacteria,Pseudomonadota,Gammaproteobacteria,Enterobacterales,Enterobacteriaceae,Klebsiella,Klebsiella pneumoniae,Klebsiella pneumoniae_1,83
APPS0062_S656,APPS0062_S656_metabat2_32,P39,W6,P39_W6,APPS,2,APPS,6/11/23,PR,metabat2,5853680,83,109506,100,Bacteria,Bacteroidota,Bacteroidia,Bacteroidales,Bacteroidaceae,Bacteroides,Bacteroides faecis,Bacteroides faecis_1,337
APPS0062_S656,APPS0062_S656_concoct_10,P39,W6,P39_W6,APPS,2,APPS,6/11/23,PR,concoct,2865823,111,47292,100,Bacteria,Bacillota,Bacilli,Lactobacillales,Enterococcaceae,Enterococcus_B,Enterococcus_B faecium,Enterococcus_B faecium_1,27
APPS0062_S656,APPS0062_S656_metabat2_3,P39,W6,P39_W6,APPS,2,APPS,6/11/23,PR,metabat2,1932314,200,15095,100,Bacteria,Bacillota,Clostridia,Tissierellales,Peptoniphilaceae,Finegoldia,Finegoldia magna_H,Finegoldia magna_H_1,354
APPS0062_S656,APPS0062_S656_concoct_37,P39,W6,P39_W6,APPS,2,APPS,6/11/23,PR,concoct,2370973,214,20998,100,Bacteria,Bacillota,Bacilli,Lactobacillales,Lactobacillaceae,Lactobacillus,Lactobacillus paragasseri,Lactobacillus paragasseri_1,175
APPS0062_S656,APPS0062_S656_metabat2_16,P39,W6,P39_W6,APPS,2,APPS,6/11/23,PR,metabat2,2969763,83,57703,98,Bacteria,Bacillota,Bacilli,Lactobacillales,Lactobacillaceae,Lacticaseibacillus,Lacticaseibacillus rhamnosus,Lacticaseibacillus rhamnosus_1,68
APPS0062_S656,APPS0062_S656_maxbin2_011,P39,W6,P39_W6,APPS,2,APPS,6/11/23,PR,maxbin2,2598891,113,62897,92,Bacteria,Bacillota,Bacilli,Lactobacillales,Enterococcaceae,Enterococcus,Enterococcus faecalis,Enterococcus faecalis_1,2
APPS0062_S656,APPS0062_S656_metabat2_2,P39,W6,P39_W6,APPS,2,APPS,6/11/23,PR,metabat2,947022,8,204865,63,Bacteria,Bacillota,Negativicutes,Veillonellales,Veillonellaceae,Veillonella,Veillonella atypica,NA,NA
APPS0062_S656,APPS0062_S656_concoct_48,P39,W6,P39_W6,APPS,2,APPS,6/11/23,PR,concoct,1864921,1002,1959,57,Bacteria,Bacillota,Clostridia,Lachnospirales,Lachnospiraceae,Enterocloster,Enterocloster sp005845215,NA,NA
APPS0065_S657,APPS0065_S657_concoct_13,P40,W6,P40_W6,APPS,2,APPS,6/11/23,PR,concoct,1804826,15,424180,100,Bacteria,Actinomycetota,Actinomycetes,Mycobacteriales,Mycobacteriaceae,Lawsonella,Lawsonella sp.,Lawsonella sp._1,333
APPS0065_S657,APPS0065_S657_maxbin2_003,P40,W6,P40_W6,APPS,2,APPS,6/11/23,PR,maxbin2,3158739,97,247341,100,Bacteria,Bacillota,Bacilli,Lactobacillales,Enterococcaceae,Enterococcus,Enterococcus faecalis,Enterococcus faecalis_1,2
APPS0065_S657,APPS0065_S657_metabat2_49,P40,W6,P40_W6,APPS,2,APPS,6/11/23,PR,metabat2,3269156,32,166426,100,Bacteria,Bacillota,Clostridia,Lachnospirales,Lachnospiraceae,Blautia_A,Blautia_A hydrogenotrophica,Blautia_A hydrogenotrophica_1,48
APPS0065_S657,APPS0065_S657_concoct_72,P40,W6,P40_W6,APPS,2,APPS,6/11/23,PR,concoct,5047901,81,151576,100,Bacteria,Pseudomonadota,Gammaproteobacteria,Enterobacterales,Enterobacteriaceae,Escherichia,Escherichia coli,Escherichia coli_1,16
APPS0065_S657,APPS0065_S657_metabat2_54,P40,W6,P40_W6,APPS,2,APPS,6/11/23,PR,metabat2,2044348,47,70379,100,Bacteria,Bacteroidota,Bacteroidia,Bacteroidales,Bacteroidaceae,Prevotella,Prevotella bivia,Prevotella bivia_1,180
APPS0065_S657,APPS0065_S657_concoct_66,P40,W6,P40_W6,APPS,2,APPS,6/11/23,PR,concoct,3774278,198,29702,100,Bacteria,Bacillota,Bacilli,Lactobacillales,Enterococcaceae,Enterococcus_A,Enterococcus_A avium,Enterococcus_A avium_1,176
APPS0065_S657,APPS0065_S657_concoct_22,P40,W6,P40_W6,APPS,2,APPS,6/11/23,PR,concoct,4255508,66,98901,98,Bacteria,Bacillota,Bacilli,Erysipelotrichales,Erysipelotrichaceae,Clostridium_AQ,Clostridium_AQ sp000165065,Clostridium_AQ sp000165065_1,78
APPS0065_S657,APPS0065_S657_metabat2_36,P40,W6,P40_W6,APPS,2,APPS,6/11/23,PR,metabat2,2258514,206,17050,98,Bacteria,Pseudomonadota,Gammaproteobacteria,Burkholderiales,Burkholderiaceae,Parasutterella,Parasutterella gallistercoris,Parasutterella gallistercoris_1,231
APPS0065_S657,APPS0065_S657_concoct_61,P40,W6,P40_W6,APPS,2,APPS,6/11/23,PR,concoct,2650001,25,148317,100,Bacteria,Bacillota,Clostridia,Christensenellales,Christensenellaceae,Christensenella,Christensenella minuta,Christensenella minuta_1,135
APPS0065_S657,APPS0065_S657_concoct_47,P40,W6,P40_W6,APPS,2,APPS,6/11/23,PR,concoct,2247891,175,20639,100,Bacteria,Bacillota,Clostridia,Lachnospirales,Lachnospiraceae,Mediterraneibacter,Mediterraneibacter torques,Mediterraneibacter torques_1,5
APPS0065_S657,APPS0065_S657_concoct_19,P40,W6,P40_W6,APPS,2,APPS,6/11/23,PR,concoct,2449702,190,20115,100,Bacteria,Bacillota,Clostridia,Lachnospirales,Anaerotignaceae,Anaerotignum,Anaerotignum sp001304995,Anaerotignum sp001304995_1,480
APPS0065_S657,APPS0065_S657_maxbin2_006,P40,W6,P40_W6,APPS,2,APPS,6/11/23,PR,maxbin2,2368858,47,73605,96,Bacteria,Bacillota,Clostridia,Oscillospirales,Ruminococcaceae,Ruthenibacterium,Ruthenibacterium merdipullorum,Ruthenibacterium merdipullorum_1,119
APPS0065_S657,APPS0065_S657_concoct_31,P40,W6,P40_W6,APPS,2,APPS,6/11/23,PR,concoct,2896068,456,9361,98,Bacteria,Bacillota,Bacilli,Lactobacillales,Lactobacillaceae,Lacticaseibacillus,Lacticaseibacillus paracasei,Lacticaseibacillus paracasei_1,152
APPS0065_S657,APPS0065_S657_metabat2_27,P40,W6,P40_W6,APPS,2,APPS,6/11/23,PR,metabat2,2929884,50,99012,94,Bacteria,Bacteroidota,Bacteroidia,Bacteroidales,Bacteroidaceae,Bacteroides,Bacteroides stercoris,Bacteroides stercoris_1,112
APPS0065_S657,APPS0065_S657_metabat2_24,P40,W6,P40_W6,APPS,2,APPS,6/11/23,PR,metabat2,5242859,199,61542,94,Bacteria,Bacteroidota,Bacteroidia,Bacteroidales,Bacteroidaceae,Phocaeicola,Phocaeicola dorei,Phocaeicola dorei_1,85
APPS0065_S657,APPS0065_S657_metabat2_4,P40,W6,P40_W6,APPS,2,APPS,6/11/23,PR,metabat2,4545215,775,7748,96,Bacteria,Bacillota,Clostridia,Lachnospirales,Lachnospiraceae,Enterocloster,Enterocloster bolteae,Enterocloster bolteae_1,148
APPS0065_S657,APPS0065_S657_concoct_4,P40,W6,P40_W6,APPS,2,APPS,6/11/23,PR,concoct,2746294,79,57694,96,Bacteria,Bacillota,Clostridia,Lachnospirales,Lachnospiraceae,Clostridium_AP,Clostridium_AP scindens,Clostridium_AP scindens_1,199
APPS0065_S657,APPS0065_S657_concoct_52,P40,W6,P40_W6,APPS,2,APPS,6/11/23,PR,concoct,6001999,369,30847,96,Bacteria,Bacillota,Clostridia,Oscillospirales,Ruminococcaceae,Ruthenibacterium,Ruthenibacterium lactatiformans,Ruthenibacterium lactatiformans_1,11
APPS0065_S657,APPS0065_S657_metabat2_14,P40,W6,P40_W6,APPS,2,APPS,6/11/23,PR,metabat2,3259902,62,99180,98,Bacteria,Bacillota,Clostridia,Lachnospirales,Lachnospiraceae,Sellimonas,Sellimonas intestinalis,Sellimonas intestinalis_1,42
APPS0065_S657,APPS0065_S657_concoct_49,P40,W6,P40_W6,APPS,2,APPS,6/11/23,PR,concoct,1658546,182,12770,86,Bacteria,Bacillota,Clostridia,Oscillospirales,Oscillospiraceae,Vescimonas,Vescimonas coprocola,Vescimonas coprocola_1,7
APPS0065_S657,APPS0065_S657_metabat2_56,P40,W6,P40_W6,APPS,2,APPS,6/11/23,PR,metabat2,3313258,278,20931,84,Bacteria,Actinomycetota,Coriobacteriia,Coriobacteriales,Eggerthellaceae,Eggerthella,Eggerthella lenta,Eggerthella lenta_1,3
APPS0065_S657,APPS0065_S657_concoct_67,P40,W6,P40_W6,APPS,2,APPS,6/11/23,PR,concoct,6372134,309,29411,94,Bacteria,Bacillota,Clostridia,Lachnospirales,Lachnospiraceae,Eisenbergiella,Eisenbergiella sp003478085,Eisenbergiella sp003478085_1,315
APPS0065_S657,APPS0065_S657_metabat2_51,P40,W6,P40_W6,APPS,2,APPS,6/11/23,PR,metabat2,3173593,106,47981,65,Bacteria,Bacillota,Clostridia,Oscillospirales,Oscillospiraceae,Flavonifractor,Flavonifractor plautii,Flavonifractor plautii_1,63
APPS0065_S657,APPS0065_S657_metabat2_29,P40,W6,P40_W6,APPS,2,APPS,6/11/23,PR,metabat2,808691,94,14461,59,Bacteria,Bacillota,Clostridia,Oscillospirales,Oscillospiraceae,Vescimonas,Vescimonas coprocola,NA,NA
APPS0065_S657,APPS0065_S657_concoct_21,P40,W6,P40_W6,APPS,2,APPS,6/11/23,PR,concoct,1521020,344,4678,61,Bacteria,Bacillota,Clostridia,Lachnospirales,Lachnospiraceae,Sellimonas,Sellimonas intestinalis,NA,NA
APPS0065_S657,APPS0065_S657_concoct_15,P40,W6,P40_W6,APPS,2,APPS,6/11/23,PR,concoct,4611062,71,128318,61,Bacteria,Bacteroidota,Bacteroidia,Bacteroidales,Bacteroidaceae,Bacteroides,Bacteroides uniformis,NA,NA
APPS0065_S657,APPS0065_S657_concoct_2,P40,W6,P40_W6,APPS,2,APPS,6/11/23,PR,concoct,1513584,831,1884,51,Bacteria,Bacillota,Clostridia,Oscillospirales,Acutalibacteraceae,Hominenteromicrobium,Hominenteromicrobium sp900549945,Hominenteromicrobium sp900549945_2,387
APPS0036PR-S2,APPS0066_S658_maxbin2_001,P13,W6,P13_W6,APPS,2,APPS,6/11/23,PR,maxbin2,2749338,21,373529,100,Bacteria,Actinomycetota,Actinomycetes,Actinomycetales,Bifidobacteriaceae,Bifidobacterium,Bifidobacterium dentium,Bifidobacterium dentium_1,140
APPS0036PR-S2,APPS0066_S658_concoct_24,P13,W6,P13_W6,APPS,2,APPS,6/11/23,PR,concoct,1944397,32,90511,100,Bacteria,Bacillota,Bacilli,Lactobacillales,Lactobacillaceae,Lactobacillus,Lactobacillus paragasseri,Lactobacillus paragasseri_1,175
APPS0036PR-S2,APPS0066_S658_concoct_34,P13,W6,P13_W6,APPS,2,APPS,6/11/23,PR,concoct,2392602,423,7342,94,Bacteria,Bacillota,Bacilli,Staphylococcales,Staphylococcaceae,Staphylococcus,Staphylococcus aureus,Staphylococcus aureus_1,268
APPS0036PR-S2,APPS0066_S658_concoct_12,P13,W6,P13_W6,APPS,2,APPS,6/11/23,PR,concoct,4671197,51,165060,100,Bacteria,Pseudomonadota,Gammaproteobacteria,Enterobacterales,Enterobacteriaceae,Escherichia,Escherichia coli,Escherichia coli_2,99
APPS0067_S659,APPS0067_S659_concoct_2,P41,W6,P41_W6,APPS,2,APPS,6/11/23,PR,concoct,3154157,213,24588,96,Bacteria,Bacillota,Bacilli,Lactobacillales,Enterococcaceae,Enterococcus_B,Enterococcus_B faecium,Enterococcus_B faecium_1,27
APPS0067_S659,APPS0067_S659_concoct_41,P41,W6,P41_W6,APPS,2,APPS,6/11/23,PR,concoct,2085592,435,6683,98,Bacteria,Bacillota,Bacilli,Acholeplasmatales,Anaeroplasmataceae,CAG-307,CAG-307 sp001916215,CAG-307 sp001916215_1,634
APPS0067_S659,APPS0067_S659_concoct_8,P41,W6,P41_W6,APPS,2,APPS,6/11/23,PR,concoct,6107916,45,259159,100,Bacteria,Bacillota,Clostridia,Lachnospirales,Lachnospiraceae,Blautia,Blautia celeris,Blautia celeris_1,126
APPS0067_S659,APPS0067_S659_metabat2_4,P41,W6,P41_W6,APPS,2,APPS,6/11/23,PR,metabat2,3211953,71,72542,98,Bacteria,Bacillota,Clostridia,Oscillospirales,Oscillospiraceae,Flavonifractor,Flavonifractor plautii,Flavonifractor plautii_1,63
APPS0067_S659,APPS0067_S659_metabat2_12,P41,W6,P41_W6,APPS,2,APPS,6/11/23,PR,metabat2,2905996,58,79532,100,Bacteria,Bacillota,Clostridia,Lachnospirales,Lachnospiraceae,Sellimonas,Sellimonas intestinalis,Sellimonas intestinalis_1,42
APPS0067_S659,APPS0067_S659_concoct_45,P41,W6,P41_W6,APPS,2,APPS,6/11/23,PR,concoct,3120793,64,104585,82,Bacteria,Bacillota,Bacilli,Lactobacillales,Enterococcaceae,Enterococcus,Enterococcus faecalis,Enterococcus faecalis_1,2
APPS0067_S659,APPS0067_S659_concoct_7,P41,W6,P41_W6,APPS,2,APPS,6/11/23,PR,concoct,2936959,1347,2364,65,Bacteria,Bacillota,Bacilli,Erysipelotrichales,Erysipelotrichaceae,Clostridium_AQ,Clostridium_AQ innocuum,Clostridium_AQ innocuum_1,20
APPS0067_S659,APPS0067_S659_concoct_28,P41,W6,P41_W6,APPS,2,APPS,6/11/23,PR,concoct,1745956,907,2052,65,Bacteria,Bacillota,Bacilli,Lactobacillales,Lactobacillaceae,Lacticaseibacillus,Lacticaseibacillus rhamnosus,Lacticaseibacillus rhamnosus_6,611
APPS0067_S659,APPS0067_S659_concoct_31,P41,W6,P41_W6,APPS,2,APPS,6/11/23,PR,concoct,2710719,1194,2523,96,Bacteria,Bacillota,Bacilli,Lactobacillales,Lactobacillaceae,Limosilactobacillus,Limosilactobacillus portuensis,NA,NA
APPS0067_S659,APPS0067_S659_concoct_18,P41,W6,P41_W6,APPS,2,APPS,6/11/23,PR,concoct,5019846,75,149928,61,Unclassified Bacteria,NA,NA,NA,NA,NA,Unclassified Bacteria sp.,NA,NA
APPS0068_S660,APPS0068_S660_concoct_15,P42,W6,P42_W6,APPS,2,APPS,6/11/23,PR,concoct,4458306,25,247666,100,Bacteria,Pseudomonadota,Gammaproteobacteria,Enterobacterales,Enterobacteriaceae,Enterobacter,Enterobacter hormaechei_C,Enterobacter hormaechei_C_1,209
APPS0068_S660,APPS0068_S660_metabat2_51,P42,W6,P42_W6,APPS,2,APPS,6/11/23,PR,metabat2,2997683,43,130137,100,Bacteria,Bacteroidota,Bacteroidia,Bacteroidales,Rikenellaceae,Alistipes,Alistipes onderdonkii,Alistipes onderdonkii_1,14
APPS0068_S660,APPS0068_S660_metabat2_40,P42,W6,P42_W6,APPS,2,APPS,6/11/23,PR,metabat2,3968363,73,85154,100,Bacteria,Bacteroidota,Bacteroidia,Bacteroidales,Marinifilaceae,Odoribacter,Odoribacter splanchnicus,Odoribacter splanchnicus_1,21
APPS0068_S660,APPS0068_S660_concoct_69,P42,W6,P42_W6,APPS,2,APPS,6/11/23,PR,concoct,2843463,104,46884,100,Bacteria,Bacillota,Bacilli,Lactobacillales,Enterococcaceae,Enterococcus,Enterococcus faecalis,Enterococcus faecalis_1,2
APPS0068_S660,APPS0068_S660_metabat2_20,P42,W6,P42_W6,APPS,2,APPS,6/11/23,PR,metabat2,3124521,215,22563,100,Bacteria,Actinomycetota,Coriobacteriia,Coriobacteriales,Eggerthellaceae,Eggerthella,Eggerthella lenta,Eggerthella lenta_1,3
APPS0068_S660,APPS0068_S660_metabat2_36,P42,W6,P42_W6,APPS,2,APPS,6/11/23,PR,metabat2,3107162,262,18144,100,Bacteria,Bacillota,Bacilli,Erysipelotrichales,Coprobacillaceae,Thomasclavelia,Thomasclavelia ramosa,Thomasclavelia ramosa_1,133
APPS0068_S660,APPS0068_S660_concoct_72,P42,W6,P42_W6,APPS,2,APPS,6/11/23,PR,concoct,4091454,22,367792,98,Bacteria,Bacillota,Clostridia,Eubacteriales,Eubacteriaceae,Eubacterium,Eubacterium callanderi,Eubacterium callanderi_1,53
APPS0068_S660,APPS0068_S660_metabat2_13,P42,W6,P42_W6,APPS,2,APPS,6/11/23,PR,metabat2,2801248,53,85580,98,Bacteria,Bacillota,Bacilli,Erysipelotrichales,Erysipelotrichaceae,Longicatena,Longicatena caecimuris,Longicatena caecimuris_1,107
APPS0068_S660,APPS0068_S660_metabat2_5,P42,W6,P42_W6,APPS,2,APPS,6/11/23,PR,metabat2,3977943,144,49985,98,Bacteria,Desulfobacterota_I,Desulfovibrionia,Desulfovibrionales,Desulfovibrionaceae,Bilophila,Bilophila wadsworthia,Bilophila wadsworthia_2,45
APPS0068_S660,APPS0068_S660_metabat2_46,P42,W6,P42_W6,APPS,2,APPS,6/11/23,PR,metabat2,3212858,334,14513,98,Bacteria,Desulfobacterota_I,Desulfovibrionia,Desulfovibrionales,Desulfovibrionaceae,Desulfovibrio,Desulfovibrio sp009712225,Desulfovibrio sp009712225_1,701
APPS0068_S660,APPS0068_S660_concoct_112,P42,W6,P42_W6,APPS,2,APPS,6/11/23,PR,concoct,2154192,41,105164,96,Bacteria,Bacteroidota,Bacteroidia,Bacteroidales,Rikenellaceae,Tidjanibacter,Tidjanibacter inops,Tidjanibacter inops_1,500
APPS0068_S660,APPS0068_S660_concoct_79,P42,W6,P42_W6,APPS,2,APPS,6/11/23,PR,concoct,1854541,44,80954,98,Bacteria,Bacillota,Clostridia,Oscillospirales,Oscillospiraceae,Vescimonas,Vescimonas coprocola,Vescimonas coprocola_1,7
APPS0068_S660,APPS0068_S660_concoct_38,P42,W6,P42_W6,APPS,2,APPS,6/11/23,PR,concoct,2366385,70,48137,98,Bacteria,Bacillota,Clostridia,Lachnospirales,Lachnospiraceae,Mediterraneibacter,Mediterraneibacter torques,Mediterraneibacter torques_1,5
APPS0068_S660,APPS0068_S660_concoct_53,P42,W6,P42_W6,APPS,2,APPS,6/11/23,PR,concoct,2220126,137,28811,98,Bacteria,Actinomycetota,Coriobacteriia,Coriobacteriales,Coriobacteriaceae,Collinsella,Collinsella sp.,Collinsella sp._5,453
APPS0068_S660,APPS0068_S660_concoct_68,P42,W6,P42_W6,APPS,2,APPS,6/11/23,PR,concoct,4703666,41,153546,94,Bacteria,Bacteroidota,Bacteroidia,Bacteroidales,Tannerellaceae,Parabacteroides,Parabacteroides distasonis,Parabacteroides distasonis_1,1
APPS0068_S660,APPS0068_S660_metabat2_1,P42,W6,P42_W6,APPS,2,APPS,6/11/23,PR,metabat2,2646579,40,114422,96,Bacteria,Bacillota,Clostridia,Oscillospirales,Acutalibacteraceae,Acutalibacter,Acutalibacter stercoravium,Acutalibacter stercoravium_1,288
APPS0068_S660,APPS0068_S660_concoct_96,P42,W6,P42_W6,APPS,2,APPS,6/11/23,PR,concoct,2654882,142,33726,96,Bacteria,Bacillota,Clostridia,Oscillospirales,Ruminococcaceae,Ruthenibacterium,Ruthenibacterium sp018380115,Ruthenibacterium sp018380115_1,118
APPS0068_S660,APPS0068_S660_concoct_55,P42,W6,P42_W6,APPS,2,APPS,6/11/23,PR,concoct,3126874,49,115407,98,Bacteria,Bacillota,Clostridia,Oscillospirales,Ruminococcaceae,Anaerotruncus,Anaerotruncus colihominis,Anaerotruncus colihominis_1,188
APPS0068_S660,APPS0068_S660_concoct_26,P42,W6,P42_W6,APPS,2,APPS,6/11/23,PR,concoct,2224221,437,6489,94,Bacteria,Bacillota,Clostridia,Monoglobales,Monoglobaceae,Monoglobus,Monoglobus pectinilyticus,Monoglobus pectinilyticus_1,303
APPS0068_S660,APPS0068_S660_metabat2_43,P42,W6,P42_W6,APPS,2,APPS,6/11/23,PR,metabat2,3435614,95,61845,96,Bacteria,Bacillota,Clostridia,Oscillospirales,Oscillospiraceae,Intestinimonas,Intestinimonas butyriciproducens,Intestinimonas butyriciproducens_1,225
APPS0068_S660,APPS0068_S660_concoct_33,P42,W6,P42_W6,APPS,2,APPS,6/11/23,PR,concoct,3743561,35,159085,96,Bacteria,Bacillota,Clostridia,Lachnospirales,Lachnospiraceae,Clostridium_AP,Clostridium_AP sp000509125,Clostridium_AP sp000509125_1,34
APPS0068_S660,APPS0068_S660_metabat2_68,P42,W6,P42_W6,APPS,2,APPS,6/11/23,PR,metabat2,2263589,30,149808,90,Bacteria,Bacillota,Clostridia,Oscillospirales,Oscillospiraceae,Oscillibacter,Oscillibacter welbionis,Oscillibacter welbionis_1,105
APPS0068_S660,APPS0068_S660_concoct_2,P42,W6,P42_W6,APPS,2,APPS,6/11/23,PR,concoct,2056876,54,62403,90,Bacteria,Bacillota,Negativicutes,Acidaminococcales,Acidaminococcaceae,Acidaminococcus,Acidaminococcus intestini,Acidaminococcus intestini_1,271
APPS0068_S660,APPS0068_S660_metabat2_57,P42,W6,P42_W6,APPS,2,APPS,6/11/23,PR,metabat2,2728639,33,141883,98,Bacteria,Bacillota,Clostridia,Oscillospirales,Acutalibacteraceae,Fimivicinus,Fimivicinus sp900544715,Fimivicinus sp900544715_1,116
APPS0068_S660,APPS0068_S660_concoct_45,P42,W6,P42_W6,APPS,2,APPS,6/11/23,PR,concoct,7149025,400,58362,98,Bacteria,Bacillota,Clostridia,Lachnospirales,Lachnospiraceae,Blautia,Blautia celeris,Blautia celeris_1,126
APPS0068_S660,APPS0068_S660_concoct_107,P42,W6,P42_W6,APPS,2,APPS,6/11/23,PR,concoct,3258638,1271,3111,82,Bacteria,Bacillota,Bacilli,Erysipelotrichales,Erysipelotrichaceae,Holdemania,Holdemania massiliensis,Holdemania massiliensis_1,396
APPS0068_S660,APPS0068_S660_metabat2_48,P42,W6,P42_W6,APPS,2,APPS,6/11/23,PR,metabat2,3418403,35,152179,82,Bacteria,Bacillota,Clostridia,Lachnospirales,Lachnospiraceae,Anaerostipes,Anaerostipes caccae,Anaerostipes caccae_1,56
APPS0068_S660,APPS0068_S660_concoct_100,P42,W6,P42_W6,APPS,2,APPS,6/11/23,PR,concoct,3665338,162,53940,80,Bacteria,Bacteroidota,Bacteroidia,Bacteroidales,Rikenellaceae,Alistipes,Alistipes finegoldii,NA,NA
APPS0068_S660,APPS0068_S660_metabat2_72,P42,W6,P42_W6,APPS,2,APPS,6/11/23,PR,metabat2,2610355,59,69171,73,Bacteria,Bacillota,Clostridia,Lachnospirales,Lachnospiraceae,Schaedlerella,Schaedlerella glycyrrhizinilytica_A,Schaedlerella glycyrrhizinilytica_A_1,323
APPS0068_S660,APPS0068_S660_metabat2_78,P42,W6,P42_W6,APPS,2,APPS,6/11/23,PR,metabat2,2476193,231,15837,96,Bacteria,Bacillota,Clostridia,Lachnospirales,Lachnospiraceae,Sellimonas,Sellimonas intestinalis,Sellimonas intestinalis_1,42
APPS0068_S660,APPS0068_S660_concoct_57,P42,W6,P42_W6,APPS,2,APPS,6/11/23,PR,concoct,2891246,585,6332,71,Bacteria,Bacillota,Clostridia,Oscillospirales,Ruminococcaceae,Ruthenibacterium,Ruthenibacterium lactatiformans,Ruthenibacterium lactatiformans_1,11
APPS0068_S660,APPS0068_S660_maxbin2_031,P42,W6,P42_W6,APPS,2,APPS,6/11/23,PR,maxbin2,3462774,163,74401,96,Bacteria,Actinomycetota,Actinomycetes,Actinomycetales,Bifidobacteriaceae,Bifidobacterium,Bifidobacterium longum,NA,NA
APPS0068_S660,APPS0068_S660_metabat2_67,P42,W6,P42_W6,APPS,2,APPS,6/11/23,PR,metabat2,1531493,19,127010,65,Bacteria,Bacteroidota,Bacteroidia,Bacteroidales,Bacteroidaceae,Phocaeicola,Phocaeicola sp900760795,NA,NA
APPS0068_S660,APPS0068_S660_concoct_101,P42,W6,P42_W6,APPS,2,APPS,6/11/23,PR,concoct,1263291,526,2684,69,Bacteria,Bacillota,Clostridia,Oscillospirales,Acutalibacteraceae,UMGS1071,UMGS1071 sp900542375,UMGS1071 sp900542375_1,91
APPS0068_S660,APPS0068_S660_concoct_94,P42,W6,P42_W6,APPS,2,APPS,6/11/23,PR,concoct,4902165,166,52136,63,Bacteria,Bacteroidota,Bacteroidia,Bacteroidales,Tannerellaceae,Parabacteroides,Parabacteroides merdae,Parabacteroides merdae_1,28
APPS0068_S660,APPS0068_S660_metabat2_28,P42,W6,P42_W6,APPS,2,APPS,6/11/23,PR,metabat2,2342606,69,57893,65,Bacteria,Bacillota,Clostridia,Oscillospirales,Acutalibacteraceae,Acutalibacter,Acutalibacter sp900548545,Acutalibacter sp900548545_1,160
APPS0068_S660,APPS0068_S660_concoct_87,P42,W6,P42_W6,APPS,2,APPS,6/11/23,PR,concoct,5669899,258,32642,69,Bacteria,Bacillota,Clostridia,Lachnospirales,Lachnospiraceae,Enterocloster,Enterocloster bolteae,Enterocloster bolteae_1,148
APPS0068_S660,APPS0068_S660_maxbin2_051,P42,W6,P42_W6,APPS,2,APPS,6/11/23,PR,maxbin2,1676138,618,3153,76,Bacteria,Pseudomonadota,Gammaproteobacteria,Burkholderiales,Burkholderiaceae,Mesosutterella,Mesosutterella massiliensis,NA,NA
APPS0068_S660,APPS0068_S660_concoct_41,P42,W6,P42_W6,APPS,2,APPS,6/11/23,PR,concoct,2149992,650,3884,78,Bacteria,Bacillota,Clostridia,Oscillospirales,Butyricicoccaceae,Agathobaculum,Agathobaculum ammoniilyticum,Agathobaculum ammoniilyticum_1,278
APPS0068_S660,APPS0068_S660_metabat2_30,P42,W6,P42_W6,APPS,2,APPS,6/11/23,PR,metabat2,4795664,113,84232,100,Bacteria,Bacillota,Clostridia,Lachnospirales,Lachnospiraceae,Blautia_A,Blautia_A faecis,NA,NA
APPS0068_S660,APPS0068_S660_concoct_44,P42,W6,P42_W6,APPS,2,APPS,6/11/23,PR,concoct,5230009,76,112601,100,Unclassified,NA,NA,NA,NA,NA,Unclassified sp.,NA,NA
APPS0068_S660,APPS0068_S660_concoct_28,P42,W6,P42_W6,APPS,2,APPS,6/11/23,PR,concoct,1304740,49,68886,51,Unclassified Bacteria,NA,NA,NA,NA,NA,Unclassified Bacteria sp.,NA,NA
APPS0069_S661,APPS0069_S661_concoct_26,P43,W6,P43_W6,APPS,2,APPS,6/11/23,PR,concoct,2132982,34,206119,100,Bacteria,Actinomycetota,Actinomycetes,Actinomycetales,Actinomycetaceae,Mobiluncus,Mobiluncus sp034180645,Mobiluncus sp034180645_1,206
APPS0069_S661,APPS0069_S661_concoct_68,P43,W6,P43_W6,APPS,2,APPS,6/11/23,PR,concoct,2735709,27,196369,100,Bacteria,Bacillota,Bacilli,Lactobacillales,Enterococcaceae,Enterococcus,Enterococcus faecalis,Enterococcus faecalis_1,2
APPS0069_S661,APPS0069_S661_concoct_104,P43,W6,P43_W6,APPS,2,APPS,6/11/23,PR,concoct,3518759,51,167403,100,Bacteria,Bacteroidota,Bacteroidia,Bacteroidales,Rikenellaceae,Alistipes,Alistipes onderdonkii,Alistipes onderdonkii_1,14
APPS0069_S661,APPS0069_S661_concoct_41,P43,W6,P43_W6,APPS,2,APPS,6/11/23,PR,concoct,2439472,56,103222,100,Bacteria,Actinomycetota,Actinomycetes,Actinomycetales,Bifidobacteriaceae,Bifidobacterium,Bifidobacterium longum,Bifidobacterium longum_1,13
APPS0069_S661,APPS0069_S661_metabat2_73,P43,W6,P43_W6,APPS,2,APPS,6/11/23,PR,metabat2,3122907,145,44200,100,Bacteria,Bacteroidota,Bacteroidia,Bacteroidales,Barnesiellaceae,Barnesiella,Barnesiella intestinihominis,Barnesiella intestinihominis_1,9
APPS0069_S661,APPS0069_S661_metabat2_27,P43,W6,P43_W6,APPS,2,APPS,6/11/23,PR,metabat2,2071032,104,26669,100,Bacteria,Bacteroidota,Bacteroidia,Bacteroidales,Porphyromonadaceae,Porphyromonas,Porphyromonas asaccharolytica,Porphyromonas asaccharolytica_1,248
APPS0069_S661,APPS0069_S661_metabat2_22,P43,W6,P43_W6,APPS,2,APPS,6/11/23,PR,metabat2,2164579,43,114590,98,Bacteria,Bacteroidota,Bacteroidia,Bacteroidales,Rikenellaceae,Alistipes,Alistipes putredinis,Alistipes putredinis_1,4
APPS0069_S661,APPS0069_S661_concoct_17,P43,W6,P43_W6,APPS,2,APPS,6/11/23,PR,concoct,2270745,97,35302,98,Bacteria,Bacteroidota,Bacteroidia,Bacteroidales,Bacteroidaceae,Prevotella,Prevotella sp900548585,Prevotella sp900548585_1,267
APPS0069_S661,APPS0069_S661_concoct_101,P43,W6,P43_W6,APPS,2,APPS,6/11/23,PR,concoct,1568147,152,14469,98,Bacteria,Bacillota,Clostridia,Tissierellales,Peptoniphilaceae,Ezakiella,Ezakiella coagulans,Ezakiella coagulans_1,646
APPS0069_S661,APPS0069_S661_concoct_141,P43,W6,P43_W6,APPS,2,APPS,6/11/23,PR,concoct,2389340,17,374187,100,Bacteria,Bacillota,Negativicutes,Acidaminococcales,Acidaminococcaceae,Phascolarctobacterium,Phascolarctobacterium faecium,Phascolarctobacterium faecium_1,17
APPS0069_S661,APPS0069_S661_concoct_120,P43,W6,P43_W6,APPS,2,APPS,6/11/23,PR,concoct,4149720,48,154425,100,Bacteria,Bacillota,Clostridia,Eubacteriales,Eubacteriaceae,Eubacterium,Eubacterium limosum,Eubacterium limosum_1,270
APPS0069_S661,APPS0069_S661_metabat2_37,P43,W6,P43_W6,APPS,2,APPS,6/11/23,PR,metabat2,3809676,296,18770,100,Bacteria,Desulfobacterota_I,Desulfovibrionia,Desulfovibrionales,Desulfovibrionaceae,Bilophila,Bilophila wadsworthia,Bilophila wadsworthia_2,45
APPS0069_S661,APPS0069_S661_concoct_40,P43,W6,P43_W6,APPS,2,APPS,6/11/23,PR,concoct,2318311,29,212159,96,Bacteria,Bacillota,Clostridia,Peptostreptococcales,Anaerovoracaceae,Fimisoma,Fimisoma sp000435715,Fimisoma sp000435715_1,36
APPS0069_S661,APPS0069_S661_metabat2_51,P43,W6,P43_W6,APPS,2,APPS,6/11/23,PR,metabat2,4024538,109,58165,96,Bacteria,Bacillota,Bacilli,Erysipelotrichales,Erysipelotrichaceae,Clostridium_AQ,Clostridium_AQ sp000165065,Clostridium_AQ sp000165065_1,78
APPS0069_S661,APPS0069_S661_concoct_142,P43,W6,P43_W6,APPS,2,APPS,6/11/23,PR,concoct,1291467,242,6996,96,Bacteria,Bacillota,Clostridia,Peptostreptococcales,Anaerovoracaceae,Alterileibacterium,Alterileibacterium massiliense,Alterileibacterium massiliense_1,177
APPS0069_S661,APPS0069_S661_metabat2_54,P43,W6,P43_W6,APPS,2,APPS,6/11/23,PR,metabat2,2677831,67,61210,98,Bacteria,Bacillota,Clostridia,Christensenellales,Aristaeellaceae,Pullichristensenella,Pullichristensenella sp946496415,Pullichristensenella sp946496415_2,285
APPS0069_S661,APPS0069_S661_concoct_87,P43,W6,P43_W6,APPS,2,APPS,6/11/23,PR,concoct,3704732,24,732174,100,Bacteria,Bacillota,Clostridia,Lachnospirales,Lachnospiraceae,Anaerostipes,Anaerostipes caccae,Anaerostipes caccae_1,56
APPS0069_S661,APPS0069_S661_metabat2_36,P43,W6,P43_W6,APPS,2,APPS,6/11/23,PR,metabat2,2414054,138,27116,100,Bacteria,Bacillota,Clostridia,Lachnospirales,Anaerotignaceae,Anaerotignum,Anaerotignum lactatifermentans,Anaerotignum lactatifermentans_1,191
APPS0069_S661,APPS0069_S661_metabat2_33,P43,W6,P43_W6,APPS,2,APPS,6/11/23,PR,metabat2,2255599,177,19586,96,Bacteria,Bacillota,Clostridia,Oscillospirales,Ruminococcaceae,Negativibacillus,Negativibacillus faecipullorum,Negativibacillus faecipullorum_1,363
APPS0069_S661,APPS0069_S661_metabat2_42,P43,W6,P43_W6,APPS,2,APPS,6/11/23,PR,metabat2,2684072,187,19485,96,Bacteria,Bacillota,Clostridia,Oscillospirales,Ruminococcaceae,Gemmiger,Gemmiger qucibialis,Gemmiger qucibialis_1,12
APPS0069_S661,APPS0069_S661_concoct_61,P43,W6,P43_W6,APPS,2,APPS,6/11/23,PR,concoct,3916275,383,14945,96,Bacteria,Bacillota,Bacilli,Erysipelotrichales,Coprobacillaceae,Thomasclavelia,Thomasclavelia ramosa,Thomasclavelia ramosa_1,133
APPS0069_S661,APPS0069_S661_concoct_94,P43,W6,P43_W6,APPS,2,APPS,6/11/23,PR,concoct,2989930,37,192259,98,Bacteria,Bacillota,Clostridia,Oscillospirales,Acutalibacteraceae,Hominenteromicrobium,Hominenteromicrobium sp900549945,Hominenteromicrobium sp900549945_1,92
APPS0069_S661,APPS0069_S661_concoct_55,P43,W6,P43_W6,APPS,2,APPS,6/11/23,PR,concoct,3237014,67,90086,100,Bacteria,Bacillota,Clostridia,Lachnospirales,Lachnospiraceae,Fusicatenibacter,Fusicatenibacter saccharivorans,Fusicatenibacter saccharivorans_1,33
APPS0069_S661,APPS0069_S661_metabat2_87,P43,W6,P43_W6,APPS,2,APPS,6/11/23,PR,metabat2,2885558,516,7069,92,Bacteria,Bacillota,Bacilli,Erysipelotrichales,Erysipelotrichaceae,Holdemania,Holdemania sp900120005,Holdemania sp900120005_1,398
APPS0069_S661,APPS0069_S661_metabat2_98,P43,W6,P43_W6,APPS,2,APPS,6/11/23,PR,metabat2,2133686,48,66230,94,Bacteria,Bacillota,Clostridia,Oscillospirales,Oscillospiraceae,Vescimonas,Vescimonas coprocola,Vescimonas coprocola_1,7
APPS0069_S661,APPS0069_S661_concoct_21,P43,W6,P43_W6,APPS,2,APPS,6/11/23,PR,concoct,2613514,220,17897,94,Bacteria,Bacillota,Clostridia,Oscillospirales,Ruminococcaceae,Hominimerdicola,Hominimerdicola aceti,Hominimerdicola aceti_1,22
APPS0069_S661,APPS0069_S661_metabat2_3,P43,W6,P43_W6,APPS,2,APPS,6/11/23,PR,metabat2,3159835,44,131341,100,Bacteria,Bacillota,Clostridia,Lachnospirales,Lachnospiraceae,Sellimonas,Sellimonas intestinalis,Sellimonas intestinalis_1,42
APPS0069_S661,APPS0069_S661_concoct_135,P43,W6,P43_W6,APPS,2,APPS,6/11/23,PR,concoct,3769262,37,243910,96,Bacteria,Bacillota,Clostridia,Lachnospirales,Lachnospiraceae,Clostridium_AP,Clostridium_AP sp000509125,Clostridium_AP sp000509125_1,34
APPS0069_S661,APPS0069_S661_concoct_58,P43,W6,P43_W6,APPS,2,APPS,6/11/23,PR,concoct,1986380,31,126214,92,Bacteria,Bacillota,Bacilli,Erysipelotrichales,Erysipelotrichaceae,Faecalitalea,Faecalitalea cylindroides,Faecalitalea cylindroides_1,341
APPS0069_S661,APPS0069_S661_metabat2_56,P43,W6,P43_W6,APPS,2,APPS,6/11/23,PR,metabat2,1743996,41,67199,92,Bacteria,Bacillota,Clostridia,Oscillospirales,Oscillospiraceae,CAG-103,CAG-103 sp900757655,CAG-103 sp900757655_1,422
APPS0069_S661,APPS0069_S661_concoct_10,P43,W6,P43_W6,APPS,2,APPS,6/11/23,PR,concoct,2576831,121,42382,98,Unclassified Bacteria,NA,NA,NA,NA,NA,Unclassified Bacteria sp.,NA,NA
APPS0069_S661,APPS0069_S661_metabat2_32,P43,W6,P43_W6,APPS,2,APPS,6/11/23,PR,metabat2,2349919,70,48481,92,Bacteria,Bacillota,Clostridia,Oscillospirales,Ruminococcaceae,Gemmiger,Gemmiger formicilis,Gemmiger formicilis_1,72
APPS0069_S661,APPS0069_S661_concoct_42,P43,W6,P43_W6,APPS,2,APPS,6/11/23,PR,concoct,3266074,60,105641,98,Bacteria,Bacillota,Clostridia,Oscillospirales,Acutalibacteraceae,Fimivicinus,Fimivicinus sp900544375,Fimivicinus sp900544375_1,29
APPS0069_S661,APPS0069_S661_metabat2_15,P43,W6,P43_W6,APPS,2,APPS,6/11/23,PR,metabat2,1787644,130,20937,90,Bacteria,Bacillota,Clostridia,Oscillospirales,Oscillospiraceae,Evtepia,Evtepia gabavorous,Evtepia gabavorous_1,19
APPS0069_S661,APPS0069_S661_metabat2_52,P43,W6,P43_W6,APPS,2,APPS,6/11/23,PR,metabat2,2089010,103,33493,98,Bacteria,Actinomycetota,Coriobacteriia,Coriobacteriales,Eggerthellaceae,Slackia,Slackia piriformis,Slackia piriformis_1,459
APPS0069_S661,APPS0069_S661_concoct_79,P43,W6,P43_W6,APPS,2,APPS,6/11/23,PR,concoct,2539273,61,61221,88,Bacteria,Bacillota,Clostridia,Lachnospirales,Lachnospiraceae,Mediterraneibacter,Mediterraneibacter torques,Mediterraneibacter torques_1,5
APPS0069_S661,APPS0069_S661_metabat2_26,P43,W6,P43_W6,APPS,2,APPS,6/11/23,PR,metabat2,4184263,501,13580,94,Bacteria,Bacillota,Clostridia,Oscillospirales,Acutalibacteraceae,Acutalibacter,Acutalibacter timonensis,Acutalibacter timonensis_1,49
APPS0069_S661,APPS0069_S661_concoct_65,P43,W6,P43_W6,APPS,2,APPS,6/11/23,PR,concoct,5346474,693,11124,84,Bacteria,Bacteroidota,Bacteroidia,Bacteroidales,Tannerellaceae,Parabacteroides,Parabacteroides distasonis,Parabacteroides distasonis_1,1
APPS0069_S661,APPS0069_S661_concoct_74,P43,W6,P43_W6,APPS,2,APPS,6/11/23,PR,concoct,1822986,354,6560,84,Bacteria,Bacillota,Clostridia,Peptostreptococcales,Anaerovoracaceae,Lentihominibacter,Lentihominibacter faecis,Lentihominibacter faecis_1,208
APPS0069_S661,APPS0069_S661_metabat2_24,P43,W6,P43_W6,APPS,2,APPS,6/11/23,PR,metabat2,2961333,661,5503,82,Bacteria,Desulfobacterota_I,Desulfovibrionia,Desulfovibrionales,Desulfovibrionaceae,Desulfovibrio,Desulfovibrio fairfieldensis_A,Desulfovibrio fairfieldensis_A_1,179
APPS0069_S661,APPS0069_S661_metabat2_17,P43,W6,P43_W6,APPS,2,APPS,6/11/23,PR,metabat2,2499648,661,4287,78,Bacteria,Actinomycetota,Coriobacteriia,Coriobacteriales,Eggerthellaceae,Eggerthella,Eggerthella lenta,Eggerthella lenta_1,3
APPS0069_S661,APPS0069_S661_metabat2_5,P43,W6,P43_W6,APPS,2,APPS,6/11/23,PR,metabat2,2265041,75,44854,78,Bacteria,Bacillota,Clostridia,Oscillospirales,Ruminococcaceae,Faecalibacterium,Faecalibacterium longum,Faecalibacterium longum_2,277
APPS0069_S661,APPS0069_S661_maxbin2_089,P43,W6,P43_W6,APPS,2,APPS,6/11/23,PR,maxbin2,2353982,967,2950,80,Bacteria,Bacillota,Bacilli,Lactobacillales,Lactobacillaceae,Lactiplantibacillus,Lactiplantibacillus plantarum,Lactiplantibacillus plantarum_1,612
APPS0069_S661,APPS0069_S661_concoct_85,P43,W6,P43_W6,APPS,2,APPS,6/11/23,PR,concoct,1714685,759,2471,78,Bacteria,Bacillota,Clostridia,Oscillospirales,Butyricicoccaceae,Agathobaculum,Agathobaculum butyriciproducens,Agathobaculum butyriciproducens_2,391
APPS0069_S661,APPS0069_S661_metabat2_28,P43,W6,P43_W6,APPS,2,APPS,6/11/23,PR,metabat2,1088957,38,37069,75,Bacteria,Actinomycetota,Coriobacteriia,Coriobacteriales,Coriobacteriaceae,Collinsella,Collinsella aerofaciens_AK,NA,NA
APPS0069_S661,APPS0069_S661_metabat2_9,P43,W6,P43_W6,APPS,2,APPS,6/11/23,PR,metabat2,1982727,475,5144,75,Bacteria,Bacillota,Clostridia,Oscillospirales,Oscillospiraceae,Scatomorpha,Scatomorpha merdavium,Scatomorpha merdavium_1,159
APPS0069_S661,APPS0069_S661_concoct_31,P43,W6,P43_W6,APPS,2,APPS,6/11/23,PR,concoct,3296752,863,4598,71,Bacteria,Bacillota,Clostridia,Peptostreptococcales,Anaerovoracaceae,Emergencia,Emergencia timonensis,Emergencia timonensis_1,171
APPS0069_S661,APPS0069_S661_metabat2_69,P43,W6,P43_W6,APPS,2,APPS,6/11/23,PR,metabat2,1754202,45,58078,65,Bacteria,Bacillota,Clostridia,Lachnospirales,Lachnospiraceae,Blautia_A,Blautia_A wexlerae,NA,NA
APPS0069_S661,APPS0069_S661_maxbin2_082,P43,W6,P43_W6,APPS,2,APPS,6/11/23,PR,maxbin2,1691104,136,13720,69,Bacteria,Bacillota,Clostridia,Lachnospirales,Lachnospiraceae,RUG14305,RUG14305 sp.,NA,NA
APPS0069_S661,APPS0069_S661_metabat2_7,P43,W6,P43_W6,APPS,2,APPS,6/11/23,PR,metabat2,2296978,96,36175,59,Bacteria,Bacillota,Clostridia,Oscillospirales,Ruminococcaceae,Faecalibacterium,Faecalibacterium prausnitzii,Faecalibacterium prausnitzii_1,185
APPS0069_S661,APPS0069_S661_metabat2_92,P43,W6,P43_W6,APPS,2,APPS,6/11/23,PR,metabat2,3133778,278,16252,55,Bacteria,Bacteroidota,Bacteroidia,Bacteroidales,Tannerellaceae,Parabacteroides,Parabacteroides merdae,Parabacteroides merdae_1,28
APPS0069_S661,APPS0069_S661_concoct_130,P43,W6,P43_W6,APPS,2,APPS,6/11/23,PR,concoct,3106254,358,11644,57,Bacteria,Bacillota,Clostridia,Lachnospirales,Lachnospiraceae,Blautia_A,Blautia_A hydrogenotrophica,Blautia_A hydrogenotrophica_1,48
APPS0069_S661,APPS0069_S661_metabat2_70,P43,W6,P43_W6,APPS,2,APPS,6/11/23,PR,metabat2,6761958,137,101697,53,Bacteria,Bacteroidota,Bacteroidia,Bacteroidales,Bacteroidaceae,Bacteroides,Bacteroides cellulosilyticus,Bacteroides cellulosilyticus_1,261
APPS0069_S661,APPS0069_S661_concoct_140,P43,W6,P43_W6,APPS,2,APPS,6/11/23,PR,concoct,1721938,931,1903,51,Bacteria,Bacillota,Clostridia,Oscillospirales,Ruminococcaceae,Anaerotruncus,Anaerotruncus colihominis,Anaerotruncus colihominis_2,435
APPS0069_S661,APPS0069_S661_concoct_4,P43,W6,P43_W6,APPS,2,APPS,6/11/23,PR,concoct,2041908,1205,1724,51,Bacteria,Bacteroidota,Bacteroidia,Bacteroidales,Marinifilaceae,Butyricimonas,Butyricimonas faecihominis,NA,NA
APPS0070_S662,APPS0070_S662_metabat2_8,P44,W6,P44_W6,APPS,2,APPS,6/11/23,PR,metabat2,6124764,55,215771,100,Bacteria,Bacteroidota,Bacteroidia,Bacteroidales,Bacteroidaceae,Bacteroides,Bacteroides thetaiotaomicron,Bacteroides thetaiotaomicron_1,338
APPS0070_S662,APPS0070_S662_concoct_23,P44,W6,P44_W6,APPS,2,APPS,6/11/23,PR,concoct,5092703,64,215344,100,Bacteria,Pseudomonadota,Gammaproteobacteria,Enterobacterales,Enterobacteriaceae,Escherichia,Escherichia coli,Escherichia coli_1,16
APPS0070_S662,APPS0070_S662_concoct_9,P44,W6,P44_W6,APPS,2,APPS,6/11/23,PR,concoct,4648713,51,208280,100,Bacteria,Bacteroidota,Bacteroidia,Bacteroidales,Tannerellaceae,Parabacteroides,Parabacteroides distasonis,Parabacteroides distasonis_1,1
APPS0070_S662,APPS0070_S662_concoct_37,P44,W6,P44_W6,APPS,2,APPS,6/11/23,PR,concoct,2639544,243,15771,94,Bacteria,Bacteroidota,Bacteroidia,Bacteroidales,Bacteroidaceae,Prevotella,Prevotella bivia,Prevotella bivia_1,180
APPS0070_S662,APPS0070_S662_concoct_12,P44,W6,P44_W6,APPS,2,APPS,6/11/23,PR,concoct,2401092,767,3987,96,Bacteria,Bacillota,Bacilli,Lactobacillales,Lactobacillaceae,Lacticaseibacillus,Lacticaseibacillus rhamnosus,Lacticaseibacillus rhamnosus_4,609
APPS0070_S662,APPS0070_S662_concoct_15,P44,W6,P44_W6,APPS,2,APPS,6/11/23,PR,concoct,2133035,887,2619,78,Bacteria,Bacillota,Bacilli,Lactobacillales,Enterococcaceae,Enterococcus,Enterococcus faecalis,Enterococcus faecalis_1,2
APPS0071_S663,APPS0071_S663_concoct_1,P45,W6,P45_W6,APPS,2,APPS,6/11/23,PR,concoct,6318235,64,196608,100,Bacteria,Pseudomonadota,Gammaproteobacteria,Enterobacterales,Enterobacteriaceae,Klebsiella,Klebsiella michiganensis,Klebsiella michiganensis_1,603
APPS0071_S663,APPS0071_S663_concoct_29,P45,W6,P45_W6,APPS,2,APPS,6/11/23,PR,concoct,4963667,58,149322,100,Bacteria,Bacteroidota,Bacteroidia,Bacteroidales,Tannerellaceae,Parabacteroides,Parabacteroides distasonis,Parabacteroides distasonis_1,1
APPS0071_S663,APPS0071_S663_concoct_2,P45,W6,P45_W6,APPS,2,APPS,6/11/23,PR,concoct,2929282,138,44804,100,Bacteria,Bacillota,Bacilli,Lactobacillales,Enterococcaceae,Enterococcus_B,Enterococcus_B faecium,Enterococcus_B faecium_1,27
APPS0071_S663,APPS0071_S663_concoct_19,P45,W6,P45_W6,APPS,2,APPS,6/11/23,PR,concoct,2170143,16,210542,98,Bacteria,Bacillota,Negativicutes,Veillonellales,Veillonellaceae,Veillonella,Veillonella parvula_F,Veillonella parvula_F_2,464
APPS0071_S663,APPS0071_S663_metabat2_2,P45,W6,P45_W6,APPS,2,APPS,6/11/23,PR,metabat2,2320032,124,26667,98,Bacteria,Actinomycetota,Actinomycetes,Actinomycetales,Actinomycetaceae,Pauljensenia,Pauljensenia sp916439125,Pauljensenia sp916439125_1,579
APPS0071_S663,APPS0071_S663_concoct_26,P45,W6,P45_W6,APPS,2,APPS,6/11/23,PR,concoct,3253362,750,5925,100,Bacteria,Actinomycetota,Coriobacteriia,Coriobacteriales,Eggerthellaceae,Eggerthella,Eggerthella lenta,Eggerthella lenta_1,3
APPS0071_S663,APPS0071_S663_concoct_44,P45,W6,P45_W6,APPS,2,APPS,6/11/23,PR,concoct,2982953,41,184508,96,Bacteria,Bacillota,Bacilli,Lactobacillales,Enterococcaceae,Enterococcus,Enterococcus faecalis,Enterococcus faecalis_1,2
APPS0071_S663,APPS0071_S663_concoct_9,P45,W6,P45_W6,APPS,2,APPS,6/11/23,PR,concoct,1581761,767,2160,84,Bacteria,Campylobacterota,Campylobacteria,Campylobacterales,Campylobacteraceae,Campylobacter_B,Campylobacter_B sp937997595,Campylobacter_B sp937997595_1,419
APPS0071_S663,APPS0071_S663_concoct_10,P45,W6,P45_W6,APPS,2,APPS,6/11/23,PR,concoct,2755221,854,4032,86,Bacteria,Bacillota,Bacilli,Lactobacillales,Lactobacillaceae,Lacticaseibacillus,Lacticaseibacillus rhamnosus,Lacticaseibacillus rhamnosus_1,68
APPS0071_S663,APPS0071_S663_metabat2_19,P45,W6,P45_W6,APPS,2,APPS,6/11/23,PR,metabat2,3256289,803,4795,80,Bacteria,Bacillota,Bacilli,Erysipelotrichales,Erysipelotrichaceae,Clostridium_AQ,Clostridium_AQ innocuum,Clostridium_AQ innocuum_1,20
APPS0071_S663,APPS0071_S663_concoct_21,P45,W6,P45_W6,APPS,2,APPS,6/11/23,PR,concoct,3010956,1450,2238,73,Bacteria,Bacillota,Clostridia,Peptostreptococcales,Peptostreptococcaceae,Clostridioides,Clostridioides difficile,Clostridioides difficile_1,345
APPS0072_S664,APPS0072_S664_concoct_29,P46,W6,P46_W6,APPS,2,APPS,6/11/23,PR,concoct,4693590,27,369937,100,Bacteria,Bacteroidota,Bacteroidia,Bacteroidales,Tannerellaceae,Parabacteroides,Parabacteroides distasonis,Parabacteroides distasonis_1,1
APPS0072_S664,APPS0072_S664_concoct_7,P46,W6,P46_W6,APPS,2,APPS,6/11/23,PR,concoct,4418188,61,110087,100,Bacteria,Bacteroidota,Bacteroidia,Bacteroidales,Bacteroidaceae,Bacteroides,Bacteroides uniformis,Bacteroides uniformis_1,37
APPS0072_S664,APPS0072_S664_metabat2_15,P46,W6,P46_W6,APPS,2,APPS,6/11/23,PR,metabat2,2620849,64,69370,100,Bacteria,Pseudomonadota,Gammaproteobacteria,Burkholderiales,Burkholderiaceae,Parasutterella,Parasutterella excrementihominis,Parasutterella excrementihominis_1,230
APPS0072_S664,APPS0072_S664_concoct_8,P46,W6,P46_W6,APPS,2,APPS,6/11/23,PR,concoct,2870144,117,47725,100,Bacteria,Bacillota,Bacilli,Lactobacillales,Enterococcaceae,Enterococcus_B,Enterococcus_B faecium,Enterococcus_B faecium_1,27
APPS0072_S664,APPS0072_S664_concoct_24,P46,W6,P46_W6,APPS,2,APPS,6/11/23,PR,concoct,4353962,61,118310,98,Bacteria,Desulfobacterota_I,Desulfovibrionia,Desulfovibrionales,Desulfovibrionaceae,Bilophila,Bilophila wadsworthia,Bilophila wadsworthia_2,45
APPS0072_S664,APPS0072_S664_concoct_46,P46,W6,P46_W6,APPS,2,APPS,6/11/23,PR,concoct,4284252,90,91628,98,Bacteria,Bacillota,Bacilli,Erysipelotrichales,Erysipelotrichaceae,Clostridium_AQ,Clostridium_AQ sp000165065,Clostridium_AQ sp000165065_1,78
APPS0072_S664,APPS0072_S664_concoct_39,P46,W6,P46_W6,APPS,2,APPS,6/11/23,PR,concoct,5873974,150,83415,94,Bacteria,Bacteroidota,Bacteroidia,Bacteroidales,Bacteroidaceae,Phocaeicola,Phocaeicola vulgatus,Phocaeicola vulgatus_1,44
APPS0072_S664,APPS0072_S664_concoct_30,P46,W6,P46_W6,APPS,2,APPS,6/11/23,PR,concoct,3241451,218,32765,98,Bacteria,Bacillota,Bacilli,Lactobacillales,Lactobacillaceae,Lacticaseibacillus,Lacticaseibacillus rhamnosus,Lacticaseibacillus rhamnosus_3,608
APPS0072_S664,APPS0072_S664_concoct_10,P46,W6,P46_W6,APPS,2,APPS,6/11/23,PR,concoct,2566812,409,9714,96,Bacteria,Bacillota,Bacilli,Lactobacillales,Streptococcaceae,Lactococcus,Lactococcus lactis,Lactococcus lactis_1,627
APPS0072_S664,APPS0072_S664_concoct_11,P46,W6,P46_W6,APPS,2,APPS,6/11/23,PR,concoct,2170680,1108,2086,71,Bacteria,Bacillota,Clostridia,Oscillospirales,Oscillospiraceae,Flavonifractor,Flavonifractor plautii,Flavonifractor plautii_1,63
APPS0074_S665,APPS0074_S665_metabat2_2,P47,W6,P47_W6,APPS,2,APPS,6/11/23,PR,metabat2,2168823,327,9316,94,Bacteria,Actinomycetota,Actinomycetes,Actinomycetales,Bifidobacteriaceae,Bifidobacterium,Bifidobacterium breve,Bifidobacterium breve_1,95
APPS0074_S665,APPS0074_S665_concoct_4,P47,W6,P47_W6,APPS,2,APPS,6/11/23,PR,concoct,2402409,931,3024,71,Bacteria,Verrucomicrobiota,Verrucomicrobiia,Verrucomicrobiales,Akkermansiaceae,Akkermansia,Akkermansia massiliensis,Akkermansia massiliensis_1,173
APPS0074_S665,APPS0074_S665_concoct_14,P47,W6,P47_W6,APPS,2,APPS,6/11/23,PR,concoct,2021892,1080,1959,57,Bacteria,Bacteroidota,Bacteroidia,Bacteroidales,Rikenellaceae,Alistipes,Alistipes onderdonkii,Alistipes onderdonkii_2,490
APPS0076_S666,APPS0076_S666_concoct_49,P48,W6,P48_W6,APPS,2,APPS,6/11/23,PR,concoct,2991830,33,190565,100,Bacteria,Bacillota,Bacilli,Lactobacillales,Enterococcaceae,Enterococcus,Enterococcus faecalis,Enterococcus faecalis_1,2
APPS0076_S666,APPS0076_S666_concoct_2,P48,W6,P48_W6,APPS,2,APPS,6/11/23,PR,concoct,4775022,80,84120,100,Bacteria,Bacteroidota,Bacteroidia,Bacteroidales,Tannerellaceae,Parabacteroides,Parabacteroides distasonis,Parabacteroides distasonis_1,1
APPS0076_S666,APPS0076_S666_concoct_43,P48,W6,P48_W6,APPS,2,APPS,6/11/23,PR,concoct,2896144,66,77938,100,Bacteria,Pseudomonadota,Gammaproteobacteria,Burkholderiales,Burkholderiaceae,Parasutterella,Parasutterella excrementihominis,Parasutterella excrementihominis_1,230
APPS0076_S666,APPS0076_S666_metabat2_44,P48,W6,P48_W6,APPS,2,APPS,6/11/23,PR,metabat2,3191284,35,141475,98,Bacteria,Bacteroidota,Bacteroidia,Bacteroidales,Rikenellaceae,Alistipes,Alistipes finegoldii,Alistipes finegoldii_1,164
APPS0076_S666,APPS0076_S666_concoct_4,P48,W6,P48_W6,APPS,2,APPS,6/11/23,PR,concoct,2232352,24,138610,98,Bacteria,Bacillota,Bacilli,Erysipelotrichales,Erysipelotrichaceae,Copranaerobaculum,Copranaerobaculum intestinale,Copranaerobaculum intestinale_1,220
APPS0076_S666,APPS0076_S666_metabat2_65,P48,W6,P48_W6,APPS,2,APPS,6/11/23,PR,metabat2,3062748,39,121934,98,Bacteria,Bacteroidota,Bacteroidia,Bacteroidales,Rikenellaceae,Alistipes,Alistipes onderdonkii,Alistipes onderdonkii_1,14
APPS0076_S666,APPS0076_S666_concoct_95,P48,W6,P48_W6,APPS,2,APPS,6/11/23,PR,concoct,2689517,59,81290,98,Bacteria,Bacillota,Negativicutes,Veillonellales,Megasphaeraceae,Megasphaera,Megasphaera massiliensis,Megasphaera massiliensis_2,691
APPS0076_S666,APPS0076_S666_metabat2_25,P48,W6,P48_W6,APPS,2,APPS,6/11/23,PR,metabat2,3088301,199,23750,98,Bacteria,Synergistota,Synergistia,Synergistales,Synergistaceae,Cloacibacillus,Cloacibacillus evryensis,Cloacibacillus evryensis_1,397
APPS0076_S666,APPS0076_S666_metabat2_76,P48,W6,P48_W6,APPS,2,APPS,6/11/23,PR,metabat2,2820939,258,17531,98,Bacteria,Actinomycetota,Coriobacteriia,Coriobacteriales,Eggerthellaceae,Eggerthella,Eggerthella lenta,Eggerthella lenta_1,3
APPS0076_S666,APPS0076_S666_concoct_6,P48,W6,P48_W6,APPS,2,APPS,6/11/23,PR,concoct,2386667,18,214611,100,Bacteria,Bacillota,Negativicutes,Acidaminococcales,Acidaminococcaceae,Phascolarctobacterium,Phascolarctobacterium faecium,Phascolarctobacterium faecium_1,17
APPS0076_S666,APPS0076_S666_metabat2_64,P48,W6,P48_W6,APPS,2,APPS,6/11/23,PR,metabat2,2992442,42,127233,98,Bacteria,Bacillota,Clostridia,Oscillospirales,Acutalibacteraceae,Acutalibacter,Acutalibacter timonensis,Acutalibacter timonensis_1,49
APPS0076_S666,APPS0076_S666_metabat2_41,P48,W6,P48_W6,APPS,2,APPS,6/11/23,PR,metabat2,4341579,63,118884,98,Bacteria,Bacillota,Bacilli,Lactobacillales,Enterococcaceae,Enterococcus_A,Enterococcus_A raffinosus,Enterococcus_A raffinosus_2,636
APPS0076_S666,APPS0076_S666_concoct_76,P48,W6,P48_W6,APPS,2,APPS,6/11/23,PR,concoct,3786640,69,125383,100,Bacteria,Bacillota,Clostridia,Lachnospirales,Lachnospiraceae,Blautia,Blautia pullicola,Blautia pullicola_1,234
APPS0076_S666,APPS0076_S666_concoct_72,P48,W6,P48_W6,APPS,2,APPS,6/11/23,PR,concoct,3315023,60,88610,100,Bacteria,Bacillota,Clostridia,Lachnospirales,Lachnospiraceae,Blautia_A,Blautia_A caecimuris,Blautia_A caecimuris_1,165
APPS0076_S666,APPS0076_S666_metabat2_31,P48,W6,P48_W6,APPS,2,APPS,6/11/23,PR,metabat2,2947889,62,90589,100,Bacteria,Bacillota,Clostridia,Lachnospirales,Lachnospiraceae,Clostridium_AP,Clostridium_AP scindens,Clostridium_AP scindens_1,199
APPS0076_S666,APPS0076_S666_concoct_45,P48,W6,P48_W6,APPS,2,APPS,6/11/23,PR,concoct,3098497,49,121148,94,Bacteria,Verrucomicrobiota,Verrucomicrobiia,Verrucomicrobiales,Akkermansiaceae,Akkermansia,Akkermansia massiliensis,Akkermansia massiliensis_1,173
APPS0076_S666,APPS0076_S666_metabat2_59,P48,W6,P48_W6,APPS,2,APPS,6/11/23,PR,metabat2,2444270,56,58982,96,Bacteria,Bacillota,Clostridia,Oscillospirales,Oscillospiraceae,Oscillibacter,Oscillibacter welbionis,Oscillibacter welbionis_1,105
APPS0076_S666,APPS0076_S666_concoct_74,P48,W6,P48_W6,APPS,2,APPS,6/11/23,PR,concoct,2481282,78,52379,96,Bacteria,Bacillota,Clostridia,Lachnospirales,Lachnospiraceae,Mediterraneibacter,Mediterraneibacter torques,Mediterraneibacter torques_1,5
APPS0076_S666,APPS0076_S666_concoct_5,P48,W6,P48_W6,APPS,2,APPS,6/11/23,PR,concoct,3313014,63,122740,100,Bacteria,Bacillota,Clostridia,Lachnospirales,Lachnospiraceae,Sellimonas,Sellimonas intestinalis,Sellimonas intestinalis_1,42
APPS0076_S666,APPS0076_S666_concoct_60,P48,W6,P48_W6,APPS,2,APPS,6/11/23,PR,concoct,5622194,50,208316,100,Bacteria,Bacillota,Clostridia,Lachnospirales,Lachnospiraceae,Murimonas,Murimonas intestini,Murimonas intestini_1,520
APPS0076_S666,APPS0076_S666_concoct_50,P48,W6,P48_W6,APPS,2,APPS,6/11/23,PR,concoct,4232984,67,111830,92,Bacteria,Bacillota,Bacilli,Erysipelotrichales,Erysipelotrichaceae,Clostridium_AQ,Clostridium_AQ innocuum,Clostridium_AQ innocuum_1,20
APPS0076_S666,APPS0076_S666_metabat2_5,P48,W6,P48_W6,APPS,2,APPS,6/11/23,PR,metabat2,1910452,31,140815,94,Bacteria,Bacillota,Clostridia,Oscillospirales,Oscillospiraceae,Vescimonas,Vescimonas cirricatena,Vescimonas cirricatena_1,58
APPS0076_S666,APPS0076_S666_metabat2_50,P48,W6,P48_W6,APPS,2,APPS,6/11/23,PR,metabat2,2772485,83,58737,96,Bacteria,Bacillota,Clostridia,Oscillospirales,Ruminococcaceae,Ruthenibacterium,Ruthenibacterium lactatiformans,Ruthenibacterium lactatiformans_1,11
APPS0076_S666,APPS0076_S666_metabat2_47,P48,W6,P48_W6,APPS,2,APPS,6/11/23,PR,metabat2,2603225,351,10357,94,Bacteria,Bacillota,Bacilli,Lactobacillales,Lactobacillaceae,Lacticaseibacillus,Lacticaseibacillus rhamnosus,Lacticaseibacillus rhamnosus_2,102
APPS0076_S666,APPS0076_S666_metabat2_28,P48,W6,P48_W6,APPS,2,APPS,6/11/23,PR,metabat2,1657791,71,40620,90,Bacteria,Bacillota,Clostridia,Oscillospirales,Oscillospiraceae,Evtepia,Evtepia gabavorous,Evtepia gabavorous_1,19
APPS0076_S666,APPS0076_S666_concoct_40,P48,W6,P48_W6,APPS,2,APPS,6/11/23,PR,concoct,2744036,449,7764,94,Bacteria,Bacillota,Clostridia,Christensenellales,Christensenellaceae,Christensenella,Christensenella hongkongensis,Christensenella hongkongensis_1,275
APPS0076_S666,APPS0076_S666_metabat2_53,P48,W6,P48_W6,APPS,2,APPS,6/11/23,PR,metabat2,2999678,90,58218,92,Bacteria,Bacillota,Clostridia,Lachnospirales,Lachnospiraceae,Mediterraneibacter,Mediterraneibacter turbiniformis,Mediterraneibacter turbiniformis_1,539
APPS0076_S666,APPS0076_S666_metabat2_42,P48,W6,P48_W6,APPS,2,APPS,6/11/23,PR,metabat2,2943381,50,75392,94,Bacteria,Bacillota,Clostridia,Oscillospirales,Acutalibacteraceae,Fimivicinus,Fimivicinus sp900544375,Fimivicinus sp900544375_1,29
APPS0076_S666,APPS0076_S666_metabat2_11,P48,W6,P48_W6,APPS,2,APPS,6/11/23,PR,metabat2,2991231,50,100657,82,Bacteria,Bacteroidota,Bacteroidia,Bacteroidales,Bacteroidaceae,Phocaeicola,Phocaeicola vulgatus,Phocaeicola vulgatus_1,44
APPS0076_S666,APPS0076_S666_metabat2_36,P48,W6,P48_W6,APPS,2,APPS,6/11/23,PR,metabat2,3132706,443,10494,84,Bacteria,Bacillota,Clostridia,Oscillospirales,Oscillospiraceae,Flavonifractor,Flavonifractor plautii,Flavonifractor plautii_1,63
APPS0076_S666,APPS0076_S666_concoct_81,P48,W6,P48_W6,APPS,2,APPS,6/11/23,PR,concoct,3974035,112,70222,96,Unclassified,NA,NA,NA,NA,NA,Unclassified sp.,NA,NA
APPS0076_S666,APPS0076_S666_concoct_57,P48,W6,P48_W6,APPS,2,APPS,6/11/23,PR,concoct,2421362,271,11401,73,Unclassified Bacteria,NA,NA,NA,NA,NA,Unclassified Bacteria sp.,NA,NA
APPS0076_S666,APPS0076_S666_concoct_46,P48,W6,P48_W6,APPS,2,APPS,6/11/23,PR,concoct,2371415,370,8050,67,Bacteria,Bacillota,Clostridia,Oscillospirales,Butyricicoccaceae,Agathobaculum,Agathobaculum pullistercoris,Agathobaculum pullistercoris_1,393
APPS0076_S666,APPS0076_S666_concoct_83,P48,W6,P48_W6,APPS,2,APPS,6/11/23,PR,concoct,3297204,848,4709,92,Bacteria,Desulfobacterota_I,Desulfovibrionia,Desulfovibrionales,Desulfovibrionaceae,Bilophila,Bilophila wadsworthia,Bilophila wadsworthia_2,45
APPS0076_S666,APPS0076_S666_concoct_87,P48,W6,P48_W6,APPS,2,APPS,6/11/23,PR,concoct,3477068,1517,2433,65,Bacteria,Bacillota,Clostridia,Eubacteriales,Eubacteriaceae,Eubacterium,Eubacterium callanderi,Eubacterium callanderi_1,53